,상호명,지점명,상권업종대분류명,상권업종중분류명,시도명,시군구명,행정동명,위도,경도
8605,스타벅스,춘천명동점,음식,커피점/카페,강원도,춘천시,약사명동,37.8800367182363,127.727566445736
10392,스타벅스,원주터미널점,음식,커피점/카페,강원도,원주시,무실동,37.343851860227,127.931103954128
14450,스타벅스,춘천온의점,음식,커피점/카페,강원도,춘천시,강남동,37.8675326471007,127.72081567455
16562,스타벅스,춘천구봉산R점,음식,커피점/카페,강원도,춘천시,동면,37.8884101606584,127.775945317086
18068,스타벅스,속초DT점,음식,커피점/카페,강원도,속초시,조양동,38.1899069273633,128.584417728286
19019,스타벅스,원주반곡DT점,음식,커피점/카페,강원도,원주시,반곡관설동,37.3198267998095,127.97171064939
19303,스타벅스,강릉송정DT점,음식,커피점/카페,강원도,강릉시,송정동,37.771919740036,128.922960209512
20748,스타벅스,원주단구점,음식,커피점/카페,강원도,원주시,단구동,37.3304614888291,127.949284286612
26226,스타벅스,,음식,커피점/카페,강원도,인제군,기린면,37.9570322610523,128.317843444691
26275,스타벅스,용평리조트점,음식,커피점/카페,강원도,평창군,대관령면,37.6509528563083,128.705541811034
26682,스타벅스,휘닉스파크점,음식,커피점/카페,강원도,평창군,봉평면,37.5737498533882,128.309595918605
27052,스타벅스,,음식,커피점/카페,강원도,원주시,부론면,37.2089529546107,127.749837619204
28010,스타벅스,원주무실점,음식,커피점/카페,강원도,원주시,무실동,37.3331100843841,127.930244824767
34702,스타벅스,,음식,커피점/카페,강원도,평창군,진부면,37.6363752327278,128.559003074354
41689,스타벅스,춘천이마트점,음식,커피점/카페,강원도,춘천시,강남동,37.8639560859478,127.717260445106
44754,스타벅스,,음식,커피점/카페,강원도,원주시,반곡관설동,37.323397048067,127.980826364376
51390,스타벅스,춘천후평DT점,음식,커피점/카페,강원도,춘천시,후평3동,37.8794028368605,127.750531603324
52583,스타벅스,강릉중앙로점,음식,커피점/카페,강원도,강릉시,중앙동,37.7545474684864,128.896189398253
54413,스타벅스,동해DT점,음식,커피점/카페,강원도,동해시,천곡동,37.5201742036767,129.114686884468
55626,스타벅스,,음식,커피점/카페,강원도,인제군,기린면,37.9558684267042,128.31840740442
56997,스타벅스,오션월드2호점,음식,커피점/카페,강원도,홍천군,서면,37.6523237387557,127.687272903554
57404,스타벅스,춘천석사DT점,음식,커피점/카페,강원도,춘천시,석사동,37.8566995076552,127.739266611387
59787,스타벅스,원주명륜DT점,음식,커피점/카페,강원도,원주시,명륜1동,37.3359945650883,127.94983354993
78433,스타벅스,설악쏘라노점,음식,커피점/카페,강원도,속초시,영랑동,38.2105871479139,128.528675853147
81530,스타벅스,강대점,음식,커피점/카페,강원도,춘천시,효자3동,37.8727596024213,127.745086615044
82931,스타벅스,속초중앙로점,음식,커피점/카페,강원도,속초시,금호동,38.2026214250362,128.589463214419
83277,스타벅스,비발디파크점,음식,커피점/카페,강원도,홍천군,서면,37.6481840552354,127.685839715109
84621,스타벅스,강릉강문해변점,음식,커피점/카페,강원도,강릉시,초당동,37.7947771620177,128.918521062936
87421,스타벅스,,음식,커피점/카페,강원도,횡성군,횡성읍,37.4915708446238,127.987919269689
88284,스타벅스,,음식,커피점/카페,강원도,고성군,간성읍,38.3792218504065,128.471025460626
103766,스타벅스,별을내리다,음식,한식,강원도,속초시,조양동,38.1844454081806,128.593722863212
4425,스타벅스,서현역점,음식,커피점/카페,경기도,성남시,서현1동,37.3858542974758,127.124020925831
5983,스타벅스,,음식,커피점/카페,경기도,용인시,중앙동,37.2370225058939,127.205979105561
13002,스타벅스,용인기흥구청점,음식,커피점/카페,경기도,용인시,신갈동,37.2826619109289,127.110727384765
13463,스타벅스,야탑점,음식,커피점/카페,경기도,성남시,야탑1동,37.4121726377379,127.129837212323
18093,스타벅스,,음식,커피점/카페,경기도,화성시,정남면,37.1331773630153,127.025840533407
20458,스타벅스,수원인계점,음식,커피점/카페,경기도,수원시,인계동,37.2655346685802,127.032898389359
20870,스타벅스,백석점,음식,커피점/카페,경기도,고양시,백석2동,37.6439163563375,126.786148315475
25246,스타벅스,수원트레이더스점,음식,커피점/카페,경기도,수원시,영통2동,37.2460629455346,127.048577982515
25796,스타벅스,파주금촌역점,음식,커피점/카페,경기도,파주시,금촌1동,37.7638880211947,126.774225321299
26297,스타벅스,뉴코아야탑점,음식,커피점/카페,경기도,성남시,야탑1동,37.4109297153589,127.12746808049
26735,스타벅스,착한빵,음식,커피점/카페,경기도,광명시,철산2동,37.4810778849794,126.864496132015
36572,스타벅스,수원경희대점,음식,커피점/카페,경기도,수원시,영통3동,37.2479619506647,127.076744923256
36905,스타벅스,동탄점,음식,커피점/카페,경기도,화성시,동탄1동,37.2016084714533,127.073164316156
36976,스타벅스,현대중동점,음식,커피점/카페,경기도,부천시,신중동,37.5043049309835,126.762071535382
37606,스타벅스,안산중앙역점,음식,커피점/카페,경기도,안산시,중앙동,37.3170955951917,126.837702361526
38255,스타벅스,파주프리미엄점,음식,커피점/카페,경기도,파주시,탄현면,37.76892828249,126.696495857132
38391,스타벅스,대화역점,음식,커피점/카페,경기도,고양시,대화동,37.6754062943114,126.748181643883
38409,스타벅스,수내로점,음식,커피점/카페,경기도,성남시,수내1동,37.3803925258856,127.116586795132
39653,스타벅스,안산한양대점,음식,커피점/카페,경기도,안산시,해양동,37.3009356381822,126.838233093351
41471,스타벅스,부천시청역점,음식,커피점/카페,경기도,부천시,신중동,37.5053018204542,126.762620578976
42361,스타벅스,산본동점,음식,커피점/카페,경기도,군포시,광정동,37.3654835167822,126.929426266681
42884,스타벅스,용인보정점,음식,커피점/카페,경기도,용인시,보정동,37.3200273231764,127.110355024154
43081,스타벅스,수원인계DT점,음식,커피점/카페,경기도,수원시,인계동,37.2679270087441,127.027940721346
43564,스타벅스,안산중앙점,음식,커피점/카페,경기도,안산시,중앙동,37.3187256151958,126.837609567194
44259,스타벅스,안산한대앞역점,음식,커피점/카페,경기도,안산시,이동,37.3086405515635,126.851233957869
46073,스타벅스,포천송우점,음식,커피점/카페,경기도,포천시,소흘읍,37.827346390543,127.144579914734
46083,스타벅스,마두역점,음식,커피점/카페,경기도,고양시,장항2동,37.6529188514065,126.776686468284
46103,스타벅스,평택송탄점,음식,커피점/카페,경기도,평택시,서정동,37.0664786242076,127.062970174592
46367,스타벅스,부천신중동역점,음식,커피점/카페,경기도,부천시,신중동,37.5037910259875,126.77413636305
47235,스타벅스,안산트레이더스점,음식,커피점/카페,경기도,안산시,신길동,37.3311723031685,126.784992375155
47646,스타벅스,의정부금오점,음식,커피점/카페,경기도,의정부시,자금동,37.7529105967189,127.070461128642
48227,스타벅스,평내호평역점,음식,커피점/카페,경기도,남양주시,호평동,37.654066088747,127.242879817216
48501,스타벅스,아주대점,음식,커피점/카페,경기도,수원시,우만2동,37.2796407394145,127.043374246075
50245,스타벅스,일산백마점,음식,커피점/카페,경기도,고양시,마두1동,37.6571088791044,126.788064183267
52280,스타벅스,의정부공원점,음식,커피점/카페,경기도,의정부시,의정부1동,37.7400437474708,127.047850561263
54185,스타벅스,하남신장점,음식,커피점/카페,경기도,하남시,덕풍3동,37.5383762366936,127.203971498869
54697,스타벅스,의정부회룡역DT점,음식,커피점/카페,경기도,의정부시,호원1동,37.7223906183123,127.047588816725
56561,스타벅스,용인마북DT점,음식,커피점/카페,경기도,용인시,마북동,37.2946435115567,127.110338230918
57143,스타벅스,김포장기커낼점,음식,커피점/카페,경기도,김포시,장기동,37.6404691768506,126.677533134306
59032,스타벅스,야탑역사거리점,음식,커피점/카페,경기도,성남시,야탑2동,37.409579674211,127.130127013845
61005,스타벅스,고양DT점,음식,커피점/카페,경기도,고양시,고양동,37.7096413613079,126.905418416025
66832,스타벅스,파주운정점,음식,커피점/카페,경기도,파주시,운정3동,37.7120285598793,126.744458195993
68553,스타벅스,시흥은계점,음식,커피점/카페,경기도,시흥시,은행동,37.4375040599472,126.80161510313
73126,스타벅스,하남황산사거리점,음식,커피점/카페,경기도,하남시,풍산동,37.550771245237,127.186263806638
75308,스타벅스,이천하이닉스점,음식,커피점/카페,경기도,이천시,부발읍,37.2525713739598,127.489955928476
76232,스타벅스,고양행신점,음식,커피점/카페,경기도,고양시,행신1동,37.6237595430606,126.834292066287
76647,스타벅스,의왕청계DT점,음식,커피점/카페,경기도,의왕시,청계동,37.3883978948056,126.998358792418
76996,스타벅스,화성봉담DT점,음식,커피점/카페,경기도,화성시,기배동,37.2285951364126,126.971492931117
77438,스타벅스,다산진건점,음식,커피점/카페,경기도,남양주시,다산1동,37.6248606163287,127.152400027964
77506,스타벅스,판교알파돔타워점,음식,커피점/카페,경기도,성남시,백현동,37.3942493822072,127.110348166109
77767,스타벅스,화정점,음식,커피점/카페,경기도,고양시,화정2동,37.6335343546782,126.831431603842
78194,스타벅스,오산세교점,음식,커피점/카페,경기도,오산시,신장동,37.1766534158679,127.045485153427
78197,스타벅스,풍무사거리DT점,음식,커피점/카페,경기도,김포시,풍무동,37.6078103632574,126.722768301406
78545,스타벅스,스타필드안성R점,음식,커피점/카페,경기도,안성시,공도읍,36.9947182015478,127.151131091357
78980,스타벅스,양주고읍DT점,음식,커피점/카페,경기도,양주시,양주2동,37.803482214742,127.079332415446
79570,스타벅스,안양1번가점,음식,커피점/카페,경기도,안양시,안양1동,37.3991853857898,126.923695169155
79680,스타벅스,소노캄고양점,음식,커피점/카페,경기도,고양시,장항1동,37.6625136172564,126.749950944886
80401,스타벅스,화성반월DT점,음식,커피점/카페,경기도,화성시,반월동,37.2201222403013,127.057827888093
81040,스타벅스,삼송역점,음식,커피점/카페,경기도,고양시,삼송1동,37.6526371741441,126.89610173445
81075,스타벅스,김포구래점,음식,커피점/카페,경기도,김포시,구래동,37.6463254311616,126.629361726868
81096,스타벅스,더양평DTR점,음식,커피점/카페,경기도,양평군,양평읍,37.4972206997182,127.48191822273
81709,스타벅스,호계지식산업센터점,음식,커피점/카페,경기도,안양시,호계1동,37.3728752276558,126.948842280188
82003,스타벅스,원흥역점,음식,커피점/카페,경기도,고양시,흥도동,37.6486149486124,126.876624994481
82004,스타벅스,수원연무DT점,음식,커피점/카페,경기도,수원시,연무동,37.292217553696,127.028699727882
82008,스타벅스,평촌역DT점,음식,커피점/카페,경기도,안양시,관양2동,37.3967018520102,126.971662236059
82627,스타벅스,화성시청점,음식,커피점/카페,경기도,화성시,남양읍,37.2008772764513,126.826070718073
82628,스타벅스,김포아이앤씨점,음식,커피점/카페,경기도,김포시,장기동,37.6388007344744,126.680610544303
82629,스타벅스,안성공도DT점,음식,커피점/카페,경기도,안성시,공도읍,37.0094359005539,127.20075675304
82631,스타벅스,화성봉담점,음식,커피점/카페,경기도,화성시,봉담읍,37.2190205410865,126.955476733743
82658,스타벅스,동탄호수공원점,음식,커피점/카페,경기도,화성시,동탄7동,37.1720196453006,127.1040757036
84543,스타벅스,용인에버랜드R점,음식,커피점/카페,경기도,용인시,포곡읍,37.2940633153241,127.202120421716
85214,스타벅스,경기광주송정DT점,음식,커피점/카페,경기도,광주시,송정동,37.4162727162846,127.2725626313
85817,스타벅스,의정부이마트,음식,커피점/카페,경기도,의정부시,송산3동,37.7431743927516,127.102341848568
85937,스타벅스,경기광주쌍령DT점,음식,커피점/카페,경기도,광주시,쌍령동,37.3987778339179,127.273240012944
86457,스타벅스,김포석모DT점,음식,커피점/카페,경기도,김포시,양촌읍,37.6510698781026,126.65012549723
86622,스타벅스,수원호매실점,음식,커피점/카페,경기도,수원시,금곡동,37.2761102655732,126.939916976915
87340,스타벅스,평택안중DT점,음식,커피점/카페,경기도,평택시,안중읍,36.9908605985015,126.913389707026
87341,스타벅스,안양역R점,음식,커피점/카페,경기도,안양시,안양1동,37.4010978163784,126.922944962751
87342,스타벅스,북오산ICDT점,음식,한식,경기도,오산시,세마동,37.1897540480466,127.058824795556
87983,스타벅스,미사역효성점,음식,커피점/카페,경기도,하남시,미사1동,37.5668450983833,127.190050915583
88008,스타벅스,수원경수인계DT점,음식,커피점/카페,경기도,수원시,인계동,37.2704287171542,127.027536480672
88009,스타벅스,시흥대야DT점,음식,커피점/카페,경기도,시흥시,대야동,37.4417135512652,126.78763697534
88011,스타벅스,풍무역DT점,음식,커피점/카페,경기도,김포시,풍무동,37.6103473898903,126.7374826529
88012,스타벅스,스타필드부천점,음식,커피점/카페,경기도,부천시,범안동,37.4614605704328,126.813892827908
88013,스타벅스,용인김량장DT점,음식,커피점/카페,경기도,용인시,중앙동,37.2395761661366,127.210550759908
88734,스타벅스,평택비전점,음식,커피점/카페,경기도,평택시,비전1동,36.9988635930783,127.114155592729
88736,스타벅스,하남미사DT점,음식,커피점/카페,경기도,하남시,미사1동,37.5599676136563,127.185767645473
88737,스타벅스,남한산성입구역점,음식,커피점/카페,경기도,성남시,금광2동,37.4496550922945,127.159421566526
88738,스타벅스,양주옥정타운점,음식,커피점/카페,경기도,양주시,회천4동,37.8185440058382,127.094035791667
89441,스타벅스,광명역점,음식,커피점/카페,경기도,광명시,일직동,37.4170606218189,126.880804646319
89469,스타벅스,남양주연평DT점,음식,커피점/카페,경기도,남양주시,진접읍,37.7115486192413,127.18551828554
89470,스타벅스,용인상하DT점,음식,커피점/카페,경기도,용인시,상하동,37.2596645676537,127.142293378378
90251,스타벅스,부천상동역점,음식,커피점/카페,경기도,부천시,상동,37.5063838048755,126.75412001693
90252,스타벅스,다산지금점,음식,커피점/카페,경기도,남양주시,다산2동,37.600552505865,127.174306419158
90916,스타벅스,철산역점,음식,커피점/카페,경기도,광명시,철산3동,37.4764410888137,126.867686714737
90943,스타벅스,양주송추DT점,음식,커피점/카페,경기도,양주시,장흥면,37.7175756315175,126.973107141302
91687,스타벅스,지행역점,음식,커피점/카페,경기도,동두천시,송내동,37.8926837684755,127.053448642822
91709,스타벅스,판교유스페이스점,음식,커피점/카페,경기도,성남시,삼평동,37.40206570525,127.106099242447
92147,스타벅스,수원영통점,음식,커피점/카페,경기도,수원시,영통3동,37.2555211345615,127.074307905351
92405,스타벅스,하남덕풍점,음식,커피점/카페,경기도,하남시,덕풍3동,37.5522423254649,127.209154638358
93389,스타벅스,원당DT점,음식,커피점/카페,경기도,고양시,성사1동,37.6582109691828,126.837584262633
93406,스타벅스,분당궁내DT점,음식,커피점/카페,경기도,성남시,금곡동,37.3703985499096,127.102094538024
93829,스타벅스,미금역사거리점,음식,커피점/카페,경기도,성남시,구미1동,37.3492788002539,127.108260500088
94626,스타벅스,역곡역DT점,음식,커피점/카페,경기도,부천시,범안동,37.4835078586476,126.809292973457
94835,스타벅스,,음식,커피점/카페,경기도,김포시,장기동,37.6441450727534,126.669502241025
96442,스타벅스,수지동천점,음식,커피점/카페,경기도,용인시,동천동,37.3359645416191,127.090993898199
96917,스타벅스,김포시청점,음식,커피점/카페,경기도,김포시,사우동,37.6184166524856,126.717908744303
97013,스타벅스,죽전이마트점,음식,커피점/카페,경기도,용인시,죽전2동,37.3253227844391,127.109965378981
97206,스타벅스,김포운양점,음식,커피점/카페,경기도,김포시,운양동,37.6542925703564,126.684155535897
97783,스타벅스,광명철산점,음식,커피점/카페,경기도,광명시,철산3동,37.4752337731782,126.865816880901
100048,스타벅스,일산식사점,음식,일식/수산물,경기도,고양시,식사동,37.6779239733226,126.812144071534
100175,스타벅스,오리역점,음식,커피점/카페,경기도,성남시,구미동,37.3386541002106,127.1093341034
100832,스타벅스,서현미래에셋빌딩점,음식,커피점/카페,경기도,성남시,서현1동,37.3879933232474,127.123273300056
102787,스타벅스,분당서울대병원1층점,음식,커피점/카페,경기도,성남시,구미동,37.3520220371583,127.124470630558
106076,스타벅스,죽전단국대점,음식,커피점/카페,경기도,용인시,죽전3동,37.3244068026927,127.124881388273
106078,스타벅스,화성향남점,음식,커피점/카페,경기도,화성시,향남읍,37.1317079829751,126.922678436687
106675,스타벅스,롯데백화점중동점,음식,커피점/카페,경기도,부천시,신중동,37.5025326300427,126.775299219556
112471,스타벅스,성남이마트점,음식,커피점/카페,경기도,성남시,태평4동,37.4442813117988,127.141399637783
113391,스타벅스,일산덕이DT점,음식,커피점/카페,경기도,고양시,덕이동,37.6918973851795,126.756952485389
122815,스타벅스,분당이매점,음식,커피점/카페,경기도,성남시,이매2동,37.3950060790646,127.122378467301
128179,스타벅스,풍산이마트,음식,커피점/카페,경기도,고양시,중산2동,37.6738400054866,126.787123286945
130858,스타벅스,수지성복DT점,음식,커피점/카페,경기도,용인시,성복동,37.3140579753161,127.079186323404
133426,스타벅스,여주첼시점,음식,커피점/카페,경기도,여주시,여흥동,37.2459435784652,127.612378861566
135009,스타벅스,마장휴게소하남방면,음식,커피점/카페,경기도,이천시,마장면,37.262744409998,127.408475710454
137270,스타벅스,고잔이마트점,음식,커피점/카페,경기도,안산시,초지동,37.3031525784688,126.812841950909
140231,스타벅스,정자동점,음식,커피점/카페,경기도,성남시,정자동,37.3631809101417,127.11404535918
141614,스타벅스,이천터미널점,음식,커피점/카페,경기도,이천시,중리동,37.2782193804472,127.446334174098
142588,스타벅스,용인동백DT점,음식,커피점/카페,경기도,용인시,상하동,37.2746059227893,127.141210551309
146137,스타벅스,남양주화도DT점,음식,커피점/카페,경기도,남양주시,화도읍,37.6387610966643,127.303462130371
147590,스타벅스,현대킨텍스점,음식,커피점/카페,경기도,고양시,송포동,37.6679823561386,126.751616105658
148461,스타벅스,판교알파돔시티점,음식,커피점/카페,경기도,성남시,백현동,37.3944954453512,127.10832367334
148665,스타벅스,,음식,커피점/카페,경기도,포천시,이동면,38.0364656905245,127.36782405858
148715,스타벅스,파주운정이마트점,음식,커피점/카페,경기도,파주시,운정3동,37.7103774138298,126.745087140716
151534,스타벅스,수원망포DT점,음식,커피점/카페,경기도,수원시,영통2동,37.2458777783015,127.051330555461
166667,스타벅스,오산아이씨디티점,음식,커피점/카페,경기도,오산시,대원동,37.1423083369148,127.076848689491
172076,스타벅스,판교유스페이스점,음식,커피점/카페,경기도,성남시,삼평동,37.4002514151639,127.106877533338
174794,스타벅스,평촌호계점,음식,커피점/카페,경기도,안양시,신촌동,37.3829997169345,126.959654114481
176449,스타벅스,판교하이펙스,음식,커피점/카페,경기도,성남시,삼평동,37.4012785075306,127.11044579092
177132,스타벅스,,음식,커피점/카페,경기도,광주시,경안동,37.4115644321224,127.257324070344
178372,스타벅스,,음식,커피점/카페,경기도,화성시,남양읍,37.2077726462693,126.816320556756
178758,스타벅스,범계로데오점,음식,커피점/카페,경기도,안양시,범계동,37.391456612415,126.955099032598
181238,스타벅스,킨텍스이마트점,음식,커피점/카페,경기도,고양시,송포동,37.6638372585883,126.742244215322
181965,스타벅스,부천중동점,음식,커피점/카페,경기도,부천시,신중동,37.4979912682125,126.777024513246
187448,스타벅스,안양비산DT점,음식,커피점/카페,경기도,안양시,비산2동,37.3925281637662,126.94285348097
189814,스타벅스,별내중앙로점,음식,커피점/카페,경기도,남양주시,별내동,37.6503994974774,127.1124236677
191000,스타벅스,산본역서부사거리점,음식,커피점/카페,경기도,군포시,광정동,37.3577994905291,126.930652944719
193206,스타벅스,파주야당DT점,음식,커피점/카페,경기도,파주시,운정3동,37.7034676709912,126.759651014516
199426,스타벅스,광명소하점,음식,커피점/카페,경기도,광명시,소하1동,37.4484389191312,126.88404427355
200154,스타벅스,고양삼송점,음식,커피점/카페,경기도,고양시,원신동,37.6637010082197,126.891222853699
201318,스타벅스,평촌아크로타워점,음식,커피점/카페,경기도,안양시,부림동,37.3923069653536,126.956498892065
202636,스타벅스,수내점,음식,커피점/카페,경기도,성남시,수내1동,37.3795278512968,127.114225716887
203244,스타벅스,분당이마트점,음식,커피점/카페,경기도,성남시,정자3동,37.3587901131149,127.119741184902
204352,스타벅스,안양역점,음식,커피점/카페,경기도,안양시,안양1동,37.400315800541,126.922165542127
204395,스타벅스,동탄역점,음식,커피점/카페,경기도,화성시,동탄6동,37.197954362766,127.098249744322
204751,스타벅스,야탑터미널점,음식,커피점/카페,경기도,성남시,야탑1동,37.4130817655764,127.12726237331
204804,스타벅스,판교브릿지타워점,음식,커피점/카페,경기도,성남시,삼평동,37.4028789753799,127.099278683706
205411,스타벅스,하남시청점,음식,커피점/카페,경기도,하남시,신장2동,37.5405199102917,127.215966129307
205822,스타벅스,부천심곡DT점,음식,커피점/카페,경기도,부천시,심곡동,37.4929581769831,126.784366499272
208172,스타벅스,하남미사,음식,커피점/카페,경기도,하남시,미사2동,37.5696188685699,127.183296667934
210623,스타벅스,수원권선DT점,음식,커피점/카페,경기도,수원시,평동,37.246668948945,126.964022284632
212270,스타벅스,일산가구단지점,음식,커피점/카페,경기도,고양시,덕이동,37.6996561799796,126.757061064353
213493,스타벅스,광명소하디티점,음식,커피점/카페,경기도,광명시,소하2동,37.4348676964553,126.879138379837
218809,스타벅스,리버사이드팔당DT점,음식,커피점/카페,경기도,남양주시,와부읍,37.5671108241735,127.228377082264
220717,스타벅스,수원천천점,음식,커피점/카페,경기도,수원시,정자3동,37.2972915384411,126.982683330067
224031,스타벅스,수원KBSDT점,음식,커피점/카페,경기도,수원시,인계동,37.2711582724272,127.035205541405
224858,스타벅스,용인중부대로점,음식,커피점/카페,경기도,용인시,영덕1동,37.2670952709518,127.074831448715
237301,스타벅스,포천DT점,음식,커피점/카페,경기도,포천시,선단동,37.848435472791,127.161619001505
237699,스타벅스,구리인창점,음식,커피점/카페,경기도,구리시,동구동,37.6069309398692,127.138865274352
237848,스타벅스,이천사음DT점,음식,커피점/카페,경기도,이천시,관고동,37.299218655867,127.407942048431
238567,스타벅스,일산풍동DT점,음식,커피점/카페,경기도,고양시,풍산동,37.6622917620274,126.800605922277
244130,스타벅스,정자역점,음식,커피점/카페,경기도,성남시,정자1동,37.3668022303884,127.10672097855
245625,스타벅스,별내점,음식,커피점/카페,경기도,남양주시,별내동,37.6479764250471,127.123365273643
249815,스타벅스,시화로데오점,음식,커피점/카페,경기도,시흥시,정왕1동,37.3446575868247,126.737328946759
252978,스타벅스,스타필드고양3F잇토피아점,음식,커피점/카페,경기도,고양시,창릉동,37.6469683962868,126.894995813546
256720,스타벅스,수원망포역점,음식,커피점/카페,경기도,수원시,망포2동,37.2451745362739,127.055791571606
260852,스타벅스,평내DT점,음식,커피점/카페,경기도,남양주시,평내동,37.6477597951102,127.23466006379
265011,스타벅스,양주고읍점,음식,커피점/카페,경기도,양주시,양주2동,37.7946593968748,127.079089929697
272394,스타벅스,수지풍덕천점,음식,커피점/카페,경기도,용인시,풍덕천2동,37.3222016808726,127.095266677789
275157,스타벅스,일산후곡점,음식,커피점/카페,경기도,고양시,일산3동,37.6774214943807,126.76756668708
277234,스타벅스,오산갈곶DT점,음식,커피점/카페,경기도,오산시,대원동,37.1290004780866,127.071281992945
277851,스타벅스,킨텍스이마트점,음식,커피점/카페,경기도,고양시,송포동,37.6615679464144,126.744050574903
278540,스타벅스,의정부예술의전당DT점,음식,커피점/카페,경기도,의정부시,의정부2동,37.7330689968468,127.038863921215
278846,스타벅스,스타필드위례1FR점,음식,커피점/카페,경기도,하남시,위례동,37.480579915823,127.148119029102
279139,스타벅스,광교역점,음식,커피점/카페,경기도,수원시,광교1동,37.3005060673733,127.044012406176
279140,스타벅스,여주DT점,음식,커피점/카페,경기도,여주시,여흥동,37.2660940723368,127.638467112966
279459,스타벅스,산본사거리점,음식,커피점/카페,경기도,군포시,산본1동,37.3723972237098,126.935695744982
280014,스타벅스,광명하안대로점,음식,커피점/카페,경기도,광명시,하안3동,37.4614320793068,126.878335025836
280026,스타벅스,경기광주신현DT점,음식,커피점/카페,경기도,광주시,오포읍,37.3598632032173,127.153176765134
280027,스타벅스,안성석정DT점,음식,커피점/카페,경기도,안성시,안성2동,37.0103555130182,127.262054891305
280028,스타벅스,광교법조타운점,음식,커피점/카페,경기도,수원시,광교2동,37.2914677358887,127.066536764026
280922,스타벅스,과천DT점,음식,커피점/카페,경기도,과천시,중앙동,37.4392963584372,126.993793433212
281208,스타벅스,양주광사DT점,음식,커피점/카페,경기도,양주시,양주2동,37.7907359067247,127.072825917596
281802,스타벅스,일산가로수길R점,음식,커피점/카페,경기도,고양시,송포동,37.6660508902834,126.756420267321
282482,스타벅스,광교신대역점,음식,커피점/카페,경기도,용인시,상현3동,37.2990124975391,127.069161875958
284400,스타벅스,동탄이마트점,음식,커피점/카페,경기도,화성시,동탄1동,37.214365058365,127.079712051976
285821,스타벅스,,음식,커피점/카페,경기도,안성시,일죽면,37.0938884955922,127.478894702405
290648,스타벅스,동탄센트럴파크점,음식,커피점/카페,경기도,화성시,동탄1동,37.2083200344297,127.063787852902
295199,스타벅스,수원매산점,음식,커피점/카페,경기도,수원시,매산동,37.2674378523607,127.002714278259
296609,스타벅스,,음식,커피점/카페,경기도,화성시,봉담읍,37.2160897062933,126.977938443448
297449,스타벅스,송내역점,음식,커피점/카페,경기도,부천시,상동,37.4883289485642,126.75258813734
300957,스타벅스,수원이비스점,음식,커피점/카페,경기도,수원시,인계동,37.259213962314,127.031299460495
302301,스타벅스,안산문화광장점,음식,커피점/카페,경기도,안산시,호수동,37.3101607176247,126.830724740564
303279,스타벅스,판교봇들마을점,음식,커피점/카페,경기도,성남시,삼평동,37.4037055404319,127.115669346422
310746,스타벅스,,음식,커피점/카페,경기도,의정부시,신곡1동,37.72680933934,127.063799541773
310747,스타벅스,동탄능동DT점,음식,커피점/카페,경기도,화성시,진안동,37.2120317344985,127.053478244304
310764,스타벅스,일산애니골DT점,음식,커피점/카페,경기도,고양시,풍산동,37.6743940871058,126.792827495548
312576,스타벅스,북수원ICDT점,음식,커피점/카페,경기도,수원시,파장동,37.3078966516769,126.998457526284
314093,스타벅스,판교아비뉴프랑R점,음식,커피점/카페,경기도,성남시,삼평동,37.3973100809843,127.113553422281
317168,스타벅스,구리돌다리점,음식,커피점/카페,경기도,구리시,수택1동,37.6006098780667,127.141927905487
321266,스타벅스,의정부민락점,음식,커피점/카페,경기도,의정부시,송산3동,37.7454451550529,127.094121969202
322225,스타벅스,동국대일산병원점,음식,커피점/카페,경기도,고양시,식사동,37.6764247389806,126.805547693505
322855,스타벅스,영통R점,음식,커피점/카페,경기도,수원시,영통2동,37.2451238868551,127.061890026361
325029,스타벅스,양주덕정역DT점,음식,커피점/카페,경기도,양주시,회천1동,37.8382492198488,127.062960869063
327183,스타벅스,공인중개사사무소,음식,커피점/카페,경기도,고양시,송포동,37.6658300573043,126.750870082513
332110,스타벅스,경기양평점,음식,커피점/카페,경기도,양평군,양평읍,37.491045101379,127.49999798868
337859,스타벅스,수지이마트점,음식,커피점/카페,경기도,용인시,신봉동,37.3197308227252,127.083314226046
338013,스타벅스,수원금곡점,음식,커피점/카페,경기도,수원시,금곡동,37.2749926905525,126.954072428328
338145,스타벅스,기흥역AKR점,음식,커피점/카페,경기도,용인시,구갈동,37.2751064383306,127.118585368335
343552,스타벅스,신흥역점,음식,커피점/카페,경기도,성남시,신흥3동,37.4413171690752,127.146428474116
349237,스타벅스,의정부장암DT,음식,커피점/카페,경기도,의정부시,장암동,37.6991738362124,127.054633095912
355519,스타벅스,,음식,커피점/카페,경기도,양평군,양동면,37.419659012171,127.753329976084
356416,스타벅스,부천중동DT점,음식,커피점/카페,경기도,부천시,중동,37.4963358074973,126.764272605521
356726,스타벅스,수원광교점,음식,커피점/카페,경기도,수원시,광교1동,37.2901203396923,127.051203913339
361597,스타벅스,,음식,커피점/카페,경기도,포천시,소흘읍,37.8278316020215,127.146880298384
362399,스타벅스,분당율동공원점,음식,커피점/카페,경기도,성남시,서현1동,37.3838720692187,127.149970868897
362592,스타벅스,범계역점,음식,커피점/카페,경기도,안양시,범계동,37.3899157174095,126.95000471725
362939,스타벅스,산본역점,음식,커피점/카페,경기도,군포시,광정동,37.3583097992139,126.93228249093
364015,스타벅스,시흥대야점,음식,커피점/카페,경기도,시흥시,대야동,37.443935024263,126.790754078513
364056,스타벅스,광명하안점,음식,커피점/카페,경기도,광명시,하안3동,37.4625983274528,126.880646185624
365589,스타벅스,오산시청점,음식,커피점/카페,경기도,오산시,대원동,37.1485504490323,127.07420621303
365793,스타벅스,화정역,음식,커피점/카페,경기도,고양시,화정2동,37.6336102001311,126.832721991985
367099,스타벅스,성남위례점,음식,커피점/카페,경기도,성남시,위례동,37.4735269906353,127.140986060711
368581,스타벅스,분당구청점,음식,커피점/카페,경기도,성남시,서현1동,37.3840602572395,127.120258905034
374093,스타벅스,,음식,커피점/카페,경기도,화성시,향남읍,37.1307206866456,126.909311116533
374173,스타벅스,수원성균관대점,음식,커피점/카페,경기도,수원시,율천동,37.298961539019,126.971561958825
375882,스타벅스,수내역,음식,커피점/카페,경기도,성남시,수내1동,37.3777495836705,127.11380627139
377886,스타벅스,산본점,음식,커피점/카페,경기도,군포시,광정동,37.3606116540182,126.931741895775
378068,스타벅스,파주야당역점,음식,커피점/카페,경기도,파주시,운정3동,37.7122880186197,126.759606065006
378102,스타벅스,주엽강선점,음식,커피점/카페,경기도,고양시,주엽1동,37.6671098091174,126.765447632998
379222,스타벅스,용인보정DT점,음식,커피점/카페,경기도,용인시,보정동,37.3218479834881,127.10444389745
379269,스타벅스,안양범계점,음식,커피점/카페,경기도,안양시,범계동,37.3917150172623,126.953751553286
379454,스타벅스,백석역점,음식,커피점/카페,경기도,고양시,백석1동,37.6439740997683,126.787382470059
379863,스타벅스,용인언남점,음식,커피점/카페,경기도,용인시,구성동,37.292577250292,127.122035828397
379880,스타벅스,동탄영천점,음식,커피점/카페,경기도,화성시,동탄5동,37.2067854708995,127.111404436733
379922,스타벅스,라페스타광장점,음식,커피점/카페,경기도,고양시,장항2동,37.6596805435647,126.770149415182
381524,스타벅스,구리갈매역점,음식,커피점/카페,경기도,구리시,갈매동,37.6338105222587,127.11831995955
382121,스타벅스,수원세류DT점,음식,커피점/카페,경기도,수원시,세류3동,37.2627786705591,127.01124247424
382185,스타벅스,평택죽백DT점,음식,커피점/카페,경기도,평택시,비전1동,37.0137991662054,127.113454122147
382188,스타벅스,시흥대야동점,음식,커피점/카페,경기도,시흥시,대야동,37.4416219197364,126.791887458561
383887,스타벅스,안양운동장사거리DT점,음식,커피점/카페,경기도,안양시,비산3동,37.401190132214,126.949226219532
386299,스타벅스,의정부민락타운점,음식,커피점/카페,경기도,의정부시,송산3동,37.7439709658246,127.099279975048
386363,스타벅스,평촌로데오점,음식,커피점/카페,경기도,안양시,부림동,37.3929296814883,126.960702698023
386836,스타벅스,부천옥길점,음식,커피점/카페,경기도,부천시,범안동,37.4674054983577,126.823611171998
389434,스타벅스,,음식,커피점/카페,경기도,오산시,중앙동,37.1533444946395,127.068473855427
391004,스타벅스,동백이마트점,음식,커피점/카페,경기도,용인시,동백2동,37.2779877996121,127.151591491987
391090,스타벅스,광교이마트점,음식,커피점/카페,경기도,수원시,광교1동,37.2963396380531,127.046941286326
391999,스타벅스,,음식,커피점/카페,경기도,고양시,주엽1동,37.6693243905206,126.757544478099
392930,스타벅스,평택로데오점,음식,커피점/카페,경기도,평택시,신평동,36.9919560649725,127.088521198318
393478,스타벅스,부천상동점,음식,커피점/카페,경기도,부천시,상동,37.5052123044618,126.752397733593
394367,스타벅스,수원권선점,음식,커피점/카페,경기도,수원시,권선2동,37.2467148804132,127.030084343639
395145,스타벅스,일산탄현동점,음식,커피점/카페,경기도,고양시,탄현1동,37.6952020122779,126.764471702746
395593,스타벅스,동탄광장점,음식,커피점/카페,경기도,화성시,동탄1동,37.2046093112292,127.072034880212
396655,스타벅스,주엽사거리점,음식,커피점/카페,경기도,고양시,주엽2동,37.6715467476635,126.758958342147
397654,스타벅스,서현점,음식,커피점/카페,경기도,성남시,서현1동,37.3858864374515,127.125928982599
400952,스타벅스,,음식,커피점/카페,경기도,포천시,선단동,37.8552935068402,127.159279950784
402542,스타벅스,일산주엽점,음식,커피점/카페,경기도,고양시,주엽1동,37.669900737663,126.762658313189
404068,스타벅스,판교역로점,음식,커피점/카페,경기도,성남시,삼평동,37.3973749804186,127.111395465133
405674,스타벅스,수원이마트점,음식,커피점/카페,경기도,수원시,권선2동,37.2501017782401,127.020087664145
409370,스타벅스,죽전점,음식,커피점/카페,경기도,용인시,죽전1동,37.3314974163333,127.124754010398
412618,스타벅스,강남대점,음식,커피점/카페,경기도,용인시,구갈동,37.2709903107511,127.126131428473
413330,스타벅스,정자상떼뷰점,음식,커피점/카페,경기도,성남시,정자1동,37.3702988413496,127.105584378021
413365,스타벅스,김포장기점,음식,커피점/카페,경기도,김포시,장기본동,37.6441906147977,126.667949076129
414320,스타벅스,미금역점,음식,커피점/카페,경기도,성남시,금곡동,37.3503479964361,127.106656365948
414358,스타벅스,단대오거리역점,음식,커피점/카페,경기도,성남시,중앙동,37.4433580851162,127.154576016315
417454,스타벅스,신중동점,음식,커피점/카페,경기도,부천시,신중동,37.5003101600795,126.776466459606
417456,스타벅스,부천중동센트럴점,음식,커피점/카페,경기도,부천시,신중동,37.5022213751703,126.76789647928
418466,스타벅스,오산수청DT점,음식,커피점/카페,경기도,오산시,신장동,37.163016038813,127.066519932421
419332,스타벅스,평택대DT점,음식,커피점/카페,경기도,평택시,용이동,36.9933915403533,127.134631568288
419480,스타벅스,시흥목감DT점,음식,커피점/카페,경기도,시흥시,목감동,37.3779654447874,126.849996722261
423801,스타벅스,,음식,커피점/카페,경기도,가평군,조종면,37.8190635184125,127.34841991319
426042,스타벅스,K비즈리움점,음식,커피점/카페,경기도,안양시,평촌동,37.3940887121292,126.974769793188
426513,스타벅스,의왕내손점,음식,커피점/카페,경기도,의왕시,내손2동,37.389069748544,126.976848270307
427462,스타벅스,하남풍산역,음식,커피점/카페,경기도,하남시,덕풍3동,37.5535453685725,127.205949248007
428071,스타벅스,화정호국로점,음식,커피점/카페,경기도,고양시,화정1동,37.6417065042228,126.829603970996
430487,스타벅스,수원세류역DT점,음식,커피점/카페,경기도,수원시,세류2동,37.2437883598676,127.017216369382
431673,스타벅스,화성향남2지구점,음식,커피점/카페,경기도,화성시,향남읍,37.1163715328762,126.910878494139
433185,스타벅스,곤지암ICDT,음식,커피점/카페,경기도,광주시,곤지암읍,37.3556708042521,127.32512949522
433922,스타벅스,안성계동DT점,음식,커피점/카페,경기도,안성시,안성2동,36.9859309317243,127.267300875334
434458,스타벅스,양주옥정공원점,음식,커피점/카페,경기도,양주시,회천4동,37.8212112715102,127.097592469025
434928,스타벅스,용인마평DT점,음식,커피점/카페,경기도,용인시,동부동,37.2336249297034,127.216743588534
436184,스타벅스,수지성복역점,음식,커피점/카페,경기도,용인시,성복동,37.3127769134343,127.080149595055
436907,스타벅스,안양이마트점,음식,커피점/카페,경기도,안양시,비산2동,37.3983626170864,126.935328655428
437354,스타벅스,파주산내점,음식,커피점/카페,경기도,파주시,운정2동,37.7286206595118,126.735624737433
463984,스타벅스,,음식,커피점/카페,경기도,수원시,망포2동,37.2431704514851,127.045221746023
485499,스타벅스,,음식,커피점/카페,경기도,광주시,오포읍,37.3682861505099,127.160454394345
501347,스타벅스,구리장자호수점,음식,커피점/카페,경기도,구리시,수택3동,37.5872857783088,127.139782341031
550257,스타벅스,,음식,커피점/카페,경기도,여주시,중앙동,37.2952533145386,127.632315799128
252,스타벅스,경남과기대점,음식,커피점/카페,경상남도,진주시,천전동,35.1787764686924,128.094704373482
2557,스타벅스,거제대명리조트점,음식,커피점/카페,경상남도,거제시,일운면,34.8434854746981,128.702559175529
5035,스타벅스,,음식,커피점/카페,경상남도,진주시,상평동,35.175829759115,128.104450203443
11610,스타벅스,김해삼계점,음식,커피점/카페,경상남도,김해시,북부동,35.2615443861886,128.871703114334
12414,스타벅스,김해내동점,음식,커피점/카페,경상남도,김해시,내외동,35.237173578877,128.8675310181
12715,스타벅스,경남대점,음식,커피점/카페,경상남도,창원시,월영동,35.1784537621347,128.558650771826
12930,스타벅스,진주경상대점,음식,커피점/카페,경상남도,진주시,가호동,35.1524362314855,128.105693486615
13053,스타벅스,김해대로DT점,음식,커피점/카페,경상남도,김해시,활천동,35.2279396663375,128.896478282159
14817,스타벅스,창원상남중앙점,음식,커피점/카페,경상남도,창원시,상남동,35.2226896237272,128.68447905406
15959,스타벅스,진주중안점,음식,커피점/카페,경상남도,진주시,성북동,35.1929376677726,128.082992898389
23677,스타벅스,남양산ICDT점,음식,커피점/카페,경상남도,양산시,동면,35.31997686094,129.030434514687
24643,스타벅스,김해진영DT점,음식,커피점/카페,경상남도,김해시,진영읍,35.306036244333,128.731771062781
25148,스타벅스,창원유니시티점,음식,커피점/카페,경상남도,창원시,의창동,35.2566339171314,128.625025214653
26338,스타벅스,,음식,커피점/카페,경상남도,산청군,시천면,35.2770627301114,127.83967108862
26841,스타벅스,창원상남로점,음식,커피점/카페,경상남도,창원시,상남동,35.221265583767,128.681248569203
26842,스타벅스,경남사천DT점,음식,커피점/카페,경상남도,사천시,사천읍,35.0810495900199,128.083614169138
27583,스타벅스,밀양DT점,음식,커피점/카페,경상남도,밀양시,삼문동,35.4853105980529,128.751168567115
27879,스타벅스,창원상남동점,음식,커피점/카페,경상남도,창원시,상남동,35.2244862684373,128.683977836907
28474,스타벅스,신세계마산점,음식,커피점/카페,경상남도,창원시,산호동,35.2195977051254,128.586613716382
29852,스타벅스,디큐브거제백화점,음식,커피점/카페,경상남도,거제시,장평동,34.8910632214228,128.616434570126
30132,스타벅스,진해용원점,음식,커피점/카페,경상남도,창원시,웅동2동,35.1011080689809,128.809906623197
31096,스타벅스,마산터미널점,음식,커피점/카페,경상남도,창원시,합성2동,35.2381468860574,128.58329729319
34892,스타벅스,미스리,음식,커피점/카페,경상남도,밀양시,내이동,35.4915850693331,128.751017552609
39721,스타벅스,창원마창대교점,음식,커피점/카페,경상남도,창원시,웅남동,35.1706251253777,128.597327600716
41381,스타벅스,양산덕계DT점,음식,커피점/카페,경상남도,양산시,덕계동,35.376252611648,129.155608371758
43179,스타벅스,진해자은DT점,음식,커피점/카페,경상남도,창원시,덕산동,35.1438130289865,128.70688607082
44482,스타벅스,,음식,커피점/카페,경상남도,밀양시,단장면,35.5151849884502,128.860038417546
47269,스타벅스,김해이마트점,음식,커피점/카페,경상남도,김해시,내외동,35.2297680278418,128.872000267904
49470,스타벅스,,음식,커피점/카페,경상남도,창원시,합성2동,35.2403037972809,128.584642208319
57993,스타벅스,창원용지호수점,음식,커피점/카페,경상남도,창원시,용지동,35.2298525521455,128.681869634408
60036,스타벅스,양산이마트점,음식,커피점/카페,경상남도,양산시,양주동,35.3368758889141,129.026391983595
64966,스타벅스,창원호계DT점,음식,커피점/카페,경상남도,창원시,내서읍,35.2615708671292,128.522996643292
71221,스타벅스,창원역DT,음식,커피점/카페,경상남도,창원시,팔룡동,35.2569916580028,128.607884175072
74032,스타벅스,,음식,커피점/카페,경상남도,창녕군,영산면,35.4563159972849,128.529828301277
74209,스타벅스,경남남양산점,음식,커피점/카페,경상남도,양산시,물금읍,35.3287302182663,129.014322160022
84297,스타벅스,창원팔용점,음식,커피점/카페,경상남도,창원시,팔룡동,35.254438347653,128.611920151948
86039,스타벅스,마산역DT점,음식,커피점/카페,경상남도,창원시,석전동,35.236357634524,128.580471851661
86279,스타벅스,김해구산DT점,음식,커피점/카페,경상남도,김해시,북부동,35.2552557479148,128.866251092604
89201,스타벅스,거제옥포점,음식,커피점/카페,경상남도,거제시,옥포1동,34.8935421784619,128.691836251825
90280,스타벅스,통영이마트점,음식,커피점/카페,경상남도,통영시,광도면,34.887138556453,128.418026693366
96984,스타벅스,양산증산역,음식,커피점/카페,경상남도,양산시,물금읍,35.3098875256799,129.009413413512
99337,스타벅스,마산해안대로DT점,음식,커피점/카페,경상남도,창원시,오동동,35.2042124764915,128.580583488064
111205,스타벅스,진주평거점,음식,커피점/카페,경상남도,진주시,평거동,35.1725335630669,128.060093088012
112705,스타벅스,양산터미널점,음식,커피점/카페,경상남도,양산시,양주동,35.3356379697322,129.026750326323
113965,스타벅스,김해인제대점,음식,커피점/카페,경상남도,김해시,활천동,35.2436296932733,128.904188396615
114707,스타벅스,창원상남사거리점,음식,커피점/카페,경상남도,창원시,상남동,35.2201984741674,128.683458540689
115677,스타벅스,사천벌리점,음식,커피점/카페,경상남도,사천시,벌용동,34.941149113582,128.086373021666
117773,스타벅스,거제대로DT점,음식,커피점/카페,경상남도,거제시,수양동,34.8947014564794,128.641538805783
119425,스타벅스,창원시티세븐점,음식,커피점/카페,경상남도,창원시,중앙동,35.2396761736486,128.654428827417
121888,스타벅스,김해율하신도시점,음식,커피점/카페,경상남도,김해시,장유3동,35.1709590703686,128.813913979036
129242,스타벅스,김해율하점,음식,커피점/카페,경상남도,김해시,장유3동,35.1764377900262,128.812848765955
129276,스타벅스,거제고현점,음식,커피점/카페,경상남도,거제시,고현동,34.8907813931519,128.622209108859
129829,스타벅스,마산월남동DT점,음식,커피점/카페,경상남도,창원시,문화동,35.1859592880855,128.561326367414
129935,스타벅스,,음식,커피점/카페,경상남도,김해시,장유1동,35.1981938514137,128.816118307097
130572,스타벅스,거제옥포DT점,음식,커피점/카페,경상남도,거제시,옥포1동,34.8889637190252,128.69166659007
133069,스타벅스,김해금관대로DT점,음식,커피점/카페,경상남도,김해시,내외동,35.2399693102182,128.861023462825
134080,스타벅스,창원파티마병원점,음식,커피점/카페,경상남도,창원시,명곡동,35.2372505085143,128.644510129656
135399,스타벅스,,음식,양식,경상남도,창원시,중앙동,35.2180599363371,128.677432197163
143285,스타벅스,,음식,커피점/카페,경상남도,양산시,중앙동,35.3454906944012,129.039317331503
160334,스타벅스,,음식,커피점/카페,경상남도,통영시,정량동,34.8440761843943,128.430569473261
5285,스타벅스,구미인의점,음식,커피점/카페,경상북도,구미시,인동동,36.1069833686445,128.420706545794
5392,스타벅스,구미시청디티점,음식,커피점/카페,경상북도,구미시,송정동,36.1176540004314,128.341593755036
11095,스타벅스,포항북부비치점,음식,커피점/카페,경상북도,포항시,중앙동,36.055018529671,129.376994197879
11554,스타벅스,구미점,음식,커피점/카페,경상북도,구미시,원평동,36.1281880083274,128.332740344245
13921,스타벅스,,음식,커피점/카페,경상북도,포항시,연일읍,35.9981591595761,129.346082187814
15023,스타벅스,김천구미역점,음식,커피점/카페,경상북도,김천시,율곡동,36.1165431209248,128.181673832366
17913,스타벅스,,음식,커피점/카페,경상북도,영양군,석보면,36.557642696988,129.124228518373
21370,스타벅스,포항죽도DT점,음식,커피점/카페,경상북도,포항시,죽도동,36.0183974503753,129.348001598077
22019,스타벅스,,음식,커피점/카페,경상북도,고령군,쌍림면,35.6821554492804,128.242993506809
22089,스타벅스,안동병원점,음식,커피점/카페,경상북도,안동시,강남동,36.5467415564888,128.70109489593
22747,스타벅스,,음식,커피점/카페,경상북도,청도군,화양읍,35.6504009869103,128.708405854975
24614,스타벅스,구미도량DT점,음식,커피점/카페,경상북도,구미시,도량동,36.1383886668104,128.316849713104
25115,스타벅스,경주보문로점,음식,커피점/카페,경상북도,경주시,보덕동,35.8388273591379,129.285961262697
26019,스타벅스,포항중앙점,음식,커피점/카페,경상북도,포항시,중앙동,36.0387273137032,129.364116060449
26630,스타벅스,경주황성점,음식,커피점/카페,경상북도,경주시,황성동,35.8639295478746,129.212991542708
26773,스타벅스,포항오천점,음식,커피점/카페,경상북도,포항시,오천읍,35.9642725781496,129.402721491374
26936,스타벅스,포항애비뉴점,음식,커피점/카페,경상북도,포항시,상대동,36.0127632066289,129.348937280698
30401,스타벅스,경산중방DT점,음식,커피점/카페,경상북도,경산시,중앙동,35.8273239066947,128.736913289353
32360,스타벅스,구미옥계점,음식,커피점/카페,경상북도,구미시,양포동,36.138307265685,128.41956256013
45290,스타벅스,,음식,커피점/카페,경상북도,포항시,상대동,36.0117182685329,129.350494632279
48606,스타벅스,구미확장단지점,음식,커피점/카페,경상북도,구미시,산동읍,36.1558185110341,128.429947185999
51082,스타벅스,경주보문점,음식,커피점/카페,경상북도,경주시,보덕동,35.8366024203234,129.285006684039
52681,스타벅스,안동시청점,음식,커피점/카페,경상북도,안동시,중구동,36.5663788047207,128.731135458866
54032,스타벅스,포항쌍용DT점,음식,커피점/카페,경상북도,포항시,상대동,36.0153965174146,129.352787112462
60917,스타벅스,,음식,커피점/카페,경상북도,안동시,풍산읍,36.5784584428743,128.572244338332
65153,스타벅스,경주노동점,음식,커피점/카페,경상북도,경주시,중부동,35.8421238093713,129.212482328985
65250,스타벅스,구미금오산점,음식,커피점/카페,경상북도,구미시,선주원남동,36.1222374506829,128.323605784907
65978,스타벅스,미스리경산점,음식,커피점/카페,경상북도,경산시,압량읍,35.84149099414,128.761751565446
66407,스타벅스,영남대아트센터점,음식,커피점/카페,경상북도,경산시,북부동,35.8305010360545,128.752194422001
67153,스타벅스,구미공단점,음식,커피점/카페,경상북도,구미시,공단동,36.1014040356926,128.385992381022
68087,스타벅스,,음식,커피점/카페,경상북도,영덕군,영해면,36.5391210266104,129.406413129019
80364,스타벅스,구미인동점,음식,커피점/카페,경상북도,구미시,인동동,36.1080275774405,128.418501811212
82886,스타벅스,문경새재점,음식,커피점/카페,경상북도,문경시,문경읍,36.7593918573463,128.077604091104
87064,스타벅스,영남대점,음식,커피점/카페,경상북도,경산시,북부동,35.8370209954154,128.753086131834
88763,스타벅스,,음식,커피점/카페,경상북도,안동시,풍천면,36.5417047952553,128.464910070227
90011,스타벅스,구미상모DT점,음식,커피점/카페,경상북도,구미시,상모사곡동,36.0822529585277,128.356408016529
92999,스타벅스,포항이마트점,음식,커피점/카페,경상북도,포항시,제철동,35.9925045113993,129.397642997701
102127,스타벅스,경주대릉원점,음식,커피점/카페,경상북도,경주시,황남동,35.8340322328761,129.214971258551
102151,스타벅스,대구가톨릭대점,음식,커피점/카페,경상북도,경산시,하양읍,35.9077659745719,128.812395761419
103509,스타벅스,경주보문호수점,음식,커피점/카페,경상북도,경주시,보덕동,35.8532779261246,129.268702990016
103681,스타벅스,포항시청점,음식,커피점/카페,경상북도,포항시,대이동,36.0181762846682,129.342007305048
104380,스타벅스,경산임당역DT점,음식,커피점/카페,경상북도,경산시,북부동,35.8335622024287,128.745493687491
105589,스타벅스,포항대이점,음식,커피점/카페,경상북도,포항시,대이동,36.0253237334087,129.339532387376
106533,스타벅스,안동이마트점,음식,커피점/카페,경상북도,안동시,옥동,36.5584853019175,128.699402444258
110444,스타벅스,포항양덕점,음식,커피점/카페,경상북도,포항시,장량동,36.0815756366978,129.398185374267
112591,스타벅스,안동옥동점,음식,커피점/카페,경상북도,안동시,옥동,36.563534091862,128.702129171454
117483,스타벅스,,음식,커피점/카페,경상북도,청송군,부남면,36.3462400936122,129.064154758729
125411,스타벅스,,음식,커피점/카페,경상북도,성주군,벽진면,35.950186539981,128.215323138194
128643,스타벅스,,음식,커피점/카페,경상북도,경주시,안강읍,35.9925637752941,129.22485038945
128905,스타벅스,,음식,커피점/카페,경상북도,청도군,화양읍,35.6507969489651,128.710043747605
137613,스타벅스,,음식,커피점/카페,경상북도,문경시,가은읍,36.6474710578698,128.061207612986
138276,스타벅스,,음식,커피점/카페,경상북도,청송군,진보면,36.5315788757427,129.036872882323
4827,스타벅스,광주금호DT점,음식,커피점/카페,광주광역시,서구,상무2동,35.1421309618547,126.857657710207
4845,스타벅스,광주충장로점,음식,커피점/카페,광주광역시,동구,충장동,35.1493996685685,126.914920529911
6975,스타벅스,상무역점,음식,커피점/카페,광주광역시,서구,치평동,35.1474833942404,126.847947452692
9431,스타벅스,광주첨단점,음식,커피점/카페,광주광역시,광산구,첨단2동,35.2146103759596,126.843353336762
10202,스타벅스,광주황금점,음식,커피점/카페,광주광역시,동구,충장동,35.1473415964027,126.914596669305
10214,스타벅스,광주오치점,음식,커피점/카페,광주광역시,북구,오치2동,35.1874831406157,126.898922023229
10307,스타벅스,광주상무DT점,음식,커피점/카페,광주광역시,서구,치평동,35.1499464985534,126.854848721293
10367,스타벅스,조선대점,음식,커피점/카페,광주광역시,동구,서남동,35.1446137849134,126.930183092856
11141,스타벅스,광주선운DT점,음식,커피점/카페,광주광역시,광산구,어룡동,35.1469642486356,126.777489380678
11507,스타벅스,광주월산DT점,음식,커피점/카페,광주광역시,남구,월산4동,35.1455763638393,126.890872071276
11586,스타벅스,광주신세계DT점,음식,커피점/카페,광주광역시,서구,화정1동,35.1562374551794,126.882770114135
11826,스타벅스,광산수완점,음식,커피점/카페,광주광역시,광산구,수완동,35.1904098716508,126.824777749032
12115,스타벅스,광주효천DT점,음식,커피점/카페,광주광역시,남구,송암동,35.0999740489431,126.871243168054
12643,스타벅스,광주동명점,음식,커피점/카페,광주광역시,동구,동명동,35.1504773225796,126.923565354333
12658,스타벅스,광주용봉점,음식,커피점/카페,광주광역시,북구,용봉동,35.1786696488865,126.895187410411
13067,스타벅스,광주신가DT점,음식,커피점/카페,광주광역시,광산구,신가동,35.1791485926536,126.830044896848
13142,스타벅스,봉선점,음식,커피점/카페,광주광역시,남구,봉선2동,35.1227852661879,126.914330094527
13384,스타벅스,상무점,음식,커피점/카페,광주광역시,서구,치평동,35.153630633303,126.847926652699
13654,스타벅스,광주신세계5층점,음식,커피점/카페,광주광역시,서구,광천동,35.1605646581878,126.879901057815
13667,스타벅스,광주진월점,음식,커피점/카페,광주광역시,남구,주월1동,35.1258045842139,126.897317134598
14799,스타벅스,광주상무시민로점,음식,커피점/카페,광주광역시,서구,치평동,35.1549636386213,126.854471109981
15425,스타벅스,광주풍암점,음식,커피점/카페,광주광역시,서구,풍암동,35.1268593322891,126.879638628172
17050,스타벅스,광주일곡점,음식,커피점/카페,광주광역시,북구,일곡동,35.205467130946,126.898086272262
17097,스타벅스,광주수완DT점,음식,커피점/카페,광주광역시,광산구,비아동,35.2031086900557,126.819060012487
17119,스타벅스,,음식,커피점/카페,광주광역시,광산구,첨단1동,35.2196544264927,126.847697357185
20548,스타벅스,광주봉선중앙점,음식,커피점/카페,광주광역시,남구,봉선2동,35.1253977939019,126.911146621941
23314,스타벅스,광주장덕점,음식,커피점/카페,광주광역시,광산구,수완동,35.1911337975241,126.819507827656
25365,스타벅스,광주하남점,음식,커피점/카페,광주광역시,광산구,우산동,35.1625513632478,126.810316720045
25632,스타벅스,,음식,커피점/카페,광주광역시,광산구,수완동,35.1810899610099,126.810957869377
25911,스타벅스,미스리,음식,커피점/카페,광주광역시,남구,주월1동,35.1260174210035,126.8959428276
27914,스타벅스,광주무등산점,음식,커피점/카페,광주광역시,동구,학운동,35.1338812530273,126.954287698059
28768,스타벅스,광주매곡DT점,음식,커피점/카페,광주광역시,북구,매곡동,35.1898608042462,126.898703285055
29898,스타벅스,광주두암타운점,음식,커피점/카페,광주광역시,북구,두암3동,35.1621281135145,126.937384822691
31511,스타벅스,광주방림DT점,음식,커피점/카페,광주광역시,남구,방림1동,35.1349125265101,126.917746234277
32396,스타벅스,광주지산유원지입구점,음식,커피점/카페,광주광역시,동구,산수2동,35.1544791091728,126.940908608505
36757,스타벅스,광주서문대로점,음식,커피점/카페,광주광역시,남구,진월동,35.1192633305333,126.898623025126
37083,스타벅스,광주첨단신용점,음식,커피점/카페,광주광역시,북구,신용동,35.2070005503629,126.864064130069
37981,스타벅스,상무치평점,음식,커피점/카페,광주광역시,서구,치평동,35.1520334733201,126.85344761203
39062,스타벅스,광주신안DT점,음식,커피점/카페,광주광역시,북구,신안동,35.1714476413958,126.894977743764
39063,스타벅스,광주산정DT점,음식,커피점/카페,광주광역시,광산구,하남동,35.173569225602,126.804217252708
39100,스타벅스,광주운남DT점,음식,커피점/카페,광주광역시,광산구,운남동,35.1751561957768,126.818048243402
52564,스타벅스,광주동림점,음식,커피점/카페,광주광역시,서구,동천동,35.171569122051,126.866181845862
53155,스타벅스,충장일가점,음식,커피점/카페,광주광역시,동구,충장동,35.1467883403093,126.918247489114
53953,스타벅스,광주용두DT점,음식,커피점/카페,광주광역시,북구,신용동,35.212784555951,126.868574512463
55095,스타벅스,광주지산DT점,음식,커피점/카페,광주광역시,동구,동명동,35.1497959004798,126.929061695687
55096,스타벅스,광주연제DT점,음식,커피점/카페,광주광역시,북구,양산동,35.1975053609222,126.866557272597
55523,스타벅스,광주주월DT점,음식,커피점/카페,광주광역시,남구,주월1동,35.1341051541001,126.898170818324
58623,스타벅스,충장서림점,음식,커피점/카페,광주광역시,동구,충장동,35.148078055964,126.917319538584
61783,스타벅스,동광주DT점,음식,커피점/카페,광주광역시,북구,두암2동,35.175662881815,126.927712565623
65103,스타벅스,,음식,커피점/카페,광주광역시,광산구,어룡동,35.152388277428,126.769253911918
50,스타벅스,대구중앙로점,음식,커피점/카페,대구광역시,중구,성내2동,35.8678989020711,128.590490024653
2366,스타벅스,만촌이마트점,음식,커피점/카페,대구광역시,수성구,만촌1동,35.8712206867939,128.63715749927
2738,스타벅스,대구동천점,음식,커피점/카페,대구광역시,북구,동천동,35.942563418242,128.56053133214
3028,스타벅스,대구수성하이츠점,음식,커피점/카페,대구광역시,수성구,수성4가동,35.8611609632535,128.613094188458
3030,스타벅스,대구봉무점,음식,커피점/카페,대구광역시,동구,불로.봉무동,35.9220410040332,128.639769954725
4162,스타벅스,대구동촌유원지점,음식,커피점/카페,대구광역시,동구,효목1동,35.8800936416114,128.6531987141
4939,스타벅스,대구상인역점,음식,커피점/카페,대구광역시,달서구,상인2동,35.8182813761888,128.536549606963
6977,스타벅스,동아수성점,음식,커피점/카페,대구광역시,수성구,범물1동,35.821080998401,128.640375439966
7645,스타벅스,동대구터미널점,음식,커피점/카페,대구광역시,동구,신천4동,35.8762230054311,128.628603754871
7845,스타벅스,대구침산DT점,음식,커피점/카페,대구광역시,북구,침산2동,35.8874864191681,128.591953455867
8166,스타벅스,대구중동네거리DT점,음식,커피점/카페,대구광역시,수성구,중동,35.8409218949621,128.613945748011
8544,스타벅스,대구중앙로역점,음식,커피점/카페,대구광역시,중구,성내1동,35.8706919225712,128.59436440616
9094,스타벅스,수성리더스점,음식,커피점/카페,대구광역시,수성구,두산동,35.8379205058804,128.622700469374
9246,스타벅스,대구월성점,음식,커피점/카페,대구광역시,달서구,월성1동,35.8242777216717,128.525788251872
10072,스타벅스,경북대점,음식,커피점/카페,대구광역시,북구,산격3동,35.8923245720595,128.608571351382
12061,스타벅스,,음식,커피점/카페,대구광역시,서구,비산5동,35.8876254696388,128.564950952493
12251,스타벅스,대구팔공산점,음식,커피점/카페,대구광역시,동구,공산동,35.9879714511258,128.63640918329
13247,스타벅스,대구감삼DT점,음식,커피점/카페,대구광역시,달서구,감삼동,35.8444644422954,128.536681609756
13383,스타벅스,대구영대병원역DT점,음식,커피점/카페,대구광역시,남구,봉덕1동,35.8454496736623,128.593589296743
14101,스타벅스,대구각산역DT,음식,커피점/카페,대구광역시,동구,안심4동,35.8689949872606,128.726026181477
15609,스타벅스,국립대구박물관DT점,음식,커피점/카페,대구광역시,수성구,황금1동,35.8456666825976,128.639144955402
15611,스타벅스,대구광장점,음식,커피점/카페,대구광역시,달서구,두류3동,35.8557389841873,128.552822598049
15612,스타벅스,대구죽전역점,음식,커피점/카페,대구광역시,달서구,감삼동,35.8487379942151,128.536400421601
15615,스타벅스,대구들안길DT점,음식,커피점/카페,대구광역시,수성구,상동,35.8374755728427,128.61634332863
15753,스타벅스,대구율하점,음식,커피점/카페,대구광역시,동구,안심1동,35.8636329164797,128.693866525622
15998,스타벅스,대구삼성화재점,음식,커피점/카페,대구광역시,수성구,범어3동,35.8661675298147,128.626254357263
16165,스타벅스,계명대동산병원점,음식,커피점/카페,대구광역시,달서구,신당동,35.8538971823181,128.480147916509
16315,스타벅스,대구수성도서관DT점,음식,커피점/카페,대구광역시,수성구,만촌1동,35.8727701398062,128.639008187531
17470,스타벅스,대구두류DT점,음식,커피점/카페,대구광역시,달서구,두류1.2동,35.8588711433455,128.561558096915
20579,스타벅스,대구성당못역점,음식,커피점/카페,대구광역시,달서구,성당동,35.8379279805257,128.556894236453
21137,스타벅스,,음식,커피점/카페,대구광역시,남구,대명4동,35.8454145402468,128.569179181283
21164,스타벅스,대구진천역점,음식,커피점/카페,대구광역시,달서구,진천동,35.814441442261,128.524351219555
28093,스타벅스,대구성서ICDT점,음식,커피점/카페,대구광역시,달서구,용산2동,35.8507113771614,128.520117204754
28633,스타벅스,대구캠프워커점,음식,커피점/카페,대구광역시,남구,봉덕3동,35.8359401163061,128.590042819835
28752,스타벅스,대구범어제니스점,음식,커피점/카페,대구광역시,수성구,범어2동,35.861001374714,128.62828425151
30202,스타벅스,대구칠곡대로DT점,음식,커피점/카페,대구광역시,북구,태전2동,35.9269028144597,128.547898589587
32110,스타벅스,대구죽곡점,음식,커피점/카페,대구광역시,달성군,다사읍,35.8591602989892,128.464257826967
35840,스타벅스,대구시티센터점,음식,커피점/카페,대구광역시,중구,성내1동,35.8709617047047,128.598120429496
40732,스타벅스,대구수성호수점,음식,커피점/카페,대구광역시,수성구,두산동,35.8261392625568,128.615879376176
42450,스타벅스,대구월촌역점,음식,커피점/카페,대구광역시,달서구,송현2동,35.8240289613299,128.545209697217
43033,스타벅스,대구중동DT점,음식,커피점/카페,대구광역시,수성구,중동,35.8473824711491,128.612556374814
43219,스타벅스,대구수성동점,음식,커피점/카페,대구광역시,수성구,수성2.3가동,35.8538231490581,128.620322658569
44717,스타벅스,대구도원점DT점,음식,커피점/카페,대구광역시,달서구,도원동,35.8077378177287,128.548085891323
45051,스타벅스,대구상인DT점,음식,커피점/카페,대구광역시,달서구,상인1동,35.8227913056608,128.533791042123
45850,스타벅스,,음식,커피점/카페,대구광역시,달성군,하빈면,35.8799670743226,128.39779561065
51041,스타벅스,대구계산점,음식,커피점/카페,대구광역시,중구,성내2동,35.8664785623564,128.589726514058
51195,스타벅스,대구공평DT점,음식,커피점/카페,대구광역시,중구,동인동,35.8695515591633,128.600745342969
52235,스타벅스,대구월곡DT점,음식,커피점/카페,대구광역시,달서구,상인2동,35.8148722321362,128.54104160408
52299,스타벅스,대구범어네거리R점,음식,커피점/카페,대구광역시,수성구,범어1동,35.8576836543237,128.624991860808
54052,스타벅스,반야월이마트점,음식,커피점/카페,대구광역시,동구,안심4동,35.8708880148835,128.727471953237
55658,스타벅스,대구시지점,음식,커피점/카페,대구광역시,수성구,고산1동,35.8395029502229,128.708057529235
60026,스타벅스,수성레이크점,음식,커피점/카페,대구광역시,수성구,두산동,35.8257035421021,128.62173069978
69436,스타벅스,동대구로DT점,음식,커피점/카페,대구광역시,동구,신천4동,35.868145155244,128.627266518866
69925,스타벅스,대구수목원점,음식,커피점/카페,대구광역시,달서구,진천동,35.8072395535126,128.520254102995
70520,스타벅스,대구평리DT점,음식,커피점/카페,대구광역시,서구,평리4동,35.8659482489525,128.555373863352
71096,스타벅스,,음식,커피점/카페,대구광역시,달성군,하빈면,35.8794662073561,128.399343614948
72212,스타벅스,동성로로데오점,음식,커피점/카페,대구광역시,중구,삼덕동,35.8672405415574,128.597859928811
73618,스타벅스,동성로광장점,음식,커피점/카페,대구광역시,중구,성내1동,35.8672948850006,128.594172940819
77138,스타벅스,대구만촌점,음식,커피점/카페,대구광역시,수성구,만촌3동,35.8563689649214,128.650236123286
78363,스타벅스,대구계명대점,음식,커피점/카페,대구광역시,달서구,신당동,35.8558517742415,128.493811148301
80496,스타벅스,대구성서점,음식,커피점/카페,대구광역시,달서구,이곡1동,35.8550707246958,128.51032515716
1645,스타벅스,대전터미널점,음식,커피점/카페,대전광역시,동구,용전동,36.3499363970849,127.438061022466
2793,스타벅스,대전둔산점,음식,커피점/카페,대전광역시,서구,둔산2동,36.3502388670403,127.377260977952
3007,스타벅스,대전유성점,음식,커피점/카페,대전광역시,유성구,온천1동,36.3545517391869,127.339567187139
5334,스타벅스,대전월평점,음식,커피점/카페,대전광역시,서구,월평2동,36.3610269938748,127.377297613408
5638,스타벅스,대전노은점,음식,커피점/카페,대전광역시,유성구,노은2동,36.3734737429302,127.319558878605
6198,스타벅스,대전중앙로역점,음식,커피점/카페,대전광역시,중구,은행선화동,36.3279454723366,127.426601920943
7833,스타벅스,월평트레이더스점,음식,커피점/카페,대전광역시,서구,월평1동,36.3576977454764,127.362928278008
11162,스타벅스,대전탄방점,음식,커피점/카페,대전광역시,서구,탄방동,36.3464274606918,127.387897278192
12142,스타벅스,대전터미널DT점,음식,커피점/카페,대전광역시,동구,성남동,36.347845506676,127.434243563795
12493,스타벅스,대전가오점,음식,커피점/카페,대전광역시,동구,효동,36.3069496982665,127.456286009766
12883,스타벅스,은행동점,음식,커피점/카페,대전광역시,중구,은행선화동,36.3290680062403,127.427640692771
12888,스타벅스,둔산은하수점,음식,커피점/카페,대전광역시,서구,둔산2동,36.3529544138761,127.377796432561
13238,스타벅스,대전관평동,음식,커피점/카페,대전광역시,유성구,관평동,36.4254546590999,127.392630518786
16270,스타벅스,대전엑스포,음식,커피점/카페,대전광역시,유성구,신성동,36.3763440126597,127.390471497282
17868,스타벅스,대전장대점,음식,커피점/카페,대전광역시,유성구,온천2동,36.3619867230238,127.336261790505
18466,스타벅스,대전복수점,음식,커피점/카페,대전광역시,서구,복수동,36.2983678760776,127.378241354759
19969,스타벅스,대전법원점,음식,커피점/카페,대전광역시,서구,둔산1동,36.353301603827,127.387431226361
24456,스타벅스,대전수침교DT점,음식,커피점/카페,대전광역시,서구,용문동,36.3350267712959,127.39678635877
25616,스타벅스,대전탄방역점,음식,커피점/카페,대전광역시,서구,탄방동,36.3432157467673,127.385504978428
26747,스타벅스,대전관저점,음식,커피점/카페,대전광역시,서구,관저2동,36.2985660670065,127.337935143077
26866,스타벅스,대전유성구청점,음식,커피점/카페,대전광역시,유성구,온천2동,36.3622300550635,127.357698728398
27864,스타벅스,대전판암디티점,음식,커피점/카페,대전광역시,동구,판암1동,36.3170316397664,127.4536211852
28364,스타벅스,대전도안DT점,음식,커피점/카페,대전광역시,유성구,온천1동,36.3514988115428,127.339982922229
31264,스타벅스,,음식,커피점/카페,대전광역시,대덕구,신탄진동,36.4469950405009,127.429330216926
34492,스타벅스,대전목원대점,음식,커피점/카페,대전광역시,서구,도안동,36.3311769488524,127.338583838334
37072,스타벅스,대전전민점,음식,커피점/카페,대전광역시,유성구,전민동,36.3994576638341,127.400514029135
40913,스타벅스,대전만년점,음식,커피점/카페,대전광역시,서구,만년동,36.367675586322,127.382003013439
44093,스타벅스,대전정부청사역점,음식,커피점/카페,대전광역시,서구,둔산1동,36.358170066296,127.38251271814
44431,스타벅스,충남대정문점,음식,커피점/카페,대전광역시,유성구,온천2동,36.360672095575,127.344641126456
46295,스타벅스,대전건양대병원점,음식,커피점/카페,대전광역시,서구,관저1동,36.3072989892043,127.341157321359
47441,스타벅스,대전반석역점,음식,커피점/카페,대전광역시,유성구,노은3동,36.3916304229808,127.31425071771
49720,스타벅스,대전ICDT점,음식,커피점/카페,대전광역시,대덕구,비래동,36.3542831488655,127.444425210613
50109,스타벅스,대전세이1층점,음식,커피점/카페,대전광역시,중구,문화1동,36.3206307062252,127.40880280715
53903,스타벅스,대전대덕로점,음식,커피점/카페,대전광역시,서구,둔산2동,36.3533475658435,127.380612151158
54551,스타벅스,대전시청역사거리점,음식,커피점/카페,대전광역시,서구,둔산1동,36.3509871361072,127.389532791703
56003,스타벅스,대전송촌점,음식,커피점/카페,대전광역시,대덕구,송촌동,36.3661408027969,127.438044823728
56865,스타벅스,대전테크노밸리점,음식,커피점/카페,대전광역시,유성구,관평동,36.425286842483,127.389765770478
56931,스타벅스,대전시청사거리점,음식,커피점/카페,대전광역시,서구,탄방동,36.3480363811137,127.383550861569
60375,스타벅스,대전용문DT점,음식,커피점/카페,대전광역시,서구,용문동,36.3350806454641,127.389645783512
60967,스타벅스,대전구암DT점,음식,커피점/카페,대전광역시,유성구,온천1동,36.348799921631,127.332741761315
2741,스타벅스,부산역점,음식,커피점/카페,부산광역시,동구,초량3동,35.1163460024434,129.040830967932
5440,스타벅스,부산연산역점,음식,커피점/카페,부산광역시,연제구,연산4동,35.1869670403599,129.083343934019
6102,스타벅스,연산중앙로점,음식,커피점/카페,부산광역시,연제구,연산5동,35.185431465132,129.080677490817
7206,스타벅스,부산하단점,음식,커피점/카페,부산광역시,사하구,하단1동,35.1053503724735,128.968878084642
9129,스타벅스,하단중앙점,음식,커피점/카페,부산광역시,사하구,하단2동,35.1064995212474,128.966072638306
9958,스타벅스,서면일번가점,음식,커피점/카페,부산광역시,부산진구,부전2동,35.1529624007867,129.057298904942
9975,스타벅스,부산동대신역점,음식,커피점/카페,부산광역시,서구,동대신3동,35.1126652517405,129.0167602861
10078,스타벅스,부산온천장역점,음식,커피점/카페,부산광역시,동래구,온천1동,35.2213075406717,129.08560153654
10211,스타벅스,센텀시티점,음식,커피점/카페,부산광역시,해운대구,우2동,35.1698870198936,129.132482667416
10411,스타벅스,사상역점,음식,커피점/카페,부산광역시,사상구,괘법동,35.1639866756647,128.983425647611
10565,스타벅스,경성대점,음식,커피점/카페,부산광역시,남구,대연3동,35.1370003770109,129.10064436277
10622,스타벅스,서면역점,음식,커피점/카페,부산광역시,부산진구,부전1동,35.1580143250476,129.059921644154
10633,스타벅스,하버타운점,음식,커피점/카페,부산광역시,해운대구,우1동,35.1597068330641,129.159540011725
10829,스타벅스,해운대달맞이DT점,음식,커피점/카페,부산광역시,해운대구,중1동,35.161437524362,129.170782232651
10953,스타벅스,부산다대포점,음식,커피점/카페,부산광역시,사하구,다대1동,35.0489411922395,128.964199624224
11047,스타벅스,해운대달맞이점,음식,커피점/카페,부산광역시,해운대구,중2동,35.1579362612154,129.18232239807
12285,스타벅스,센텀드림월드점,음식,커피점/카페,부산광역시,해운대구,우2동,35.1669618879898,129.13297998235
12923,스타벅스,부산송정비치점,음식,커피점/카페,부산광역시,해운대구,송정동,35.180742924138,129.202282582024
15745,스타벅스,을숙도강변DT점,음식,커피점/카페,부산광역시,사하구,하단2동,35.1153760139958,128.959562347489
17125,스타벅스,부산대정문점,음식,커피점/카페,부산광역시,금정구,장전2동,35.2321242300263,129.084581127286
18805,스타벅스,부산광복로R점,음식,커피점/카페,부산광역시,중구,광복동,35.1001113265537,129.031389424812
19778,스타벅스,명지강변DT점,음식,커피점/카페,부산광역시,강서구,명지1동,35.1026568756313,128.929512978109
20515,스타벅스,부산송도해수욕장점,음식,커피점/카페,부산광역시,서구,암남동,35.0772397496774,129.017866684954
21471,스타벅스,부산화명역점,음식,커피점/카페,부산광역시,북구,화명3동,35.2336891168998,129.013214567487
22754,스타벅스,부산안락DT점,음식,커피점/카페,부산광역시,동래구,안락2동,35.1959122197564,129.106884964376
22841,스타벅스,부산역라마다점,음식,커피점/카페,부산광역시,동구,초량1동,35.1142588428362,129.040354654467
23021,스타벅스,부산역아스티점,음식,커피점/카페,부산광역시,동구,초량3동,35.1165787986227,129.042062603979
23022,스타벅스,스타필드명지점,음식,커피점/카페,부산광역시,강서구,명지1동,35.0931251890339,128.918174282154
23023,스타벅스,기장역DT점,음식,커피점/카페,부산광역시,기장군,기장읍,35.2421897071711,129.220251665079
23199,스타벅스,서면중앙대로R점,음식,커피점/카페,부산광역시,부산진구,부전2동,35.1530231927924,129.059626430918
23300,스타벅스,부산교대점,음식,커피점/카페,부산광역시,연제구,거제1동,35.1957265804807,129.077497589889
23365,스타벅스,다대포DT점,음식,커피점/카페,부산광역시,사하구,다대1동,35.0609677159651,128.975271063842
23934,스타벅스,벡스코점,음식,커피점/카페,부산광역시,해운대구,우2동,35.1690785295441,129.13603906341
24291,스타벅스,금정남산동DT점,음식,커피점/카페,부산광역시,금정구,남산동,35.2621604871374,129.091333339269
25241,스타벅스,장산역점,음식,커피점/카페,부산광역시,해운대구,좌2동,35.1691772216307,129.176689134256
25744,스타벅스,부전역점,음식,커피점/카페,부산광역시,부산진구,부전1동,35.1618549283166,129.061903308303
26288,스타벅스,남포동역점,음식,커피점/카페,부산광역시,중구,광복동,35.0983215343327,129.035150801164
26437,스타벅스,범일동역점,음식,커피점/카페,부산광역시,동구,범일2동,35.1413230864786,129.058596888446
26460,스타벅스,부산대역점,음식,커피점/카페,부산광역시,금정구,장전2동,35.2305273611084,129.088756366931
28801,스타벅스,부산외대점,음식,커피점/카페,부산광역시,금정구,남산동,35.2639773430004,129.084752652172
30822,스타벅스,해운대점,음식,커피점/카페,부산광역시,해운대구,우1동,35.163329683637,129.159613384105
32220,스타벅스,센텀파크점,음식,커피점/카페,부산광역시,해운대구,재송1동,35.1767749992096,129.123619904461
33612,스타벅스,동래미남DT점,음식,커피점/카페,부산광역시,동래구,온천2동,35.207186283523,129.072069873707
38156,스타벅스,동명대DT점,음식,커피점/카페,부산광역시,남구,용당동,35.1231163443511,129.098943540848
38600,스타벅스,수영강변DT,음식,커피점/카페,부산광역시,해운대구,반여1동,35.2039545311288,129.119414691432
45650,스타벅스,해운대엑스더스카이점,음식,커피점/카페,부산광역시,해운대구,중1동,35.1613468456816,129.168036892096
45886,스타벅스,해운대점,음식,커피점/카페,부산광역시,해운대구,중1동,35.1604648472611,129.162272831696
49989,스타벅스,부산대연역점,음식,커피점/카페,부산광역시,남구,대연1동,35.1349506851431,129.093067550223
53435,스타벅스,부산정관점,음식,커피점/카페,부산광역시,기장군,정관읍,35.3213861959829,129.177196603733
54362,스타벅스,광안수변공원점,음식,커피점/카페,부산광역시,수영구,민락동,35.1532027780993,129.124700536939
54721,스타벅스,광안리점,음식,커피점/카페,부산광역시,수영구,민락동,35.1550590422778,129.120873725565
57362,스타벅스,센텀로점,음식,커피점/카페,부산광역시,해운대구,우2동,35.1678496582993,129.131543320869
58965,스타벅스,월드마크센텀점,음식,커피점/카페,부산광역시,해운대구,우2동,35.1719247156101,129.131457070193
69051,스타벅스,좌동블루스퀘어점,음식,커피점/카페,부산광역시,해운대구,좌1동,35.1722971990157,129.175636324032
69602,스타벅스,,음식,커피점/카페,부산광역시,해운대구,우3동,35.1550547584442,129.145425561113
71257,스타벅스,BIFC몰점,음식,커피점/카페,부산광역시,남구,문현2동,35.1465053091219,129.065885085962
75098,스타벅스,금련산역점,음식,커피점/카페,부산광역시,수영구,남천1동,35.1471946665657,129.110570722879
75540,스타벅스,남천점,음식,커피점/카페,부산광역시,수영구,남천2동,35.1483240681641,129.114207648607
78292,스타벅스,수영역점,음식,커피점/카페,부산광역시,수영구,광안3동,35.1657722223676,129.114500472629
79828,스타벅스,서면트레이더스점,음식,커피점/카페,부산광역시,부산진구,부암1동,35.163919371925,129.052578034968
81898,스타벅스,서면서전로점,음식,커피점/카페,부산광역시,부산진구,부전1동,35.1579787122775,129.061929762609
84684,스타벅스,광복중앙로점,음식,커피점/카페,부산광역시,중구,대청동,35.1019163652803,129.031126982977
86749,스타벅스,양정역점,음식,커피점/카페,부산광역시,부산진구,양정1동,35.1701008815796,129.069277594677
89245,스타벅스,더해운대R점,음식,커피점/카페,부산광역시,해운대구,우1동,35.1588240848214,129.152865147608
95286,스타벅스,서면로R점,음식,커피점/카페,부산광역시,부산진구,부전2동,35.1552676948429,129.05755921536
96351,스타벅스,부산개금역점,음식,커피점/카페,부산광역시,부산진구,개금1동,35.152872492408,129.022616147254
96376,스타벅스,금정구청DT점,음식,커피점/카페,부산광역시,금정구,부곡3동,35.2385941334925,129.092819363829
96851,스타벅스,,음식,커피점/카페,부산광역시,해운대구,중1동,35.1650859821377,129.164457076305
102405,스타벅스,신세계마린시티점,음식,커피점/카페,부산광역시,해운대구,우3동,35.1570573391424,129.143357288326
102721,스타벅스,동서대DT점,음식,커피점/카페,부산광역시,사상구,주례2동,35.1507003355954,129.009693433747
103272,스타벅스,제니스스퀘어점,음식,커피점/카페,부산광역시,해운대구,우3동,35.1572236013279,129.144841326609
106344,스타벅스,온천장역DT점,음식,커피점/카페,부산광역시,금정구,장전2동,35.2239490044015,129.086559430123
106845,스타벅스,팔레드시즈점,음식,커피점/카페,부산광역시,해운대구,중1동,35.1602158913492,129.166604817644
107210,스타벅스,부산덕천역점,음식,커피점/카페,부산광역시,북구,덕천2동,35.2106799840775,129.008502470617
108167,스타벅스,해운대이마트점,음식,커피점/카페,부산광역시,해운대구,중1동,35.1660401471884,129.167401483699
108306,스타벅스,부산괴정역점,음식,커피점/카페,부산광역시,사하구,괴정3동,35.0984024088627,128.994252485597
110734,스타벅스,해운대중동역점,음식,커피점/카페,부산광역시,해운대구,중1동,35.1672414815048,129.168077270548
111183,스타벅스,서면전포역점,음식,커피점/카페,부산광역시,부산진구,전포1동,35.1542952546818,129.063616002244
111254,스타벅스,부산교대역DT점,음식,커피점/카페,부산광역시,연제구,거제1동,35.198975912294,129.079033963755
111422,스타벅스,사상주례DT점,음식,커피점/카페,부산광역시,사상구,주례1동,35.1548776876614,128.996157373404
114360,스타벅스,베네시티점,음식,커피점/카페,부산광역시,해운대구,우3동,35.158186196302,129.150748800901
114597,스타벅스,피프광장점,음식,커피점/카페,부산광역시,중구,남포동,35.0989679423748,129.028040761744
114839,스타벅스,서면엠디엠타워점,음식,커피점/카페,부산광역시,부산진구,범천1동,35.1497493046038,129.058804779962
114927,스타벅스,서면메디컬거리점,음식,커피점/카페,부산광역시,부산진구,부전1동,35.157982112702,129.057418731971
115425,스타벅스,부산사직점,음식,커피점/카페,부산광역시,동래구,사직1동,35.1979853362218,129.060561433144
116815,스타벅스,부산동아대점,음식,커피점/카페,부산광역시,사하구,하단2동,35.1130529132018,128.964921349219
116948,스타벅스,,음식,커피점/카페,부산광역시,중구,중앙동,35.1079154692235,129.035853464276
117167,스타벅스,부산중앙역점,음식,커피점/카페,부산광역시,중구,중앙동,35.1051654595911,129.035939326781
120457,스타벅스,부산서면중앙로점,음식,커피점/카페,부산광역시,부산진구,부전2동,35.1554810356709,129.058933915872
121485,스타벅스,해운대좌동점,음식,커피점/카페,부산광역시,해운대구,좌1동,35.1775170444565,129.175546801746
125155,스타벅스,영도대교점,음식,커피점/카페,부산광역시,영도구,남항동,35.0946255551752,129.037286596169
125476,스타벅스,명지퍼스트월드점,음식,한식,부산광역시,강서구,명지1동,35.0975652312608,128.905512248145
126081,스타벅스,부산대연못골점,음식,커피점/카페,부산광역시,남구,대연5동,35.1361328380588,129.091920226116
126084,스타벅스,해운대NC점,음식,커피점/카페,부산광역시,해운대구,좌1동,35.1705974675265,129.177093805183
126445,스타벅스,금정구서점,음식,커피점/카페,부산광역시,금정구,구서1동,35.2469596730685,129.088734266913
1495,스타벅스,동숭로아트점,음식,커피점/카페,서울특별시,종로구,이화동,37.5829644184897,127.00388696535
2516,스타벅스,현대목동점,음식,커피점/카페,서울특별시,양천구,목1동,37.5271465422093,126.874681763736
3535,스타벅스,가로수길점,음식,커피점/카페,서울특별시,강남구,신사동,37.5231842055575,127.021629292234
3614,스타벅스,당산점,음식,커피점/카페,서울특별시,영등포구,당산2동,37.5351335863576,126.899952047656
4595,스타벅스,문래역점,음식,커피점/카페,서울특별시,영등포구,문래동,37.5174497816404,126.89647871302
4597,스타벅스,서강대점,음식,커피점/카페,서울특별시,마포구,대흥동,37.552426380667,126.937543279963
5013,스타벅스,봉은사로선정릉점,음식,커피점/카페,서울특별시,강남구,삼성2동,37.5113566651683,127.048500978939
5882,스타벅스,방배다이치빌딩점,음식,커피점/카페,서울특별시,서초구,방배1동,37.4843326178498,126.996073072997
6102,스타벅스,뉴코아강남점,음식,커피점/카페,서울특별시,서초구,반포3동,37.5102488124166,127.006957982903
6748,스타벅스,청담점,음식,커피점/카페,서울특별시,강남구,청담동,37.5243385164378,127.051571721037
7457,스타벅스,파미에파크점,음식,커피점/카페,서울특별시,서초구,반포4동,37.5044803619627,127.007826111215
7876,스타벅스,코엑스몰점,음식,커피점/카페,서울특별시,강남구,삼성1동,37.5118203253706,127.059139102428
9486,스타벅스,포이점,음식,커피점/카페,서울특별시,강남구,개포4동,37.4778100339866,127.045116281379
9524,스타벅스,발산역점,음식,커피점/카페,서울특별시,강서구,등촌3동,37.5601782971845,126.839290175551
11008,스타벅스,서초역이화빌딩점,음식,커피점/카페,서울특별시,서초구,서초3동,37.4882892754504,127.009001461685
13096,스타벅스,방배역점,음식,커피점/카페,서울특별시,서초구,방배1동,37.4819850802876,126.997630905934
13222,스타벅스,이마트본사점,음식,커피점/카페,서울특별시,성동구,성수2가1동,37.5400093725353,127.052889552846
14093,스타벅스,마곡사이언스타워R점,음식,커피점/카페,서울특별시,강서구,가양1동,37.5605394004382,126.833874311591
14178,스타벅스,IFC몰점,음식,커피점/카페,서울특별시,영등포구,여의동,37.5251722235016,126.924863083917
14414,스타벅스,양재강남빌딩R점,음식,커피점/카페,서울특별시,강남구,도곡1동,37.4852467893652,127.036608959864
14648,스타벅스,이마빌딩점,음식,커피점/카페,서울특별시,종로구,종로1.2.3.4가동,37.5738942645562,126.978966379844
14762,스타벅스,신사역점,음식,커피점/카페,서울특별시,강남구,논현1동,37.5161838031466,127.020634740018
15935,스타벅스,순천향입구점,음식,커피점/카페,서울특별시,용산구,한남동,37.5334126703028,127.00563260758
16906,스타벅스,등촌점,음식,커피점/카페,서울특별시,강서구,등촌3동,37.5582364999702,126.844334259983
17648,스타벅스,강남구청역점,음식,커피점/카페,서울특별시,강남구,논현2동,37.5166051560388,127.041239849867
17929,스타벅스,서울대입구역점,음식,커피점/카페,서울특별시,관악구,청룡동,37.4811055353469,126.951319198625
19658,스타벅스,화곡DT점,음식,커피점/카페,서울특별시,강서구,화곡4동,37.535001459722,126.863169824979
19659,스타벅스,마포염리점,음식,커피점/카페,서울특별시,마포구,염리동,37.5439913688051,126.947462780197
19712,스타벅스,문화일보점,음식,커피점/카페,서울특별시,중구,소공동,37.5671186223597,126.968622139719
20036,스타벅스,역삼초교사거리점,음식,커피점/카페,서울특별시,강남구,역삼1동,37.494128761553,127.033000493348
20121,스타벅스,안암역점,음식,커피점/카페,서울특별시,성북구,안암동,37.5860984036961,127.030747660126
20123,스타벅스,남영동점,음식,커피점/카페,서울특별시,용산구,남영동,37.5428580456495,126.972238091589
20410,스타벅스,구역삼세무서점,음식,커피점/카페,서울특별시,강남구,역삼1동,37.4959157868406,127.038880731616
20962,스타벅스,신세계도곡점,음식,커피점/카페,서울특별시,강남구,도곡2동,37.4892992237675,127.054163435442
20969,스타벅스,신세계아이엔씨점,음식,커피점/카페,서울특별시,구로구,구로3동,37.4859028941571,126.891526719038
21124,스타벅스,문래동점,음식,커피점/카페,서울특별시,영등포구,문래동,37.5196567010522,126.889681386224
21243,스타벅스,동빙고점,음식,커피점/카페,서울특별시,용산구,서빙고동,37.5289702437631,126.991786773232
21665,스타벅스,도산가로수길점,음식,커피점/카페,서울특별시,강남구,논현1동,37.5173417649322,127.023368467937
21799,스타벅스,마로니에공원점,음식,커피점/카페,서울특별시,종로구,이화동,37.5815275489605,127.002321047314
21939,스타벅스,동대입구역점,음식,커피점/카페,서울특별시,중구,장충동,37.559637334572,127.006133081622
21947,스타벅스,구의디티점,음식,커피점/카페,서울특별시,광진구,구의2동,37.5452982782211,127.087179393284
22233,스타벅스,강남GT타워점,음식,커피점/카페,서울특별시,서초구,서초4동,37.4980981742341,127.025903621913
22384,스타벅스,반포역점,음식,커피점/카페,서울특별시,서초구,잠원동,37.5086144884618,127.011922479411
22388,스타벅스,강남비젼타워점,음식,커피점/카페,서울특별시,강남구,역삼1동,37.4964803158248,127.029679239432
22462,스타벅스,여의도공원점,음식,커피점/카페,서울특별시,영등포구,여의동,37.5292630435403,126.924872251138
22665,스타벅스,신사가로수점,음식,커피점/카페,서울특별시,강남구,신사동,37.5218849410754,127.022506036871
22675,스타벅스,길동역점,음식,커피점/카페,서울특별시,강동구,길동,37.5387117808982,127.14002383238
23115,스타벅스,건대입구점,음식,커피점/카페,서울특별시,광진구,화양동,37.5406916237944,127.070714543377
23452,스타벅스,광나루점,음식,커피점/카페,서울특별시,광진구,광장동,37.5473081154277,127.106087855114
23620,스타벅스,천호역점,음식,커피점/카페,서울특별시,강동구,성내2동,37.5380903953149,127.124132813668
23873,스타벅스,청담스타점,음식,커피점/카페,서울특별시,강남구,청담동,37.5252509543256,127.041819329691
24314,스타벅스,이촌역점,음식,커피점/카페,서울특별시,용산구,한강로동,37.5248570913299,126.970392141507
24478,스타벅스,가양이마트점,음식,커피점/카페,서울특별시,강서구,가양3동,37.5581809080942,126.861799100259
24548,스타벅스,목동5단지점,음식,커피점/카페,서울특별시,양천구,목5동,37.5367328984384,126.882197957914
24670,스타벅스,석촌호수점,음식,커피점/카페,서울특별시,송파구,송파1동,37.5094301379565,127.105216364301
24848,스타벅스,목동8단지점,음식,커피점/카페,서울특별시,양천구,신정6동,37.5205579957556,126.868819022331
25056,스타벅스,구로호텔점,음식,커피점/카페,서울특별시,구로구,구로3동,37.4831780131692,126.898837323937
25304,스타벅스,롯데캐슬여의도점,음식,커피점/카페,서울특별시,영등포구,여의동,37.5204625862643,126.926163737378
26379,스타벅스,교대법원점,음식,커피점/카페,서울특별시,서초구,서초4동,37.4963541721937,127.013361956833
28548,스타벅스,신당역점,음식,커피점/카페,서울특별시,중구,신당동,37.5653916533212,127.014331146174
28583,스타벅스,대치역점,음식,커피점/카페,서울특별시,강남구,대치1동,37.4933436201599,127.06190405786
29313,스타벅스,영등포KT점,음식,커피점/카페,서울특별시,영등포구,영등포동,37.5267559445456,126.905019084861
29380,스타벅스,방배카페골목점,음식,커피점/카페,서울특별시,서초구,방배본동,37.493523177117,126.986552647513
30403,스타벅스,아시아선수촌점,음식,커피점/카페,서울특별시,송파구,잠실본동,37.510526383519,127.079029120505
30604,스타벅스,서강대흥역점,음식,커피점/카페,서울특별시,마포구,대흥동,37.5482545237074,126.94155205656
31839,스타벅스,삼성서울병원점,음식,커피점/카페,서울특별시,강남구,일원본동,37.4903343408695,127.089578831632
32536,스타벅스,서교동사거리점,음식,커피점/카페,서울특별시,마포구,서교동,37.5534073725796,126.918561136612
32867,스타벅스,KBS동문점,음식,커피점/카페,서울특별시,영등포구,여의동,37.5263141620611,126.917696594815
33515,스타벅스,목동역점,음식,커피점/카페,서울특별시,양천구,신정4동,37.5266998936168,126.863793615607
34521,스타벅스,,생활서비스,기타서비스업,서울특별시,종로구,종로1.2.3.4가동,37.5747145060703,126.979000463815
35742,스타벅스,천호대로길동점,음식,커피점/카페,서울특별시,강동구,길동,37.534780808557,127.137228929751
36742,스타벅스,양재역점,음식,커피점/카페,서울특별시,서초구,양재1동,37.4823203167867,127.036850060857
37970,스타벅스,제일은행본점,음식,커피점/카페,서울특별시,종로구,종로1.2.3.4가동,37.5711128646326,126.982423077525
39859,스타벅스,강동암사DT점,음식,커피점/카페,서울특별시,강동구,암사3동,37.5551006269805,127.13000020369
40200,스타벅스,서울역동자동점,음식,커피점/카페,서울특별시,용산구,남영동,37.5516670854519,126.972909348137
40602,스타벅스,경복궁역점,음식,커피점/카페,서울특별시,종로구,사직동,37.5771730114202,126.972615705273
40764,스타벅스,묵동점,음식,커피점/카페,서울특별시,중랑구,묵1동,37.6153285055786,127.076865894012
41156,스타벅스,서울숲역점,음식,커피점/카페,서울특별시,성동구,성수1가1동,37.541882183363,127.044888139937
41651,스타벅스,역삼이마트점,음식,커피점/카페,서울특별시,강남구,역삼2동,37.4992276933378,127.048406096675
42056,스타벅스,서울역서부점,음식,커피점/카페,서울특별시,용산구,청파동,37.5549350413244,126.968450546245
43029,스타벅스,경기빌딩점,음식,커피점/카페,서울특별시,중구,명동,37.5668668840396,126.983227937665
43393,스타벅스,강북삼성병원점,음식,커피점/카페,서울특별시,종로구,교남동,37.5688594066443,126.967794421205
43770,스타벅스,홍대역점,음식,커피점/카페,서울특별시,마포구,서교동,37.5572017356505,126.923599454067
43955,스타벅스,어린이대공원역점,음식,커피점/카페,서울특별시,광진구,군자동,37.5519357921256,127.076335535529
44759,스타벅스,발산역사거리점,음식,커피점/카페,서울특별시,강서구,발산1동,37.5583958757282,126.834881086299
45138,스타벅스,공릉DT점,음식,커피점/카페,서울특별시,노원구,공릉1동,37.6207409324912,127.074204887635
45561,스타벅스,숭례문북창점,음식,커피점/카페,서울특별시,중구,소공동,37.5616132396592,126.976904195235
45851,스타벅스,을지로입구역점,음식,커피점/카페,서울특별시,중구,명동,37.5656331860355,126.983312623474
45954,스타벅스,가재울뉴타운점,음식,커피점/카페,서울특별시,서대문구,남가좌1동,37.5743677926814,126.917827900867
46466,스타벅스,상계초교사거리점,음식,커피점/카페,서울특별시,노원구,상계2동,37.6566580466864,127.066426425469
46588,스타벅스,목동트라팰리스점,음식,커피점/카페,서울특별시,양천구,목1동,37.5260779264084,126.870342171311
46600,스타벅스,미아이마트점,음식,커피점/카페,서울특별시,성북구,길음2동,37.6108425986527,127.029848971825
48158,스타벅스,국립중앙의료원점,음식,커피점/카페,서울특별시,중구,광희동,37.5665491886796,127.006233687749
48626,스타벅스,목동파리공원점,음식,커피점/카페,서울특별시,양천구,목5동,37.5353314454585,126.878835760832
48627,스타벅스,서강대프라자점,음식,커피점/카페,서울특별시,마포구,대흥동,37.5514936288891,126.943045399174
49211,스타벅스,뉴코아반포점,음식,커피점/카페,서울특별시,서초구,반포3동,37.5092345394587,127.007423858098
50413,스타벅스,남성역점,음식,커피점/카페,서울특별시,동작구,사당3동,37.4841492566326,126.972647121449
50414,스타벅스,낙성대역점,음식,커피점/카페,서울특별시,관악구,낙성대동,37.477696666638,126.961191878759
50415,스타벅스,국기원사거리점,음식,커피점/카페,서울특별시,강남구,역삼1동,37.4995962268448,127.031663323629
50840,스타벅스,당산대로점,음식,커피점/카페,서울특별시,영등포구,당산2동,37.5331431299385,126.903918718083
51243,스타벅스,강동구청DT점,음식,커피점/카페,서울특별시,강동구,성내1동,37.5291853751004,127.123784387698
51244,스타벅스,영등포역점,음식,커피점/카페,서울특별시,영등포구,영등포동,37.5169738990202,126.909268304123
51245,스타벅스,샛강역점,음식,커피점/카페,서울특별시,영등포구,여의동,37.5182736343704,126.931195118383
51246,스타벅스,창동이마트점,음식,커피점/카페,서울특별시,도봉구,창5동,37.6516255266209,127.046680114284
51290,스타벅스,건대병원점,음식,커피점/카페,서울특별시,광진구,화양동,37.5412246823097,127.07204319615
51654,스타벅스,을지로4가역점,음식,커피점/카페,서울특별시,중구,을지로동,37.5661313217512,126.9973081179
51669,스타벅스,길음역점,음식,커피점/카페,서울특별시,성북구,돈암1동,37.6020109564414,127.025297770358
51866,스타벅스,가산그레이트점,음식,커피점/카페,서울특별시,금천구,가산동,37.4796276001816,126.887266473346
52063,스타벅스,경희궁로점,음식,커피점/카페,서울특별시,종로구,사직동,37.5717008065128,126.97228335007
52485,스타벅스,아차산역점,음식,커피점/카페,서울특별시,광진구,구의2동,37.550581501192,127.089910328874
52486,스타벅스,역삼아레나빌딩점,음식,커피점/카페,서울특별시,강남구,역삼2동,37.501112636896,127.043043969229
52487,스타벅스,불광역점,음식,패스트푸드,서울특별시,은평구,대조동,37.6094054504917,126.930288720795
52575,스타벅스,무교동점,음식,커피점/카페,서울특별시,중구,명동,37.5676230751955,126.978972751429
52683,스타벅스,사가정역점,음식,커피점/카페,서울특별시,중랑구,면목7동,37.5796252940301,127.087960567334
52852,스타벅스,역삼점,음식,커피점/카페,서울특별시,강남구,역삼1동,37.5015740906142,127.037733772702
52896,스타벅스,노량진동점,음식,커피점/카페,서울특별시,동작구,노량진1동,37.5129448851168,126.946846978175
53084,스타벅스,쌍문역점,음식,커피점/카페,서울특별시,도봉구,창1동,37.6483488366145,127.034868675382
53172,스타벅스,망원역점,음식,커피점/카페,서울특별시,마포구,서교동,37.5557679688127,126.910706356566
53551,스타벅스,올리브타워점,음식,커피점/카페,서울특별시,중구,소공동,37.5613448991997,126.972980242325
53865,스타벅스,영동2교점,음식,커피점/카페,서울특별시,서초구,양재1동,37.4819884081853,127.042575597088
54097,스타벅스,잠실점,음식,커피점/카페,서울특별시,송파구,잠실6동,37.5174361339672,127.103446561974
54377,스타벅스,압구정2점,음식,커피점/카페,서울특별시,강남구,압구정동,37.5268330299984,127.034716758462
54867,스타벅스,금천독산점,음식,커피점/카페,서울특별시,금천구,독산1동,37.4689563671665,126.895609328207
54871,스타벅스,태평로점,음식,커피점/카페,서울특별시,중구,소공동,37.5624861660097,126.976779068076
55742,스타벅스,서교점,음식,커피점/카페,서울특별시,마포구,서교동,37.5513738575528,126.91690425281
56006,스타벅스,숭례문점,음식,커피점/카페,서울특별시,중구,회현동,37.5586170363758,126.973244053454
56049,스타벅스,영등포본동점,음식,커피점/카페,서울특별시,영등포구,영등포동,37.518670766386,126.909582972668
56130,스타벅스,송파사거리점,음식,커피점/카페,서울특별시,송파구,송파1동,37.502269334236,127.110334770409
56657,스타벅스,강남에비뉴점,음식,커피점/카페,서울특별시,서초구,서초4동,37.502721958552,127.023886925474
56978,스타벅스,오류동역점,음식,커피점/카페,서울특별시,구로구,오류1동,37.4962051540044,126.844849844365
58055,스타벅스,올림픽대교북단점,음식,커피점/카페,서울특별시,광진구,구의3동,37.541152496608,127.095252872366
60225,스타벅스,대치대원빌딩R점,음식,커피점/카페,서울특별시,강남구,대치1동,37.494565941597,127.062646457685
61746,스타벅스,연대점,음식,커피점/카페,서울특별시,서대문구,신촌동,37.5587170195711,126.936695631183
62602,스타벅스,석촌역점,음식,커피점/카페,서울특별시,송파구,석촌동,37.5042460725183,127.106013406608
64999,스타벅스,선유도역점,음식,커피점/카페,서울특별시,영등포구,양평2동,37.537300079323,126.894590815571
65378,스타벅스,한국프레스센터점,음식,커피점/카페,서울특별시,중구,명동,37.5674151730747,126.97785493719
65701,스타벅스,여의도알리안츠점,음식,커피점/카페,서울특별시,영등포구,여의동,37.5188107711319,126.927827696628
67726,스타벅스,독산사거리점,음식,커피점/카페,서울특별시,금천구,독산3동,37.4715797313437,126.898645735596
67753,스타벅스,대우재단빌딩점,음식,커피점/카페,서울특별시,중구,회현동,37.5565521000357,126.975139869455
68094,스타벅스,이촌역점,음식,커피점/카페,서울특별시,용산구,한강로동,37.5237026190668,126.972331235072
68843,스타벅스,화곡동점,음식,커피점/카페,서울특별시,강서구,화곡1동,37.5405548865621,126.837568986433
69733,스타벅스,미아점,음식,커피점/카페,서울특별시,성북구,길음2동,37.6076123821039,127.029301985316
71378,스타벅스,마곡GMG점,음식,커피점/카페,서울특별시,강서구,가양1동,37.560391911309,126.828987013432
72740,스타벅스,금천시흥점,음식,커피점/카페,서울특별시,금천구,시흥1동,37.4488707002077,126.903216919415
73617,스타벅스,신월ICDT점,음식,커피점/카페,서울특별시,양천구,신월3동,37.5295182620174,126.832196508633
73968,스타벅스,문정로데오점,음식,커피점/카페,서울특별시,송파구,가락2동,37.4918996397466,127.126233039197
74481,스타벅스,양평동점,음식,커피점/카페,서울특별시,영등포구,양평2동,37.5338162535295,126.896859894016
75277,스타벅스,고대안암병원점,음식,커피점/카페,서울특별시,성북구,안암동,37.5870983380348,127.026341469346
77597,스타벅스,잠실대교남단점,음식,커피점/카페,서울특별시,송파구,잠실6동,37.5157795174384,127.098885013703
78996,스타벅스,상수역점,음식,커피점/카페,서울특별시,마포구,서강동,37.5475029730671,126.923207056972
80005,스타벅스,을지로국제빌딩점,음식,커피점/카페,서울특별시,중구,명동,37.5669754231844,126.982230332574
84011,스타벅스,여의도화재보험,음식,커피점/카페,서울특별시,영등포구,여의동,37.5213799889039,126.925980898343
84018,스타벅스,보라매점,음식,커피점/카페,서울특별시,관악구,보라매동,37.4918020365113,126.925364223124
84480,스타벅스,신세계강남점,음식,커피점/카페,서울특별시,서초구,반포4동,37.5039300142165,127.00239321346
86809,스타벅스,연세세브란스점,음식,커피점/카페,서울특별시,중구,회현동,37.5570884974281,126.973615890497
88757,스타벅스,대치삼성프라자점,음식,커피점/카페,서울특별시,강남구,대치2동,37.5004576877441,127.067051442026
90360,스타벅스,합정점,음식,커피점/카페,서울특별시,마포구,합정동,37.5500407049077,126.912045905558
92118,스타벅스,염창역점,음식,커피점/카페,서울특별시,강서구,염창동,37.5472742470423,126.87452635372
92176,스타벅스,가든파이브점,음식,커피점/카페,서울특별시,송파구,문정2동,37.4782606521025,127.119370608348
92990,스타벅스,현대디큐브B2점,음식,커피점/카페,서울특별시,구로구,신도림동,37.5080580382841,126.888484621418
93239,스타벅스,신촌오거리점,음식,커피점/카페,서울특별시,마포구,서교동,37.5551666257155,126.934663601496
93918,스타벅스,신당역사거리점,음식,커피점/카페,서울특별시,중구,신당동,37.565940863069,127.016440661325
94439,스타벅스,영등포신길DT점,음식,커피점/카페,서울특별시,영등포구,신길3동,37.5045648097649,126.910059618499
97761,스타벅스,명동남산,음식,커피점/카페,서울특별시,중구,명동,37.560740440582,126.986446485318
98765,스타벅스,여의도일신점,음식,커피점/카페,서울특별시,영등포구,여의동,37.527905068142,126.920219188165
99652,스타벅스,보라매타운점,음식,커피점/카페,서울특별시,동작구,신대방2동,37.4914233391678,126.923356791891
101367,스타벅스,서울대치과병원점,음식,커피점/카페,서울특별시,종로구,이화동,37.5804478224547,126.997184076959
102405,스타벅스,구의역점,음식,커피점/카페,서울특별시,광진구,구의1동,37.5370020758048,127.08401043594
108034,스타벅스,큰길타워점,음식,커피점/카페,서울특별시,강남구,역삼1동,37.5023907598919,127.040652567424
109862,스타벅스,이대이씨씨점,음식,커피점/카페,서울특별시,서대문구,신촌동,37.5642810556138,126.950301476769
110393,스타벅스,서초동점,음식,커피점/카페,서울특별시,서초구,서초1동,37.4859161526789,127.021572760891
110739,스타벅스,송파개롱역점,음식,커피점/카페,서울특별시,송파구,오금동,37.5089890769025,127.128171659166
118531,스타벅스,국회의사당역점,음식,커피점/카페,서울특별시,영등포구,여의동,37.5278654998234,126.916882222676
118859,스타벅스,미아뉴타운점,음식,커피점/카페,서울특별시,강북구,삼각산동,37.6183841817231,127.021108114965
118870,스타벅스,송파개롱역점,음식,커피점/카페,서울특별시,송파구,가락2동,37.4969832953838,127.13626162278
120164,스타벅스,목동오목로점,음식,커피점/카페,서울특별시,양천구,목1동,37.5259149373251,126.868376108501
121102,스타벅스,동국대점,음식,커피점/카페,서울특별시,중구,필동,37.5613305763575,126.998583574231
122569,스타벅스,강남구청정문점,음식,커피점/카페,서울특별시,강남구,청담동,37.5183012998145,127.045958023572
123903,스타벅스,국회대로점,음식,커피점/카페,서울특별시,영등포구,여의동,37.5302599014954,126.919574282578
124365,스타벅스,마포경찰서후문,음식,커피점/카페,서울특별시,마포구,아현동,37.5509928534831,126.953588789673
125120,스타벅스,청담사거리점,음식,커피점/카페,서울특별시,강남구,청담동,37.5237598736832,127.046850137088
125146,스타벅스,미스리,음식,커피점/카페,서울특별시,종로구,삼청동,37.5806482952864,126.981659292931
125610,스타벅스,신림DT점,음식,커피점/카페,서울특별시,관악구,조원동,37.4809690919517,126.908401196644
125832,스타벅스,착한빵,음식,커피점/카페,서울특별시,중구,약수동,37.5523517113372,127.01088131917
126164,스타벅스,미스리,음식,커피점/카페,서울특별시,금천구,가산동,37.4729469004299,126.881124967202
128558,스타벅스,을지로내외빌딩점,음식,커피점/카페,서울특별시,중구,명동,37.5664831848697,126.983663297339
129264,스타벅스,연신내역사거리점,음식,커피점/카페,서울특별시,은평구,불광1동,37.6186831321768,126.922045359427
131076,스타벅스,서초우성사거리점,음식,커피점/카페,서울특별시,서초구,서초2동,37.4935120699427,127.029220063815
136823,스타벅스,구파발사거리,음식,커피점/카페,서울특별시,은평구,진관동,37.6396051116528,126.919103095201
138711,스타벅스,압구정역2점,음식,커피점/카페,서울특별시,강남구,신사동,37.5240469060232,127.027896853364
138745,스타벅스,천호이마트점,음식,커피점/카페,서울특별시,강동구,천호2동,37.538963301202,127.125197579521
140729,스타벅스,한강진역점,음식,커피점/카페,서울특별시,용산구,한남동,37.5371047787248,127.001102780123
141145,스타벅스,가양역점,음식,커피점/카페,서울특별시,강서구,등촌3동,37.5615852559942,126.853258269858
141160,스타벅스,홍제역점,음식,커피점/카페,서울특별시,서대문구,홍제1동,37.5886595039272,126.943833500618
145368,스타벅스,홍대입구역사거리,음식,한식,서울특별시,마포구,서교동,37.5547387684549,126.920296146909
145558,스타벅스,서초구청점,음식,커피점/카페,서울특별시,서초구,서초2동,37.4844272247247,127.030049982544
146399,스타벅스,신촌역점,음식,커피점/카페,서울특별시,서대문구,신촌동,37.5563004624862,126.934500325448
147877,스타벅스,은평구청입구점,음식,커피점/카페,서울특별시,은평구,응암1동,37.6010828997358,126.92664807468
148868,스타벅스,갤러리아팰리스점,음식,커피점/카페,서울특별시,송파구,잠실3동,37.5106637669365,127.094467266876
152587,스타벅스,묵동이마트점,음식,커피점/카페,서울특별시,중랑구,묵1동,37.6138290492447,127.077541387095
153525,스타벅스,굽은다리역점,음식,커피점/카페,서울특별시,강동구,명일1동,37.5454117382449,127.143206032202
154403,스타벅스,외대정문점,음식,커피점/카페,서울특별시,동대문구,이문1동,37.5953215547167,127.05926644722
154701,스타벅스,보라매대교점,음식,커피점/카페,서울특별시,관악구,보라매동,37.491037581936,126.925522181434
155365,스타벅스,이태원거리점,음식,커피점/카페,서울특별시,용산구,한남동,37.5350115103926,126.99757784334
155735,스타벅스,삼성점,음식,커피점/카페,서울특별시,강남구,삼성2동,37.5069442507099,127.055580896323
155873,스타벅스,중앙대점,음식,커피점/카페,서울특별시,동작구,흑석동,37.5069358330654,126.958128851814
155886,스타벅스,송파방이DT점,음식,커피점/카페,서울특별시,송파구,방이1동,37.5065088438119,127.120565823608
155897,스타벅스,잠실역점,음식,커피점/카페,서울특별시,송파구,잠실6동,37.5153249372707,127.099535260634
156270,스타벅스,내방역점,음식,커피점/카페,서울특별시,서초구,방배4동,37.4900145248382,126.99245761598
156538,스타벅스,고대안암병원점,음식,커피점/카페,서울특별시,성북구,안암동,37.5884849860916,127.031701809695
157843,스타벅스,성수역점,음식,커피점/카페,서울특별시,성동구,성수2가3동,37.5432225413094,127.056945343256
158191,스타벅스,도곡역점,음식,커피점/카페,서울특별시,강남구,대치1동,37.4921723983972,127.057395337984
159095,스타벅스,경기대점,음식,커피점/카페,서울특별시,서대문구,충현동,37.5637406982349,126.964616455685
160058,스타벅스,올림픽공원북문점,음식,커피점/카페,서울특별시,강동구,성내1동,37.5254709132425,127.125932145036
164338,스타벅스,삼성현대힐점,음식,커피점/카페,서울특별시,강남구,삼성2동,37.5134718899824,127.052704674305
164977,스타벅스,수서역R점,음식,커피점/카페,서울특별시,강남구,수서동,37.4880133628924,127.101842066177
165583,스타벅스,강남대로논현점,음식,커피점/카페,서울특별시,서초구,반포1동,37.507360608756,127.022582353053
165734,스타벅스,안국점,음식,커피점/카페,서울특별시,종로구,가회동,37.5773666774701,126.98563245418
166478,스타벅스,답십리역점,음식,커피점/카페,서울특별시,동대문구,답십리1동,37.568495187971,127.051102662847
167105,스타벅스,연희동점,음식,커피점/카페,서울특별시,서대문구,연희동,37.566797454407,126.930502161135
170160,스타벅스,동대문점,음식,커피점/카페,서울특별시,중구,광희동,37.5651606310157,127.007191644785
172138,스타벅스,등촌역점,음식,커피점/카페,서울특별시,양천구,목3동,37.5489513412167,126.868050547835
172139,스타벅스,이수자이점,음식,커피점/카페,서울특별시,동작구,사당1동,37.4844280516707,126.980908852661
172614,스타벅스,서울극장점,음식,커피점/카페,서울특별시,종로구,종로1.2.3.4가동,37.5696872619054,126.991645690511
172802,스타벅스,삼성역섬유센터R점,음식,커피점/카페,서울특별시,강남구,대치2동,37.5075786596138,127.060560942124
173184,스타벅스,타임스퀘어B2점,음식,커피점/카페,서울특별시,영등포구,영등포동,37.5172126661057,126.903914224263
176580,스타벅스,선릉점,음식,커피점/카페,서울특별시,강남구,대치4동,37.5037642661984,127.0511760602
177570,스타벅스,군자역점,음식,커피점/카페,서울특별시,광진구,군자동,37.5569305034381,127.079012895356
178530,스타벅스,목동7단지점,음식,커피점/카페,서울특별시,양천구,목1동,37.5280085767202,126.870595896767
183977,스타벅스,강북구청사거리점,음식,커피점/카페,서울특별시,강북구,수유3동,37.6400334380793,127.02732798436
191072,스타벅스,사당로데오점,음식,커피점/카페,서울특별시,서초구,방배2동,37.4773384162976,126.982147054224
191344,스타벅스,건대스타씨티점,음식,커피점/카페,서울특별시,광진구,자양3동,37.5369968145663,127.072944230258
191898,스타벅스,종로관철점,음식,커피점/카페,서울특별시,종로구,종로1.2.3.4가동,37.5690710988316,126.985982688043
194637,스타벅스,신림포도몰점,음식,커피점/카페,서울특별시,관악구,서원동,37.4838447505118,126.930215862294
200372,스타벅스,압구정신원빌딩R점,음식,커피점/카페,서울특별시,강남구,압구정동,37.527387399188,127.033091753681
201096,스타벅스,관악서울대입구R점,음식,커피점/카페,서울특별시,관악구,낙성대동,37.4792984699941,126.952791670408
202098,스타벅스,문정법원로R점,음식,커피점/카페,서울특별시,송파구,문정2동,37.4878840133883,127.120580668252
202814,스타벅스,광화문우체국점,음식,커피점/카페,서울특별시,종로구,종로1.2.3.4가동,37.5698319313931,126.978082271963
203012,스타벅스,금호역점,음식,커피점/카페,서울특별시,성동구,금호4가동,37.548027825008,127.015329383298
203743,스타벅스,가산에스케이점,음식,커피점/카페,서울특별시,금천구,가산동,37.4814819459092,126.880398452512
209104,스타벅스,이촌점,음식,커피점/카페,서울특별시,용산구,이촌1동,37.5186365047611,126.977265025442
210134,스타벅스,봉은사역점,음식,커피점/카페,서울특별시,강남구,삼성1동,37.5150235503471,127.063103291854
211096,스타벅스,강남교보타워R점,음식,커피점/카페,서울특별시,서초구,서초4동,37.5037508251603,127.024088422942
220127,스타벅스,방배점,음식,커피점/카페,서울특별시,서초구,방배4동,37.4919441682448,126.99050928001
220348,스타벅스,까치산역점,음식,커피점/카페,서울특별시,강서구,화곡1동,37.5322853352387,126.846035970796
221493,스타벅스,여의도의사당점,음식,커피점/카페,서울특별시,영등포구,여의동,37.5300751437533,126.921047769836
221579,스타벅스,여의도역점,음식,커피점/카페,서울특별시,영등포구,여의동,37.523357078957,126.923429755471
221988,스타벅스,학동역점,음식,커피점/카페,서울특별시,강남구,논현2동,37.5146002603752,127.030745538681
222270,스타벅스,,음식,커피점/카페,서울특별시,서초구,잠원동,37.5148500163394,127.019520989445
222783,스타벅스,홍대공항철도역점,음식,커피점/카페,서울특별시,마포구,서교동,37.5574955580318,126.925191088816
222939,스타벅스,은평이마트점,음식,커피점/카페,서울특별시,은평구,응암1동,37.6008195056276,126.920491206786
223363,스타벅스,한티역점,음식,커피점/카페,서울특별시,강남구,대치1동,37.496615204091,127.055213389641
223894,스타벅스,몬테소리점,음식,커피점/카페,서울특별시,서초구,서초4동,37.4982589797032,127.026828896545
225645,스타벅스,월곡역점,음식,커피점/카페,서울특별시,성북구,월곡2동,37.6018196933437,127.040441763055
225828,스타벅스,서래마을입구점,음식,커피점/카페,서울특별시,서초구,반포4동,37.4992570081851,126.998542320991
226046,스타벅스,장한평역점,음식,커피점/카페,서울특별시,동대문구,장안1동,37.562347565346,127.065476564871
226673,스타벅스,신촌아트레온점,음식,커피점/카페,서울특별시,서대문구,신촌동,37.5565510166296,126.94031422834
227147,스타벅스,순화동에이스점,음식,커피점/카페,서울특별시,중구,소공동,37.5635826036441,126.969202890528
227194,스타벅스,신촌대로점,음식,커피점/카페,서울특별시,서대문구,신촌동,37.5561993158556,126.939277954266
227916,스타벅스,을지병원사거리점,음식,커피점/카페,서울특별시,강남구,논현2동,37.5191511988017,127.028627805482
229036,스타벅스,포스코점,음식,커피점/카페,서울특별시,강남구,대치2동,37.5057645704233,127.057925714358
229098,스타벅스,사당역점,음식,커피점/카페,서울특별시,동작구,사당1동,37.4784758997485,126.981351491879
229346,스타벅스,서울세관사거리점,음식,커피점/카페,서울특별시,강남구,논현2동,37.5149114670439,127.035741342646
230725,스타벅스,은행사거리점,음식,커피점/카페,서울특별시,노원구,중계1동,37.6504980859283,127.075977431142
231391,스타벅스,자양사거리점,음식,커피점/카페,서울특별시,광진구,자양1동,37.5373601422673,127.082546387004
232380,스타벅스,우장산역점,음식,커피점/카페,서울특별시,강서구,발산1동,37.5495850540676,126.835923608019
233134,스타벅스,상봉역점,음식,커피점/카페,서울특별시,중랑구,상봉1동,37.596931775537,127.086458400452
233590,스타벅스,서울시청점,음식,커피점/카페,서울특별시,중구,명동,37.5662979098695,126.979941681875
234192,스타벅스,마포용강동점,음식,커피점/카페,서울특별시,마포구,용강동,37.5411962174171,126.942206318632
235318,스타벅스,송파나루역DT점,음식,커피점/카페,서울특별시,송파구,송파1동,37.5108197943058,127.110255915191
235377,스타벅스,용산리첸시아점,음식,커피점/카페,서울특별시,용산구,원효로1동,37.5379280661978,126.967960705689
235687,스타벅스,잠실시그마타워점,음식,커피점/카페,서울특별시,송파구,잠실6동,37.514608606632,127.102496257967
235688,스타벅스,명일역점,음식,커피점/카페,서울특별시,강동구,명일1동,37.5525521814196,127.143769399034
236019,스타벅스,몽촌토성역점,음식,커피점/카페,서울특별시,송파구,방이2동,37.5168335004047,127.113137000359
236373,스타벅스,북촌로점,음식,커피점/카페,서울특별시,종로구,가회동,37.579437112041,126.986453481237
236607,스타벅스,가락본동점,음식,커피점/카페,서울특별시,송파구,가락본동,37.4948807737535,127.118768373869
236608,스타벅스,충무로역점,음식,커피점/카페,서울특별시,중구,필동,37.5614259780878,126.993907621239
236846,스타벅스,압구정윤성빌딩점,음식,커피점/카페,서울특별시,강남구,압구정동,37.5228272843511,127.028602772391
237207,스타벅스,상도역점,음식,커피점/카페,서울특별시,동작구,상도1동,37.5032276822549,126.948431169421
237294,스타벅스,마리오아울렛점,음식,커피점/카페,서울특별시,금천구,가산동,37.47843551394,126.885068137309
238087,스타벅스,역삼포스코점,음식,커피점/카페,서울특별시,강남구,역삼1동,37.4993703754632,127.033792423212
238169,스타벅스,고대점,음식,커피점/카페,서울특별시,성북구,안암동,37.58391819363,127.029688991151
238765,스타벅스,노원역점,음식,커피점/카페,서울특별시,노원구,상계6.7동,37.6547599052796,127.060001689909
238900,스타벅스,구로NC점,음식,커피점/카페,서울특별시,구로구,구로5동,37.5006334843974,126.882758973119
239371,스타벅스,송파마천사거리DT점,음식,커피점/카페,서울특별시,송파구,마천2동,37.4997240049113,127.147630158629
240050,스타벅스,역삼대로점,음식,커피점/카페,서울특별시,강남구,역삼1동,37.5018745487421,127.039222819099
240993,스타벅스,현대미아점,음식,커피점/카페,서울특별시,성북구,길음2동,37.6083915431599,127.028725560472
242005,스타벅스,강남대로점,음식,커피점/카페,서울특별시,강남구,역삼1동,37.5031321984073,127.025555471117
242225,스타벅스,상암MBC점,음식,커피점/카페,서울특별시,마포구,상암동,37.5811104968407,126.890965756325
242423,스타벅스,여의도한양증권점,음식,커피점/카페,서울특별시,영등포구,여의동,37.5223993583573,126.929088635937
242944,스타벅스,수유역점,음식,커피점/카페,서울특별시,강북구,번1동,37.6380230767307,127.026107842176
243518,스타벅스,선릉역점,음식,커피점/카페,서울특별시,강남구,역삼2동,37.5039411013992,127.048515927976
244052,스타벅스,신논현역점,음식,커피점/카페,서울특별시,서초구,반포1동,37.5053148456229,127.023626959081
244343,스타벅스,서초중앙로점,음식,커피점/카페,서울특별시,서초구,반포4동,37.5016551524635,127.011539185408
244572,스타벅스,상명아트홀점,음식,커피점/카페,서울특별시,종로구,이화동,37.5833599952328,127.002715512416
245247,스타벅스,지에스타워점,음식,커피점/카페,서울특별시,강남구,역삼1동,37.5018857412981,127.037277378321
245613,스타벅스,한솔빌딩점,음식,커피점/카페,서울특별시,강남구,역삼1동,37.4997401884001,127.034941231236
247243,스타벅스,서울아트센터점,음식,커피점/카페,서울특별시,서초구,서초3동,37.4806673259512,127.012347140463
248194,스타벅스,회기역사거리점,음식,커피점/카페,서울특별시,동대문구,회기동,37.590844453232,127.056016389771
248216,스타벅스,교대점,음식,커피점/카페,서울특별시,서초구,서초1동,37.4923876590647,127.014217033954
249322,스타벅스,서소문점,음식,커피점/카페,서울특별시,중구,소공동,37.5634032341473,126.975510103913
250559,스타벅스,논현역점,음식,커피점/카페,서울특별시,서초구,잠원동,37.5115343141544,127.020627628152
251012,스타벅스,,음식,커피점/카페,서울특별시,중구,회현동,37.5601964424547,126.982911122996
251828,스타벅스,왕십리역점,음식,커피점/카페,서울특별시,성동구,왕십리도선동,37.5627419871963,127.033880102501
252488,스타벅스,명일이마트점,음식,커피점/카페,서울특별시,강동구,명일2동,37.5540007430118,127.155987402893
253590,스타벅스,삼성교점,음식,커피점/카페,서울특별시,강남구,대치2동,37.5078134808243,127.065172799171
254506,스타벅스,동부이촌동점,음식,커피점/카페,서울특별시,용산구,이촌1동,37.5210700185566,126.969052722363
258363,스타벅스,테헤란로아남타워점,음식,커피점/카페,서울특별시,강남구,역삼1동,37.5037402561125,127.044842676369
264693,스타벅스,청량리역사점,음식,커피점/카페,서울특별시,동대문구,전농1동,37.584191612425,127.051129904848
267355,스타벅스,영등포시장교차로점,음식,커피점/카페,서울특별시,영등포구,영등포동,37.5204523235818,126.904443773284
267532,스타벅스,선유도역1번출구점,음식,커피점/카페,서울특별시,영등포구,양평2동,37.53828239732,126.893648464904
267969,스타벅스,신월동DT점,음식,커피점/카페,서울특별시,양천구,신월5동,37.5382615529332,126.82707017183
268227,스타벅스,장위뉴타운점,음식,커피점/카페,서울특별시,성북구,장위3동,37.6179928706422,127.05152740981
270260,스타벅스,정동점,음식,커피점/카페,서울특별시,종로구,사직동,37.5685637529013,126.970051158151
270818,스타벅스,대치한티점,음식,커피점/카페,서울특별시,강남구,대치4동,37.4985184500709,127.052090642489
271095,스타벅스,중곡점,음식,커피점/카페,서울특별시,광진구,중곡1동,37.5576889014947,127.079207291007
271517,스타벅스,강남세곡점,음식,커피점/카페,서울특별시,강남구,세곡동,37.4672651860229,127.099908542356
272352,스타벅스,,음식,커피점/카페,서울특별시,광진구,중곡1동,37.5628143785149,127.081328799736
272724,스타벅스,태릉입구역DT점,음식,커피점/카페,서울특별시,노원구,공릉1동,37.6192490146291,127.079298179451
273252,스타벅스,서울역사점,음식,커피점/카페,서울특별시,용산구,남영동,37.5548283309992,126.971711545358
273791,스타벅스,도산사거리점,음식,커피점/카페,서울특별시,강남구,논현2동,37.5195925191515,127.0340973514
318076,스타벅스,서대문역점,음식,커피점/카페,서울특별시,종로구,교남동,37.5667914174507,126.966238212749
3872,스타벅스,세종청사점,음식,커피점/카페,세종특별자치시,세종특별자치시,도담동,36.5044219087118,127.270602585556
4908,스타벅스,세종첫마을점,음식,커피점/카페,세종특별자치시,세종특별자치시,새롬동,36.4802331481955,127.261812274344
6585,스타벅스,,음식,커피점/카페,세종특별자치시,세종특별자치시,도담동,36.5047211636574,127.25920208567
8134,스타벅스,세종충남대학교병원점,음식,커피점/카페,세종특별자치시,세종특별자치시,도담동,36.5195113428229,127.257944585708
6709,스타벅스,울산호계DT점,음식,커피점/카페,울산광역시,북구,농소2동,35.6379255024922,129.345059874931
6772,스타벅스,울산번영로점,음식,커피점/카페,울산광역시,남구,달동,35.5369521240713,129.32723966242
7645,스타벅스,울산대공원점,음식,커피점/카페,울산광역시,남구,옥동,35.5322306293017,129.293939708037
7706,스타벅스,현대동구점,음식,커피점/카페,울산광역시,동구,남목2동,35.5216650523243,129.43134802935
10360,스타벅스,,음식,커피점/카페,울산광역시,남구,신정5동,35.5413735592559,129.322680954482
10712,스타벅스,울산간절곶점,음식,커피점/카페,울산광역시,울주군,서생면,35.3590273657614,129.359221697871
11861,스타벅스,현대울산점,음식,커피점/카페,울산광역시,남구,삼산동,35.5395882403357,129.335829216833
14362,스타벅스,울산국가정원점,음식,커피점/카페,울산광역시,중구,태화동,35.5502204571126,129.297327795384
16741,스타벅스,울산삼산대로점,음식,커피점/카페,울산광역시,남구,삼산동,35.5391816517962,129.335105707021
16994,스타벅스,울산정자비치DT,음식,커피점/카페,울산광역시,북구,강동동,35.6271247739841,129.441195774978
17117,스타벅스,울산MBCDT점,음식,커피점/카페,울산광역시,중구,복산2동,35.5616454401906,129.332367669386
17422,스타벅스,울산성안점,음식,커피점/카페,울산광역시,중구,성안동,35.5779585661571,129.324231024709
18107,스타벅스,울산화봉점,음식,커피점/카페,울산광역시,북구,송정동,35.5886081327382,129.367350543941
18425,스타벅스,울산북구청DT점,음식,커피점/카페,울산광역시,북구,효문동,35.5834575436755,129.358954953022
20080,스타벅스,울산성안점,음식,커피점/카페,울산광역시,중구,성안동,35.5778756456257,129.324395147451
22773,스타벅스,울산시청사거리DT점,음식,커피점/카페,울산광역시,남구,달동,35.537174386977,129.313525807283
28537,스타벅스,울산성남동점,음식,커피점/카페,울산광역시,중구,중앙동,35.5539989584888,129.32121188414
29088,스타벅스,울산도산사거리DT점,음식,커피점/카페,울산광역시,남구,대현동,35.5308538930583,129.330182409251
31811,스타벅스,울산테라스파크점,음식,커피점/카페,울산광역시,동구,일산동,35.4998831478738,129.428856322972
34705,스타벅스,울산신정DT점,음식,커피점/카페,울산광역시,남구,신정2동,35.5336314254891,129.301129421213
35613,스타벅스,울산옥동점,음식,커피점/카페,울산광역시,남구,옥동,35.535503305037,129.289647722612
35879,스타벅스,울산삼산로점,음식,커피점/카페,울산광역시,남구,삼산동,35.5384991404322,129.337321870326
35882,스타벅스,울산대점,음식,커피점/카페,울산광역시,남구,무거동,35.5424661748374,129.260215897732
1232,스타벅스,부평GM점,음식,커피점/카페,인천광역시,부평구,청천2동,37.5123210624832,126.716208183935
2756,스타벅스,인천학익DT점,음식,커피점/카페,인천광역시,미추홀구,학익1동,37.4404127260492,126.662857568371
3598,스타벅스,송림트레이더스점,음식,커피점/카페,인천광역시,동구,송림4동,37.4830479192504,126.660334215495
6948,스타벅스,송도커넬워크점,음식,커피점/카페,인천광역시,연수구,송도2동,37.3993894514381,126.636899053684
7387,스타벅스,부평시장역점,음식,커피점/카페,인천광역시,부평구,부평4동,37.4967434418532,126.722966157679
7927,스타벅스,주안역점,음식,커피점/카페,인천광역시,미추홀구,주안1동,37.4637787831324,126.680697063593
8589,스타벅스,인천예술회관역점,음식,커피점/카페,인천광역시,남동구,구월3동,37.4494925033669,126.70140395171
8747,스타벅스,인하대점,음식,커피점/카페,인천광역시,미추홀구,용현1.4동,37.4518383950045,126.65496887223
12238,스타벅스,부평사거리점,음식,커피점/카페,인천광역시,부평구,부평1동,37.4937773550674,126.721976300472
13113,스타벅스,송도현대아울렛점,음식,커피점/카페,인천광역시,연수구,송도3동,37.3816179974817,126.657906604137
13257,스타벅스,인천청라점,음식,커피점/카페,인천광역시,서구,연희동,37.5320951581792,126.652024007389
16210,스타벅스,경인교대입구역DT점,음식,커피점/카페,인천광역시,계양구,작전2동,37.5355241965718,126.72218062374
17063,스타벅스,부평삼거리역DT점,음식,커피점/카페,인천광역시,남동구,간석3동,37.4765835220519,126.710172055203
17320,스타벅스,인천공항T2출국점,음식,커피점/카페,인천광역시,중구,운서동,37.4702212449086,126.432188550756
17321,스타벅스,영종하늘도시점,음식,커피점/카페,인천광역시,중구,영종1동,37.4896864017477,126.561319606003
17487,스타벅스,인천청라센트럴점,음식,커피점/카페,인천광역시,서구,청라2동,37.5354580119685,126.645118179854
17497,스타벅스,인천동춘DT점,음식,커피점/카페,인천광역시,연수구,동춘1동,37.4125076367235,126.664449524317
17916,스타벅스,인천송도점,음식,커피점/카페,인천광역시,연수구,송도1동,37.3964412125244,126.651667994765
17920,스타벅스,인천계산역DT점,음식,커피점/카페,인천광역시,계양구,계산2동,37.5435625210606,126.729806099757
18049,스타벅스,검단사거리역점,음식,커피점/카페,인천광역시,서구,검단동,37.6025888312057,126.657411863777
18558,스타벅스,부평점,음식,커피점/카페,인천광역시,부평구,부평5동,37.4915609612653,126.724490519331
20404,스타벅스,,음식,커피점/카페,인천광역시,서구,석남2동,37.5018015470379,126.671794959835
25600,스타벅스,인천계양점,음식,커피점/카페,인천광역시,계양구,계산4동,37.5398339232411,126.734995187174
27096,스타벅스,,음식,커피점/카페,인천광역시,미추홀구,용현5동,37.4518949333979,126.637879350416
27644,스타벅스,,음식,커피점/카페,인천광역시,옹진군,연평면,37.6613389150356,125.702212093379
30324,스타벅스,인천연수점,음식,커피점/카페,인천광역시,연수구,연수2동,37.4150995380404,126.677801052339
36605,스타벅스,인천공항입국점,음식,커피점/카페,인천광역시,중구,운서동,37.4583312600338,126.427689757152
37213,스타벅스,인천공항입국점,음식,커피점/카페,인천광역시,중구,운서동,37.440375362878,126.461321269491
40358,스타벅스,인천구월아시아드점,음식,커피점/카페,인천광역시,남동구,구월1동,37.4426767781353,126.708449034287
44349,스타벅스,,음식,커피점/카페,인천광역시,서구,가정1동,37.5173481458871,126.67455100083
47445,스타벅스,,음식,커피점/카페,인천광역시,미추홀구,숭의1.3동,37.4688688069756,126.650311535589
47879,스타벅스,연수이마트점,음식,커피점/카페,인천광역시,연수구,동춘3동,37.4042068908531,126.681109860775
50082,스타벅스,,음식,커피점/카페,인천광역시,부평구,십정2동,37.4731899455232,126.696517171835
56502,스타벅스,구월삼성화재점,음식,커피점/카페,인천광역시,남동구,구월3동,37.4515598141101,126.707516467322
56732,스타벅스,인천스퀘어원점,음식,커피점/카페,인천광역시,연수구,동춘3동,37.4059827608181,126.683608823553
57166,스타벅스,인천삼산점,음식,커피점/카페,인천광역시,부평구,삼산2동,37.5072079502966,126.734177433202
61723,스타벅스,신세계인천2층점,음식,커피점/카페,인천광역시,미추홀구,관교동,37.4424719089244,126.701265389639
61856,스타벅스,인천서구청DT점,음식,커피점/카페,인천광역시,서구,연희동,37.5422818254116,126.676372792805
67026,스타벅스,인천강화DT,음식,커피점/카페,인천광역시,강화군,강화읍,37.7424669061444,126.49115639122
69839,스타벅스,송도트리플R점,음식,커피점/카페,인천광역시,연수구,송도3동,37.3798503206673,126.660941544716
74356,스타벅스,구월로데오점,음식,커피점/카페,인천광역시,남동구,구월3동,37.4441847227165,126.702162449656
79577,스타벅스,인천청라한신점,음식,커피점/카페,인천광역시,서구,청라2동,37.5323714151314,126.647029530775
81728,스타벅스,인천당하DT점,음식,커피점/카페,인천광역시,서구,당하동,37.5933047337218,126.675424232948
81779,스타벅스,,음식,커피점/카페,인천광역시,미추홀구,주안5동,37.4683465393956,126.679848083691
82414,스타벅스,인천구월점,음식,커피점/카페,인천광역시,남동구,구월3동,37.4462083885775,126.701008677583
86917,스타벅스,인천작전점,음식,커피점/카페,인천광역시,계양구,작전2동,37.5271063759005,126.721973525401
88152,스타벅스,송도캐슬파크점,음식,커피점/카페,인천광역시,연수구,송도1동,37.3853482323647,126.641331317386
89479,스타벅스,,음식,커피점/카페,인천광역시,남동구,만수5동,37.4590968183634,126.725336057193
90801,스타벅스,송도컨벤시아대로DT점,음식,커피점/카페,인천광역시,연수구,송도1동,37.3824669350127,126.636810260053
91217,스타벅스,스터디,음식,커피점/카페,인천광역시,서구,석남2동,37.5049358714013,126.672485884862
91581,스타벅스,간석중앙공원DT점,음식,커피점/카페,인천광역시,남동구,간석4동,37.4633599600859,126.700632853668
11692,스타벅스,여수여천점,음식,커피점/카페,전라남도,여수시,쌍봉동,34.7598317702435,127.667124909884
12012,스타벅스,순천호수공원점,음식,커피점/카페,전라남도,순천시,왕조1동,34.968162790908,127.523253256472
12877,스타벅스,여수둔덕DT점,음식,커피점/카페,전라남도,여수시,둔덕동,34.7687637940985,127.697525133486
20051,스타벅스,여수학동DT점,음식,커피점/카페,전라남도,여수시,쌍봉동,34.761455513026,127.660968360259
20918,스타벅스,여수해양공원점,음식,커피점/카페,전라남도,여수시,동문동,34.7383460585963,127.744256312045
21875,스타벅스,목포터미널DT점,음식,커피점/카페,전라남도,목포시,상동,34.8099102390918,126.416859331206
25160,스타벅스,목포북항DT점,음식,커피점/카페,전라남도,목포시,원산동,34.8086500365469,126.373257005064
28459,스타벅스,목포하당점,음식,커피점/카페,전라남도,목포시,하당동,34.8039190221403,126.419858873408
30620,스타벅스,순천신대점,음식,커피점/카페,전라남도,순천시,해룡면,34.9333728138962,127.551006613855
44862,스타벅스,왕년에,음식,한식,전라남도,목포시,이로동,34.7935744739686,126.42637180264
45553,스타벅스,목포평화광장점,음식,커피점/카페,전라남도,목포시,신흥동,34.7969931630834,126.434950087988
52408,스타벅스,,음식,커피점/카페,전라남도,광양시,중마동,34.9410058538164,127.688497416836
53964,스타벅스,,음식,커피점/카페,전라남도,나주시,금남동,35.0311155236741,126.7161283579
60456,스타벅스,전남광양DT점,음식,커피점/카페,전라남도,광양시,중마동,34.9431929240448,127.697816619358
61757,스타벅스,목포옥암점,음식,커피점/카페,전라남도,목포시,옥암동,34.807395032453,126.42725658477
66129,스타벅스,순천연향점,음식,커피점/카페,전라남도,순천시,덕연동,34.9522617137116,127.518867247306
71944,스타벅스,,음식,커피점/카페,전라남도,진도군,진도읍,34.4844530882041,126.259256989893
75506,스타벅스,야옹이,음식,커피점/카페,전라남도,순천시,해룡면,34.9268614590069,127.552705802597
93065,스타벅스,여수웅천점,음식,커피점/카페,전라남도,여수시,시전동,34.7462654524424,127.670903631847
99103,스타벅스,순천용당DT점,음식,커피점/카페,전라남도,순천시,삼산동,34.9802228812675,127.485353175189
100240,스타벅스,전남도청점DT점,음식,커피점/카페,전라남도,무안군,삼향읍,34.8102466001672,126.460633494982
100703,스타벅스,여수신월DT점,음식,커피점/카페,전라남도,여수시,월호동,34.7248430355023,127.708789682538
9730,스타벅스,전북도청점,음식,커피점/카페,전라북도,전주시,효자5동,35.8156023530942,127.109328697389
10304,스타벅스,군산수송점,음식,커피점/카페,전라북도,군산시,수송동,35.9642174924261,126.717190988493
11423,스타벅스,전북대점,음식,커피점/카페,전라북도,전주시,덕진동,35.8429411780717,127.126812082397
14579,스타벅스,,음식,커피점/카페,전라북도,익산시,인화동,35.9360537234711,126.959362602124
16423,스타벅스,전주중화산점,음식,커피점/카페,전라북도,전주시,중화산2동,35.825113310981,127.116947332172
19012,스타벅스,전북대병원DT점,음식,커피점/카페,전라북도,전주시,금암1동,35.8415725981338,127.136988857547
20344,스타벅스,전주송천DT점,음식,커피점/카페,전라북도,전주시,송천1동,35.8674121709054,127.121937317537
21288,스타벅스,,음식,커피점/카페,전라북도,임실군,임실읍,35.6154306393208,127.28128890205
21339,스타벅스,군산나운DT점,음식,커피점/카페,전라북도,군산시,나운1동,35.9627664461707,126.695452879406
24268,스타벅스,전주경원점,음식,커피점/카페,전라북도,전주시,중앙동,35.8197603790427,127.144484592614
25457,스타벅스,익산모현점,음식,커피점/카페,전라북도,익산시,모현동,35.948506773147,126.942561956423
37188,스타벅스,익산영등점,음식,커피점/카페,전라북도,익산시,영등1동,35.9581148483056,126.973761629247
42079,스타벅스,전주혁신도시,음식,커피점/카페,전라북도,전주시,혁신동,35.8380968285569,127.059355631874
44962,스타벅스,전주효자DT점,음식,커피점/카페,전라북도,전주시,효자3동,35.805737239414,127.111120649965
48694,스타벅스,,음식,커피점/카페,전라북도,전주시,덕진동,35.8428951318441,127.124200149648
55171,스타벅스,전주인후DT점,음식,커피점/카페,전라북도,전주시,인후3동,35.8257497447647,127.164363586808
72753,스타벅스,전주신시가지,음식,커피점/카페,전라북도,전주시,효자5동,35.8172576393906,127.101641422754
73334,스타벅스,전주백제대로DT점,음식,커피점/카페,전라북도,전주시,중화산1동,35.8145705726787,127.123460063702
83382,스타벅스,,음식,커피점/카페,전라북도,부안군,변산면,35.6251949659202,126.471703975806
83412,스타벅스,전주서신점,음식,커피점/카페,전라북도,전주시,서신동,35.834616144257,127.116133662159
84317,스타벅스,전주홍산로점,음식,커피점/카페,전라북도,전주시,효자5동,35.8148690267866,127.106459794747
84930,스타벅스,전주한옥마을점,음식,커피점/카페,전라북도,전주시,풍남동,35.8134349618452,127.148547123021
84967,스타벅스,군산대점,음식,커피점/카페,전라북도,군산시,나운3동,35.9457293175808,126.686046044988
88872,스타벅스,전주평화DT점,음식,커피점/카페,전라북도,전주시,평화2동,35.7884157525045,127.131092571279
98109,스타벅스,군산수송DT점,음식,커피점/카페,전라북도,군산시,수송동,35.9589336259892,126.715269997242
113140,스타벅스,,관광/여가/오락,PC/오락/당구/볼링등,전라북도,익산시,모현동,35.9488650658974,126.935175088124
3100,스타벅스,제주송악산점,음식,커피점/카페,제주특별자치도,서귀포시,대정읍,33.2067610874865,126.290034671774
3817,스타벅스,성산일출봉점,음식,커피점/카페,제주특별자치도,서귀포시,성산읍,33.4628587540748,126.935551637327
3822,스타벅스,신제주이마트점,음식,커피점/카페,제주특별자치도,제주시,노형동,33.4849558726493,126.48048924974
7242,스타벅스,제주칠성점,음식,커피점/카페,제주특별자치도,제주시,일도1동,33.5133377606684,126.525294207395
7373,스타벅스,제주용담DT점,음식,커피점/카페,제주특별자치도,제주시,용담2동,33.5123863259434,126.484562504204
7406,스타벅스,제주협재점,음식,커피점/카페,제주특별자치도,제주시,한림읍,33.3938603098288,126.240293419561
7460,스타벅스,제주도남DT점,음식,커피점/카페,제주특별자치도,제주시,이도2동,33.4803193018594,126.523540836394
8642,스타벅스,제주삼화DT점,음식,커피점/카페,제주특별자치도,제주시,삼양동,33.5117286718881,126.580491514561
8700,스타벅스,제주외도DT점,음식,커피점/카페,제주특별자치도,제주시,외도동,33.4923139365268,126.427130097883
13211,스타벅스,제주에듀시티점,음식,커피점/카페,제주특별자치도,서귀포시,대정읍,33.2917907142504,126.284362663089
13731,스타벅스,,음식,커피점/카페,제주특별자치도,제주시,건입동,33.5162151893443,126.53072389528
14377,스타벅스,제주일도DT점,음식,커피점/카페,제주특별자치도,제주시,일도2동,33.5072740976107,126.540851581672
18915,스타벅스,제주시청점,음식,커피점/카페,제주특별자치도,제주시,이도2동,33.500569227167,126.529653907001
19976,스타벅스,제주신화월드점,음식,커피점/카페,제주특별자치도,서귀포시,안덕면,33.2897549496861,126.334191092445
35574,스타벅스,제주성산DT점,음식,커피점/카페,제주특별자치도,서귀포시,성산읍,33.4497462306293,126.920632326286
40197,스타벅스,제주서귀포점,음식,커피점/카페,제주특별자치도,서귀포시,중앙동,33.2477997221587,126.562079044353
40919,스타벅스,제주서해안로디티점,음식,커피점/카페,제주특별자치도,제주시,용담2동,33.5167823853279,126.503547640589
5902,스타벅스,천안이마트점,음식,커피점/카페,충청남도,천안시,쌍용1동,36.7959209895002,127.127098209824
9249,스타벅스,공주신관점,음식,커피점/카페,충청남도,공주시,신관동,36.4745780896933,127.140021996153
10273,스타벅스,천안성정DT,음식,커피점/카페,충청남도,천안시,성정2동,36.8254131149368,127.140293289488
10324,스타벅스,천안신부동더샵점,음식,커피점/카페,충청남도,천안시,신안동,36.8193135808205,127.153038554206
13041,스타벅스,천안청당점,음식,커피점/카페,충청남도,천안시,청룡동,36.785541590671,127.157376509891
13310,스타벅스,천안아이씨디티점,음식,커피점/카페,충청남도,천안시,신안동,36.8203998509694,127.161354772108
20236,스타벅스,천안서북이마트점,음식,커피점/카페,충청남도,천안시,백석동,36.8385650038699,127.122331043382
20784,스타벅스,충남보령DT점,음식,커피점/카페,충청남도,보령시,대천4동,36.34085653788,126.589167836044
21159,스타벅스,당진시곡DT점,음식,커피점/카페,충청남도,당진시,당진3동,36.902668767122,126.683655627847
21310,스타벅스,천안불당DT점,음식,커피점/카페,충청남도,천안시,불당2동,36.8054076722756,127.106123767461
21477,스타벅스,아산방축DT점,음식,커피점/카페,충청남도,아산시,온양4동,36.7836485520876,126.992729094142
21481,스타벅스,천안백석점,음식,커피점/카페,충청남도,천안시,백석동,36.8237984405722,127.121580544892
21805,스타벅스,천안두정역DT점,음식,커피점/카페,충청남도,천안시,부성1동,36.8328640956076,127.146319736018
22382,스타벅스,천안두정점,음식,커피점/카페,충청남도,천안시,부성2동,36.8339975925288,127.134827243925
24705,스타벅스,아산배방점,음식,커피점/카페,충청남도,아산시,배방읍,36.7748418360432,127.053907028697
44428,스타벅스,서산예천DT점,음식,커피점/카페,충청남도,서산시,석남동,36.7717475113415,126.440156233757
46038,스타벅스,천안불당점,음식,커피점/카페,충청남도,천안시,불당1동,36.8100398318409,127.110956309187
47753,스타벅스,천안안서점,음식,커피점/카페,충청남도,천안시,신안동,36.8301263229883,127.179857712341
51862,스타벅스,천안시청점,음식,커피점/카페,충청남도,천안시,불당2동,36.8165042326803,127.106555165591
52634,스타벅스,,음식,커피점/카페,충청남도,서천군,한산면,36.0855756974115,126.804014150373
60071,스타벅스,논산중앙점,음식,커피점/카페,충청남도,논산시,취암동,36.2011337760096,127.09000312225
60420,스타벅스,천안신불당점,음식,커피점/카페,충청남도,천안시,불당2동,36.8123711066562,127.108183476833
60787,스타벅스,아산탕정점,음식,커피점/카페,충청남도,아산시,탕정면,36.7985501582907,127.058288244499
62420,스타벅스,,음식,커피점/카페,충청남도,예산군,덕산면,36.7054521868323,126.668639325755
63559,스타벅스,당진문예의전당점,음식,커피점/카페,충청남도,당진시,당진1동,36.8911905822951,126.639045316489
64702,스타벅스,공주동학사DT점,음식,커피점/카페,충청남도,공주시,반포면,36.3633822719991,127.253557279621
66067,스타벅스,,음식,커피점/카페,충청남도,아산시,인주면,36.8528921284087,126.881739294016
66172,스타벅스,,음식,커피점/카페,충청남도,서산시,대산읍,36.93923650849,126.433526831041
72547,스타벅스,천안서부대로DT점,음식,커피점/카페,충청남도,천안시,쌍용3동,36.8035905093646,127.127179265886
74132,스타벅스,,음식,커피점/카페,충청남도,청양군,청양읍,36.4499461243318,126.803029343635
86995,스타벅스,서산호수점,음식,커피점/카페,충청남도,서산시,부춘동,36.7766273249225,126.448794639594
93319,스타벅스,아산터미널점,음식,커피점/카페,충청남도,아산시,온양3동,36.7838906655813,127.016275490968
95743,스타벅스,논산내동DT점,음식,커피점/카페,충청남도,논산시,취암동,36.182099887318,127.099617319424
99035,스타벅스,,음식,커피점/카페,충청남도,서천군,장항읍,36.0099985891099,126.698568516444
103466,스타벅스,,음식,커피점/카페,충청남도,천안시,성환읍,36.9160990566132,127.128278110983
112013,스타벅스,홍주천년,음식,커피점/카페,충청남도,홍성군,홍성읍,36.5970668084805,126.653818377288
3472,스타벅스,청주강서점,음식,커피점/카페,충청북도,청주시,강서1동,36.625384521157,127.429616825902
14089,스타벅스,오창과학단지점,음식,커피점/카페,충청북도,청주시,오창읍,36.7164925770087,127.423268710553
15489,스타벅스,충주호암DT점,음식,커피점/카페,충청북도,충주시,호암.직동,36.9590055491945,127.923658928788
15654,스타벅스,충북혁신도시점,음식,커피점/카페,충청북도,음성군,맹동면,36.908228925999,127.54374361802
15761,스타벅스,충북증평점,음식,커피점/카페,충청북도,증평군,증평읍,36.7890333549782,127.578927702778
16399,스타벅스,청주이마트점,음식,커피점/카페,충청북도,청주시,산남동,36.6011775560599,127.474615913538
16538,스타벅스,청주비하DT점,음식,커피점/카페,충청북도,청주시,강서1동,36.6384429995351,127.422128860706
17768,스타벅스,,음식,커피점/카페,충청북도,보은군,보은읍,36.4845807668219,127.71815759489
19555,스타벅스,청주용암DT점,음식,커피점/카페,충청북도,청주시,용암1동,36.6075489094552,127.504004920994
34660,스타벅스,,음식,커피점/카페,충청북도,청주시,성안동,36.6335052636079,127.489402714752
36487,스타벅스,충주터미널점,음식,커피점/카페,충청북도,충주시,봉방동,36.9806999728653,127.915190289082
38757,스타벅스,청주용담DT점,음식,커피점/카페,충청북도,청주시,용담.명암.산성동,36.6341930014711,127.505019511322
49006,스타벅스,청주터미널점,음식,커피점/카페,충청북도,청주시,가경동,36.6265596956502,127.432258044964
50174,스타벅스,청주사직DT점,음식,커피점/카페,충청북도,청주시,사직2동,36.6358121572148,127.481011962476
57649,스타벅스,충주시청DT점,음식,커피점/카페,충청북도,충주시,칠금.금릉동,36.9900900455957,127.9287618413
60894,스타벅스,제천DT점,음식,커피점/카페,충청북도,제천시,중앙동,37.143810601052,128.21285080093
67363,스타벅스,충북대점,음식,커피점/카페,충청북도,청주시,사창동,36.6339871447744,127.459711283098
68325,스타벅스,청주율량DT점,음식,커피점/카페,충청북도,청주시,율량.사천동,36.6662702690272,127.492933913665
72618,스타벅스,충주연수점,음식,커피점/카페,충청북도,충주시,연수동,36.9827336746648,127.939911813065
75348,스타벅스,,음식,커피점/카페,충청북도,음성군,원남면,36.8764664459751,127.654434431807
82408,스타벅스,,음식,커피점/카페,충청북도,제천시,청전동,37.1468063775359,128.210619017534
86908,스타벅스,청주복대지웰점,음식,커피점/카페,충청북도,청주시,복대1동,36.6415724470761,127.428200269132
