종목명,현재가,전일비,등락률,매수호가,매도호가,거래량,거래대금,전일거래량,조회일자,종목코드,시장구분,매출액,영업이익,당기순이익,영업이익률,순이익률,ROE(지배주주),부채비율,당좌비율,유보율,EPS(원)_x,PER(배)_x,BPS(원)_x,PBR(배)_x,상장주식수,외국인한도주식수(A),외국인보유주식수(B),외국인소진율(B/A),동일업종 PER,동일업종 등락률,코스피/코스닥,시가총액(억원),시가총액순위(전처리),52주최고,52주최저,52주차액,52주차액비율,현재-최고가,현재/최고가비율,목표주가,투자의견,매수매도,PER,EPS,PER(배)_y,EPS(원)_y,PBR(배)_y,BPS(원)_y,배당수익률%
카이노스메드 *,4880.0,1050.0,+27.42%,4870.0,4875.0,4351347.0,21353.0,55714.0,2022-12-20,284620,KOSDAQ,-,-28,-14,-6497.05,-3232.27,-64.03,23.85,401.64,119.98,-55.0,-7.59,1277.0,2.92,27922396,27922396,848458,3.04%,86.35,-1.39%,코스닥,1361,592,14464,3020,11444,4.789403973509934,-9584.0,0.33738938053097345,N/A,,,,-440원,,-440.0,3.82,1277.0,
위더스제약 *,9250.0,1330.0,+16.79%,9260.0,9280.0,6290079.0,58089.0,18884.0,2022-12-20,330350,KOSDAQ,170.0,23.0,11.0,13.48,6.66,6.62,49.54,123.45,3072.69,86.0,15.32,6397.0,0.98,13192778,13192778,81617,0.62%,86.35,-1.39%,코스닥,1278,675,16100,5960,10140,2.7013422818791946,-6850.0,0.5745341614906833,N/A,,,23.58배,411원,23.58,411.0,1.51,6397.0,0.5
휴럼 *,1315.0,100.0,+8.23%,1320.0,1325.0,19215503.0,27731.0,703004.0,2022-12-20,353190,KOSDAQ,470.0,19.0,16.0,3.95,3.38,11.78,37.66,221.78,2164.92,174.0,6.92,11344.0,0.76,9200224,9200224,85674,0.93%,86.35,-1.39%,코스닥,966,832,22500,7770,14730,2.8957528957528957,-21185.0,0.058444444444444445,N/A,,,8.46배,"1,241원",8.46,1241.0,0.93,11344.0,2.38
뉴트리 *,10450.0,560.0,+5.66%,10500.0,10550.0,431705.0,4576.0,98305.0,2022-12-20,270870,KOSDAQ,254.0,15.0,11.0,5.91,4.26,,9.71,502.61,6221.53,112.0,,6319.0,1.04,14155000,14155000,104743,0.74%,86.35,-1.42%,코스닥,1243,663,15300,6010,9290,2.545757071547421,-4850.0,0.6830065359477124,N/A,,,16.82배,522원,16.82,522.0,1.39,6319.0,
프롬바이오 *,8760.0,440.0,+5.29%,8700.0,8710.0,2042374.0,18063.0,444412.0,2022-12-20,377220,KOSDAQ,581.0,42.0,38.0,7.19,6.47,16.33,52.84,86.58,1780.91,209.0,8.01,10613.0,1.08,18754848,18754848,328682,1.75%,86.35,-1.39%,코스닥,1941,402,22822,9700,13122,2.352783505154639,-14062.0,0.3838401542371396,N/A,,,7.20배,"1,437원",7.2,1437.0,0.98,10613.0,1.5
노바렉스 *,10350.0,250.0,+2.48%,10350.0,10400.0,370009.0,3854.0,89498.0,2022-12-20,194700,KOSDAQ,319.0,78.0,62.0,24.61,19.46,18.7,53.94,158.88,3428.03,622.0,7.52,15422.0,1.21,9971194,9971194,491829,4.93%,86.35,-1.39%,코스닥,2473,293,25750,17850,7900,1.442577030812325,-15400.0,0.40194174757281553,"33,000",4.0,매수,10.37배,"2,391원",10.37,2391.0,1.61,15422.0,1.61
휴메딕스 *,24850.0,600.0,+2.47%,24950.0,25000.0,79552.0,1997.0,20590.0,2022-12-20,200670,KOSDAQ,279.0,29.0,34.0,10.41,12.02,7.78,62.81,76.15,957.2,189.0,16.29,5264.0,1.23,17752276,17752276,215773,1.22%,86.35,-1.39%,코스닥,1552,509,11100,5910,5190,1.8781725888324874,13750.0,2.2387387387387387,N/A,,,21.96배,398원,21.96,398.0,1.66,5264.0,0.92
녹십자웰빙 *,8730.0,200.0,+2.34%,8800.0,8810.0,4501573.0,42519.0,249794.0,2022-12-20,234690,KOSDAQ,244.0,-43.0,-34.0,-17.63,-13.94,-12.96,51.13,134.86,610.22,-97.0,-32.81,4072.0,3.5,31480573,31480573,1599722,5.08%,86.35,-1.39%,코스닥,3400,188,16050,7450,8600,2.1543624161073827,-7320.0,0.5439252336448598,N/A,,,,-372원,,-372.0,2.65,4072.0,
HLB테라퓨틱스 *,10850.0,100.0,+0.93%,10850.0,10900.0,119357.0,1306.0,191773.0,2022-12-20,115450,KOSDAQ,1676.0,189.0,180.0,11.26,10.76,11.53,96.69,68.26,7311.42,1312.0,7.83,39528.0,0.81,11569113,11569113,1208208,10.44%,86.35,-1.34%,코스닥,3899,376,44750,29400,15350,1.522108843537415,-33900.0,0.2424581005586592,"52,000",4.0,매수,8.26배,"4,080원",8.26,4080.0,0.85,39528.0,1.48
서흥,33650.0,300.0,+0.90%,33800.0,33850.0,17661.0,596.0,9208.0,2022-12-20,008490,KOSPI,4315.0,-45.0,55.0,-1.05,1.28,3.91,24.7,195.2,2609.51,101.0,54.11,28132.0,1.93,1180940,1180940,0,0.00%,86.35,-1.39%,코스피,687,929,72800,51000,21800,1.427450980392157,-39150.0,0.46222527472527475,"76,450",4.0,매수,58.03배,"1,003원",58.03,1003.0,2.07,28132.0,0.7
유한양행우,58200.0,500.0,+0.87%,57800.0,58200.0,888.0,51.0,1951.0,2022-12-20,000105,KOSPI,167.0,-46.0,-64.0,-27.7,-38.17,-45.14,171.64,42.08,709.36,-216.0,-2.83,2834.0,1.44,19001657,19001657,178670,0.94%,86.35,-1.34%,코스피,754,999,15660,2885,12775,5.428076256499134,42540.0,3.7164750957854404,N/A,,,,"-1,445원",,-1445.0,1.4,2834.0,
아이큐어 *,4015.0,25.0,+0.63%,4060.0,4085.0,1445058.0,5933.0,2257535.0,2022-12-20,175250,KOSDAQ,,,,,,,,,,,,,,8205348,8205348,44638,0.54%,86.35,-1.42%,코스닥,862,939,16300,9410,6890,1.7321997874601487,-12285.0,0.24631901840490797,N/A,,,,,,,,,
인벤티지랩 *,10200.0,50.0,+0.49%,10300.0,10350.0,1318373.0,13943.0,537139.0,2022-12-20,389470,KOSDAQ,-,-39,-46,-26605.82,-31091.17,-21.86,6.84,2142.39,384.09,-207.0,-22.89,2446.0,5.44,22298866,22298866,335027,1.50%,86.35,-1.42%,코스닥,2821,246,40500,11700,28800,3.4615384615384617,-30300.0,0.2518518518518518,N/A,,,,-464원,,-464.0,5.17,2446.0,
압타바이오 *,12650.0,50.0,+0.40%,12850.0,12900.0,734578.0,9704.0,67651.0,2022-12-20,293780,KOSDAQ,4315.0,-45.0,55.0,-1.05,1.28,3.91,24.7,195.2,2609.51,101.0,54.11,28132.0,1.93,73231476,73231476,14737782,20.12%,86.35,-1.39%,코스닥,43353,71,67200,52800,14400,1.2727272727272727,-54550.0,0.18824404761904762,"76,450",4.0,매수,59.02배,"1,003원",59.02,1003.0,2.1,28132.0,0.65
유한양행,59000.0,0.0,0.00%,59200.0,59300.0,141322.0,8430.0,108168.0,2022-12-20,000100,KOSPI,1698.0,116.0,81.0,6.8,4.79,5.77,210.27,68.66,280.72,352.0,34.13,9216.0,1.91,200000,200000,247,0.12%,86.35,-1.42%,코스피,132,1445,75800,51500,24300,1.4718446601941748,-16800.0,0.7783641160949868,"31,200",4.0,매수,127.91배,516원,127.91,516.0,7.16,9216.0,0.49
JW중외제약2우B,66000.0,0.0,0.00%,65100.0,66000.0,2.0,0.0,1.0,2022-12-20,001067,KOSPI,534.0,46.0,40.0,8.54,7.41,6.5,45.08,131.55,2255.74,297.0,10.18,13069.0,0.57,13042420,13042420,555925,4.26%,86.35,-1.42%,코스피,1216,669,12950,7140,5810,1.8137254901960784,53050.0,5.096525096525096,N/A,,,12.84배,726원,12.84,726.0,0.71,13069.0,2.36
안국약품 *,9400.0,0.0,0.00%,9430.0,9460.0,18750.0,177.0,21534.0,2022-12-20,001540,KOSDAQ,496.0,-13.0,-20.0,-2.69,-3.95,-0.52,47.29,389.19,768.78,-10.0,-399.73,3819.0,1.95,71063049,71063049,3818145,5.37%,86.35,-1.42%,코스닥,6637,275,14000,6800,7200,2.0588235294117645,-4600.0,0.6714285714285714,N/A,,,,-19원,,-19.0,2.45,3819.0,1.07
부광약품,9320.0,0.0,0.00%,9400.0,9410.0,300176.0,2812.0,469703.0,2022-12-20,003000,KOSPI,3319.0,301.0,212.0,9.07,6.39,14.01,103.35,73.85,2200.86,1769.0,22.25,56874.0,2.78,11586575,11586575,891288,7.69%,86.35,-1.42%,코스피,17843,154,195500,127000,68500,1.5393700787401574,-186180.0,0.047672634271099745,"224,211",4.0,매수,21.69배,"7,100원",21.69,7100.0,2.71,56874.0,0.39
대웅제약,153500.0,0.0,0.00%,154000.0,154500.0,8420.0,1297.0,15158.0,2022-12-20,069620,KOSPI,56.0,-30.0,-49.0,-52.64,-87.44,-16.15,29.89,386.55,397.76,-58.0,-6.81,2497.0,0.86,84288078,84288078,7532802,8.94%,86.35,-1.42%,코스피,1513,519,10855,1695,9160,6.404129793510324,142645.0,14.140948871487794,N/A,,,,-316원,,-316.0,0.72,2497.0,
엔지켐생명과학 *,1800.0,0.0,0.00%,1810.0,1815.0,2407689.0,4518.0,1954982.0,2022-12-20,183490,KOSDAQ,47.0,-2.0,-3.0,-5.05,-6.53,-10.67,137.88,101.84,150.95,-5.0,-28.36,254.0,2.93,62104061,62104061,265254,0.43%,86.35,-1.39%,코스닥,478,1318,1365,655,710,2.0839694656488548,435.0,1.3186813186813187,N/A,,,,-26원,,-26.0,3.03,254.0,
지엘팜텍 *,770.0,0.0,0.00%,770.0,771.0,35859.0,28.0,63446.0,2022-12-20,204840,KOSDAQ,224.0,2.0,-2.0,0.9,-0.97,0.72,45.37,194.47,717.31,-25.0,113.96,5100.0,0.82,8610587,8610587,201937,2.35%,86.35,-1.36%,코스닥,346,1465,7050,3650,3400,1.9315068493150684,-6280.0,0.10921985815602837,N/A,,,108.65배,37원,108.65,37.0,0.79,5100.0,
진바이오텍 *,4050.0,5.0,-0.12%,4050.0,4060.0,10776.0,44.0,19207.0,2022-12-20,086060,KOSDAQ,1698.0,116.0,81.0,6.8,4.79,5.77,210.27,68.66,280.72,352.0,34.13,9216.0,1.91,325655,325655,66,0.02%,86.35,-1.42%,코스닥,114,1510,39000,30650,8350,1.272430668841762,-34950.0,0.10384615384615385,"31,200",4.0,매수,67.64배,516원,67.64,516.0,3.79,9216.0,1.0
JW중외제약우,34900.0,50.0,-0.14%,34500.0,34850.0,10.0,0.0,143.0,2022-12-20,001065,KOSPI,1038.0,135.0,80.0,12.97,7.66,7.35,70.0,113.76,1799.97,211.0,97.08,9311.0,6.88,37701974,37701974,3119801,8.27%,86.35,-1.36%,코스피,25600,8,136100,59700,76400,2.2797319932998326,-101200.0,0.25642909625275534,N/A,,,102.88배,660원,102.88,660.0,7.29,9311.0,
셀트리온제약 *,68100.0,100.0,-0.15%,68400.0,68500.0,76221.0,5232.0,115688.0,2022-12-20,068760,KOSDAQ,1742.0,-249.0,-239.0,-14.32,-13.75,-136.42,277.6,57.52,351.05,-1028.0,-2.62,4890.0,4.89,11540400,11540400,117907,1.02%,86.35,-1.39%,코스닥,3393,405,59200,10950,48250,5.406392694063927,8900.0,1.150337837837838,N/A,,,,"-9,111원",,-9111.0,6.01,4890.0,0.34
일동홀딩스,29350.0,50.0,-0.17%,29450.0,29500.0,274694.0,8146.0,333938.0,2022-12-20,000230,KOSPI,296.0,6.0,7.0,2.1,2.48,-0.24,20.98,136.75,535.05,14.0,-1847.89,3039.0,4.38,52240638,52240638,3035628,5.81%,86.35,-1.36%,코스피,8332,246,21700,12450,9250,1.7429718875502007,7650.0,1.3525345622119815,"23,250",4.0,매수,,-7원,,-7.0,5.25,3039.0,
한올바이오파마,15950.0,50.0,-0.31%,16050.0,16100.0,47170.0,758.0,67788.0,2022-12-20,009420,KOSPI,1617.0,146.0,215.0,9.04,13.29,3.09,78.39,143.01,1159.17,2544.0,20.53,79792.0,0.62,8446538,8446538,1739578,20.60%,86.35,-1.42%,코스피,5119,320,72700,47100,25600,1.5435244161358812,-56750.0,0.21939477303988997,"76,714",4.0,매수,24.98배,"2,426원",24.98,2426.0,0.76,79792.0,1.65
동아에스티,60800.0,200.0,-0.33%,61200.0,61300.0,1825.0,111.0,4301.0,2022-12-20,170900,KOSPI,454.0,7.0,-19.0,1.53,-4.23,-6.64,269.16,37.01,930.85,-140.0,-22.2,6165.0,1.32,13714450,13714450,256309,1.87%,86.35,-1.36%,코스피,1127,746,10150,6740,3410,1.5059347181008902,50650.0,5.990147783251231,N/A,,,,-366원,,-366.0,1.33,6165.0,0.97
삼일제약,8250.0,30.0,-0.36%,8280.0,8290.0,703820.0,6027.0,531559.0,2022-12-20,000520,KOSPI,341.0,-9.0,-17.0,-2.57,-4.85,-4.51,54.5,108.31,442.94,-105.0,-20.41,6154.0,0.92,2266930,2266930,10088,0.45%,86.35,-1.39%,코스피,179,1344,14950,6900,8050,2.1666666666666665,-6700.0,0.5518394648829431,N/A,,,,-279원,,-279.0,1.28,6154.0,1.4
유유제약1우,7880.0,30.0,-0.38%,7850.0,7880.0,1389.0,10.0,7567.0,2022-12-20,000225,KOSPI,145.0,-25.0,-31.0,-16.95,-21.39,-14.45,128.49,65.03,1307.57,-394.0,-5.86,6694.0,0.87,7903728,7903728,23519,0.30%,86.35,-1.42%,코스피,545,1225,11650,5300,6350,2.19811320754717,-3770.0,0.6763948497854078,N/A,,,,-997원,,-997.0,1.03,6694.0,
한국유니온제약 *,6940.0,30.0,-0.43%,7000.0,7010.0,302106.0,2155.0,154010.0,2022-12-20,080720,KOSDAQ,484.0,55.0,51.0,11.46,10.54,3.46,52.73,111.77,736.84,147.0,19.42,4672.0,0.85,32474435,32474435,766576,2.36%,86.35,-1.39%,코스닥,1421,558,7110,3650,3460,1.9479452054794522,-170.0,0.9760900140646976,N/A,,,21.55배,203원,21.55,203.0,0.94,4672.0,
테라젠이텍스 *,4405.0,20.0,-0.45%,4400.0,4410.0,19109.0,84.0,68121.0,2022-12-20,066700,KOSDAQ,424.0,35.0,24.0,8.2,5.65,10.23,68.18,106.62,1079.74,156.0,9.32,5850.0,0.9,15327021,15327021,255610,1.67%,86.35,-1.36%,코스닥,1018,792,9330,4965,4365,1.8791540785498488,-4925.0,0.4721329046087889,N/A,,,11.81배,562원,11.81,562.0,1.14,5850.0,1.96
알리코제약 *,6650.0,30.0,-0.45%,6720.0,6730.0,26124.0,175.0,121456.0,2022-12-20,260660,KOSDAQ,22.0,-90.0,-89.0,-416.37,-409.15,-63.77,10.08,1381.91,339.0,-694.0,-15.0,3038.0,9.97,11523071,11523071,150083,1.30%,86.35,-1.36%,코스닥,1221,671,19600,8790,10810,2.229806598407281,-12950.0,0.3392857142857143,N/A,,,,"-2,020원",,-2020.0,3.49,3038.0,
큐리언트 *,10650.0,50.0,-0.47%,10650.0,10750.0,23554.0,246.0,158945.0,2022-12-20,115180,KOSDAQ,81.0,-18.0,-13.0,-22.36,-15.86,-2.93,56.79,69.77,961.14,-15.0,-218.73,1077.0,6.59,64185876,64185876,3059557,4.77%,86.35,-1.36%,코스닥,4692,128,9680,6470,3210,1.4961360123647605,970.0,1.100206611570248,N/A,,,,-32원,,-32.0,6.79,1077.0,
코미팜 *,7340.0,50.0,-0.68%,7350.0,7360.0,26343.0,194.0,43410.0,2022-12-20,041960,KOSDAQ,240.0,1.0,-2.0,0.26,-0.82,-20.49,130.85,52.52,27.23,-6.0,-5.92,501.0,1.63,88970559,88970559,5026240,5.65%,86.35,-1.36%,코스닥,650,1101,1575,729,846,2.1604938271604937,5765.0,4.660317460317461,N/A,,,,-138원,,-138.0,1.46,501.0,
비엘팜텍 *,735.0,5.0,-0.68%,733.0,736.0,54782.0,40.0,140371.0,2022-12-20,065170,KOSDAQ,4328.0,585.0,495.0,13.51,11.44,16.33,64.27,92.91,3006.94,669.0,9.76,19927.0,1.05,58141980,58141980,2652426,4.56%,86.35,-1.36%,코스닥,11977,189,36250,18200,18050,1.9917582417582418,-35515.0,0.020275862068965516,"28,000",4.0,매수,9.60배,"2,146원",9.6,2146.0,1.03,19927.0,0.49
대웅,20600.0,150.0,-0.72%,20600.0,20650.0,17207.0,356.0,22914.0,2022-12-20,003090,KOSPI,8730.0,3247.0,1292.0,37.2,14.79,7.51,86.88,68.91,4742.63,1815.0,109.55,120980.0,6.67,71174000,71174000,7640795,10.74%,86.35,-1.36%,코스피,578645,3,950741,684889,265852,1.3881680097066824,-930141.0,0.02166731002449668,"1,140,000",4.0,매수,110.37배,"7,366원",110.37,7366.0,6.72,120980.0,
삼성바이오로직스,815000.0,6000.0,-0.73%,819000.0,820000.0,22926.0,18663.0,21686.0,2022-12-20,207940,KOSPI,87.0,15.0,20.0,17.66,22.57,8.51,17.45,202.38,1922.76,198.0,12.58,10015.0,1.02,9960000,9960000,143340,1.44%,86.35,-1.42%,코스피,1145,711,15400,9830,5570,1.5666327568667344,799600.0,52.922077922077925,N/A,,,14.18배,811원,14.18,811.0,1.15,10015.0,0.87
중앙백신 *,11550.0,100.0,-0.86%,11550.0,11600.0,6195.0,72.0,14011.0,2022-12-20,072020,KOSDAQ,3421.0,468.0,313.0,13.68,9.14,9.72,94.68,70.72,2737.85,2060.0,34.92,71552.0,3.2,12317971,12317971,1956046,15.88%,86.35,-1.42%,코스닥,35599,88,329500,223500,106000,1.4742729306487696,-317950.0,0.035053110773899845,"350,625",4.0,매수,44.07배,"6,558원",44.07,6558.0,4.04,71552.0,0.17
한미약품,288000.0,2500.0,-0.86%,290500.0,291000.0,20994.0,6129.0,26869.0,2022-12-20,128940,KOSPI,117.0,-4.0,1.0,-3.4,0.47,-4.21,60.58,101.35,120.57,2.0,-39.87,1096.0,1.7,28889293,28889293,622196,2.15%,86.35,-1.36%,코스피,491,1306,2765,1665,1100,1.6606606606606606,285235.0,104.15913200723327,N/A,,,,-47원,,-47.0,1.55,1096.0,
우진비앤지 *,1705.0,15.0,-0.87%,1705.0,1710.0,48165.0,82.0,49728.0,2022-12-20,018620,KOSDAQ,40.0,-10.0,-6.0,-24.73,-16.13,-7.19,41.69,217.19,266.44,-44.0,-56.32,1975.0,4.22,14669958,14669958,32818,0.22%,86.35,-1.36%,코스닥,1165,710,14800,7760,7040,1.907216494845361,-13095.0,0.1152027027027027,N/A,,,,-148원,,-148.0,4.02,1975.0,
옵티팜 *,7860.0,70.0,-0.88%,7910.0,7970.0,12109.0,95.0,8134.0,2022-12-20,153710,KOSDAQ,2283.0,-125.0,-104.0,-5.49,-4.55,-0.38,72.98,53.5,4251.74,-337.0,-123.66,107585.0,0.47,5009861,5009861,278655,5.56%,86.35,-1.42%,코스닥,2775,476,83900,49050,34850,1.710499490316004,-76040.0,0.09368295589988081,N/A,,,,-408원,,-408.0,0.51,107585.0,2.53
종근당홀딩스,55500.0,500.0,-0.89%,55500.0,55600.0,2052.0,115.0,3001.0,2022-12-20,001630,KOSPI,40,-,-1,-0.62,-2.44,3.62,53.01,254.34,1473.52,-1.0,41.86,1344.0,1.58,21836250,21836250,480515,2.20%,86.35,-1.36%,코스피,486,1310,8330,1900,6430,4.38421052631579,47170.0,6.662665066026411,N/A,,,43.63배,51원,43.63,51.0,1.66,1344.0,
에이디엠코리아 *,2235.0,20.0,-0.89%,2230.0,2235.0,66691.0,150.0,94046.0,2022-12-20,187660,KOSDAQ,242.0,19.0,14.0,7.91,5.96,7.47,109.51,75.29,682.12,99.0,15.95,3911.0,1.15,15170500,15170500,72094,0.48%,86.35,-1.42%,코스닥,828,943,6700,4165,2535,1.6086434573829531,-4465.0,0.3335820895522388,N/A,,,19.43배,281원,19.43,281.0,1.4,3911.0,
신신제약 *,5470.0,50.0,-0.91%,5510.0,5520.0,14903.0,82.0,42354.0,2022-12-20,002800,KOSDAQ,1139.0,130.0,115.0,11.44,10.09,9.27,70.38,77.83,279.15,397.0,16.49,12901.0,1.39,445080,445080,1169,0.26%,86.35,-1.29%,코스닥,96,1596,44500,18600,25900,2.39247311827957,-39030.0,0.12292134831460674,N/A,,,19.74배,"1,089원",19.74,1089.0,1.67,12901.0,1.05
일양약품우,21500.0,200.0,-0.92%,21450.0,21500.0,128.0,2.0,1464.0,2022-12-20,007575,KOSPI,403.0,-56.0,115.0,-13.91,28.57,-18.97,63.7,237.24,496.73,119.0,-21.59,3056.0,4.19,96684269,96684269,5276896,5.46%,86.35,-1.29%,코스피,1394,38,18800,9310,9490,2.0193340494092373,2700.0,1.1436170212765957,N/A,,,,-593원,,-593.0,3.52,3056.0,
HLB생명과학 *,10750.0,100.0,-0.92%,10800.0,10850.0,215697.0,2319.0,370254.0,2022-12-20,067630,KOSDAQ,4964.0,725.0,1376.0,14.61,27.73,11.23,107.71,66.2,1458.0,870.0,45.23,14142.0,4.79,158242322,158242322,25964413,16.41%,86.35,-1.29%,코스닥,101908,1,86800,53800,33000,1.6133828996282529,-76050.0,0.12384792626728111,"95,455",4.0,매수,42.96배,"1,499원",42.96,1499.0,4.55,14142.0,0.2
셀트리온헬스케어 *,64500.0,600.0,-0.92%,64700.0,64800.0,176072.0,11421.0,415142.0,2022-12-20,091990,KOSDAQ GLOBAL,507.0,50.0,31.0,9.93,6.13,8.27,67.79,65.74,660.08,109.0,18.26,3695.0,1.46,28464992,28464992,308916,1.09%,86.35,-1.29%,코스닥,1785,434,8670,5160,3510,1.680232558139535,55830.0,7.439446366782007,N/A,,,21.25배,295원,21.25,295.0,1.7,3695.0,1.6
동구바이오제약 *,6270.0,60.0,-0.95%,6320.0,6330.0,72847.0,459.0,164162.0,2022-12-20,006620,KOSDAQ,2694.0,224.0,248.0,8.33,9.21,1.2,72.64,48.28,3479.0,4023.0,54.18,157904.0,0.64,6348913,6348913,794957,12.52%,86.35,-1.36%,코스닥,6444,286,119500,92100,27400,1.297502714440825,-113230.0,0.05246861924686193,"145,000",4.0,매수,54.45배,"1,864원",54.45,1864.0,0.64,157904.0,1.48
동아쏘시오홀딩스,100500.0,1000.0,-0.99%,100500.0,101000.0,3015.0,303.0,1122.0,2022-12-20,000640,KOSPI,204.0,27.0,25.0,13.43,12.05,9.59,15.03,328.99,1994.3,213.0,8.32,10833.0,0.74,11541464,11541464,234605,2.03%,86.35,-1.36%,코스피,1010,804,12750,7510,5240,1.6977363515312915,87750.0,7.882352941176471,N/A,,,9.12배,959원,9.12,959.0,0.81,10833.0,1.14
신일제약 *,8730.0,90.0,-1.02%,8760.0,8770.0,40618.0,357.0,117873.0,2022-12-20,012790,KOSDAQ,130.0,-5.0,1.0,-4.06,0.93,4.8,5.33,1088.56,4069.04,26.0,22.87,20450.0,1.05,5392115,5392115,50491,0.94%,86.35,-1.29%,코스닥,984,823,40250,16400,23850,2.4542682926829267,-31520.0,0.2168944099378882,N/A,,,19.37배,942원,19.37,942.0,0.89,20450.0,2.19
에이치엘사이언스 *,18250.0,200.0,-1.08%,18300.0,18350.0,2727.0,50.0,11836.0,2022-12-20,239610,KOSDAQ,4597.0,488.0,424.0,10.61,9.23,8.7,65.63,120.15,2199.45,3209.0,13.3,115436.0,1.07,11686538,11686538,2596303,22.22%,86.35,-1.29%,코스닥,15777,162,230500,113500,117000,2.0308370044052864,-212250.0,0.07917570498915401,"179,500",4.0,매수,14.53배,"9,288원",14.53,9288.0,1.17,115436.0,1.48
녹십자,135000.0,1500.0,-1.10%,136000.0,136500.0,18827.0,2544.0,26357.0,2022-12-20,006280,KOSPI,487.0,93.0,82.0,19.11,16.78,12.49,28.48,330.16,7297.95,1361.0,5.91,37022.0,0.7,6000000,6000000,994234,16.57%,86.35,-1.36%,코스피,1818,421,32300,24250,8050,1.3319587628865979,102700.0,4.179566563467493,"40,000",4.0,매수,6.94배,"4,366원",6.94,4366.0,0.82,37022.0,1.32
대한약품 *,30500.0,350.0,-1.13%,30550.0,30600.0,2779.0,85.0,14022.0,2022-12-20,023910,KOSDAQ,,-15.0,-16.0,,,,81.61,199.6,154.67,-62.0,,1314.0,3.69,26429162,26429162,0,0.00%,86.35,-1.36%,코스닥,1348,604,12000,4550,7450,2.6373626373626373,18500.0,2.5416666666666665,N/A,,,,-792원,,-792.0,3.88,1314.0,
차백신연구소 *,5120.0,60.0,-1.16%,5150.0,5160.0,97101.0,502.0,193646.0,2022-12-20,261780,KOSDAQ,,-124.0,536.0,,,-25.3,20.48,623.36,-29.77,986.0,-3.35,8762.0,0.9,60096155,60096155,37929464,63.11%,86.35,-1.36%,코스닥,4874,334,22500,7140,15360,3.1512605042016806,-17380.0,0.22755555555555557,N/A,,,,"-2,363원",,-2363.0,0.93,8762.0,
프레스티지바이오파마,8170.0,100.0,-1.21%,8150.0,8180.0,28797.0,234.0,56694.0,2022-12-20,950210,KOSPI,888.0,-92.0,-150.0,-10.41,-16.84,-12.45,90.88,287.54,764.12,-191.0,-91.98,4882.0,11.65,78313250,78313250,5193580,6.63%,86.35,-1.29%,코스피,56072,53,99700,50900,48800,1.9587426326129667,-91530.0,0.08194583751253762,"101,077",4.0,매수,,-619원,,-619.0,14.67,4882.0,
SK바이오팜,71600.0,900.0,-1.24%,72100.0,72300.0,36149.0,2601.0,47613.0,2022-12-20,326030,KOSPI,,-49.0,-45.0,,,,11.44,476.0,800.89,-237.0,,4931.0,1.37,19006060,19006060,86693,0.46%,86.35,-1.36%,코스피,1501,527,19014,6390,12624,2.975586854460094,52586.0,3.7656463658357002,N/A,,,,-876원,,-876.0,1.6,4931.0,
바이젠셀 *,7880.0,100.0,-1.25%,7980.0,7990.0,52056.0,411.0,83687.0,2022-12-20,308080,KOSDAQ,341.0,-9.0,-17.0,-2.57,-4.85,-4.51,54.5,108.31,442.94,-105.0,-20.41,6154.0,0.92,325560,325560,95,0.03%,86.35,-1.29%,코스닥,51,1857,29100,13700,15400,2.124087591240876,-21220.0,0.27079037800687283,N/A,,,,-279원,,-279.0,2.55,6154.0,0.7
유유제약2우B,15700.0,200.0,-1.26%,15600.0,15650.0,181.0,2.0,620.0,2022-12-20,000227,KOSPI,5537.0,449.0,238.0,8.12,4.29,1.45,87.13,83.16,3692.18,42.0,56.46,22390.0,0.73,845990,845990,1598,0.19%,86.35,-1.29%,코스피,326,1159,100000,35650,64350,2.805049088359046,-84300.0,0.157,N/A,,,133.22배,289원,133.22,289.0,1.72,22390.0,1.04
녹십자홀딩스2우,38500.0,500.0,-1.28%,38400.0,38500.0,671.0,25.0,749.0,2022-12-20,005257,KOSPI,,-20.0,-17.0,,,-21.18,3.33,4324.5,230.01,-110.0,-101.59,1661.0,24.26,15223000,15223000,968832,6.36%,86.35,-1.36%,코스피,5853,93,100000,31750,68250,3.1496062992125986,-61500.0,0.385,N/A,,,,-397원,,-397.0,23.15,1661.0,
박셀바이오 *,38600.0,500.0,-1.28%,38800.0,38850.0,96561.0,3772.0,172291.0,2022-12-20,323990,KOSDAQ,160.0,-3.0,-12.0,-1.59,-7.78,0.49,142.73,815.21,264.15,-37.0,628.08,1912.0,3.04,33182668,33182668,329299,0.99%,86.35,-1.36%,코스닥,2024,381,10450,4950,5500,2.111111111111111,28150.0,3.6937799043062203,N/A,,,677.78배,9원,677.78,9.0,3.19,1912.0,
이수앱지스 *,6100.0,80.0,-1.29%,6090.0,6110.0,26215.0,160.0,51728.0,2022-12-20,086890,KOSDAQ,480.0,5.0,5.0,0.96,0.97,-6.82,144.39,43.97,1851.47,41.0,-78.52,8969.0,4.4,11412356,11412356,153222,1.34%,86.35,-1.29%,코스닥,3447,186,50600,29350,21250,1.7240204429301533,-44500.0,0.12055335968379446,N/A,,,,-502원,,-502.0,3.37,8969.0,
코오롱생명과학 *,30300.0,400.0,-1.30%,30350.0,30400.0,12413.0,377.0,12541.0,2022-12-20,102940,KOSDAQ,1636.0,-186.0,-169.0,-11.38,-10.31,-76.3,198.59,67.87,774.91,-626.0,-3.95,8683.0,3.22,26803285,26803285,921709,3.44%,86.35,-1.29%,코스닥,1909,205,79500,24050,55450,3.3056133056133055,-49200.0,0.38113207547169814,N/A,,,,"-7,083원",,-7083.0,4.69,8683.0,
일동제약,40450.0,550.0,-1.34%,40650.0,40700.0,1192225.0,48924.0,1681517.0,2022-12-20,249420,KOSPI,5537.0,449.0,238.0,8.12,4.29,1.45,87.13,83.16,3692.18,42.0,56.46,22390.0,0.73,47028210,47028210,3030773,6.44%,86.35,-1.29%,코스피,8465,244,29400,14950,14450,1.9665551839464883,11050.0,1.3758503401360545,N/A,,,62.28배,289원,62.28,289.0,0.8,22390.0,2.22
녹십자홀딩스,18050.0,250.0,-1.37%,18050.0,18100.0,48696.0,883.0,104153.0,2022-12-20,005250,KOSPI,240.0,-367.0,-372.0,-152.82,-155.25,-21.09,55.08,98.82,1128.61,-289.0,-46.67,4114.0,10.2,106903481,106903481,14165160,13.25%,86.35,-1.36%,코스피,33568,5,56309,27811,28498,2.024702455862788,-38259.0,0.32055266476051786,N/A,,,,-899원,,-899.0,7.63,4114.0,
HLB *,31350.0,450.0,-1.42%,31650.0,31700.0,337982.0,10594.0,352819.0,2022-12-20,028300,KOSDAQ,39.0,-5.0,-3.0,-12.35,-8.92,-11.43,4.69,1091.72,167.93,-12.0,-10.15,1203.0,1.2,29129064,29129064,340167,1.17%,86.35,-1.36%,코스닥,399,1416,3390,1205,2185,2.8132780082987554,27960.0,9.247787610619469,N/A,,,,-142원,,-142.0,1.14,1203.0,
제일바이오 *,1380.0,20.0,-1.43%,1380.0,1385.0,20095.0,28.0,21067.0,2022-12-20,052670,KOSDAQ,3776.0,77.0,74.0,2.05,1.95,4.71,66.93,99.43,956.39,123.0,13.14,12457.0,0.48,52420851,52420851,9970196,19.02%,86.35,-1.36%,코스닥,3177,431,8190,5480,2710,1.4945255474452555,-6810.0,0.1684981684981685,N/A,,,13.47배,450원,13.47,450.0,0.49,12457.0,1.65
광동제약,6100.0,90.0,-1.45%,6120.0,6130.0,43071.0,264.0,169491.0,2022-12-20,009290,KOSPI,,-60.0,-84.0,,,-58.54,156.11,159.21,342.83,-396.0,-17.49,2227.0,10.67,21080695,21080695,1514061,7.18%,86.35,-1.36%,코스피,4975,115,66700,19550,47150,3.411764705882353,-60600.0,0.09145427286356822,N/A,,,,"-1,358원",,-1358.0,10.6,2227.0,
메드팩토 *,23700.0,350.0,-1.46%,23850.0,23950.0,23246.0,556.0,23535.0,2022-12-20,235980,KOSDAQ,1982.0,223.0,150.0,11.23,7.55,3.9,53.61,76.39,4159.63,518.0,21.22,40855.0,0.81,28904499,28904499,1870657,6.47%,86.35,-1.29%,코스닥,11258,35,58900,31300,27600,1.8817891373801916,-35200.0,0.40237691001697795,"49,818",4.0,매수,25.08배,"1,553원",25.08,1553.0,0.95,40855.0,0.82
HK이노엔 *,38850.0,600.0,-1.52%,39150.0,39200.0,74072.0,2907.0,73282.0,2022-12-20,195940,KOSDAQ GLOBAL,438.0,37.0,39.0,8.55,8.95,-0.1,48.98,429.87,1476.54,116.0,-3860.79,8138.0,3.86,22768041,22768041,1579170,6.94%,86.35,-1.36%,코스닥,1325,40,50900,26100,24800,1.950191570881226,-12050.0,0.7632612966601179,N/A,,,,-9원,,-9.0,5.57,8138.0,
삼천당제약 *,45200.0,700.0,-1.53%,45450.0,45500.0,156730.0,7101.0,167117.0,2022-12-20,000250,KOSDAQ,1139.0,130.0,115.0,11.44,10.09,9.27,70.38,77.83,279.15,397.0,16.49,12901.0,1.39,19085664,19085664,1645812,8.62%,86.35,-1.36%,코스닥,3636,389,29600,16200,13400,1.8271604938271604,15600.0,1.527027027027027,N/A,,,17.49배,"1,089원",17.49,1089.0,1.48,12901.0,1.05
일양약품,19100.0,300.0,-1.55%,19250.0,19300.0,85561.0,1653.0,249311.0,2022-12-20,007570,KOSPI,145.0,12.0,18.0,8.14,12.43,6.55,10.7,720.15,1480.17,112.0,12.53,8145.0,0.76,16153162,16153162,350581,2.17%,86.35,-1.29%,코스피,1026,786,7570,5550,2020,1.363963963963964,11530.0,2.523117569352708,N/A,,,12.80배,496원,12.8,496.0,0.78,8145.0,1.58
옵투스제약 *,6360.0,100.0,-1.55%,6390.0,6400.0,21365.0,138.0,14622.0,2022-12-20,131030,KOSDAQ,477.0,53.0,28.0,11.1,5.91,9.22,84.57,125.24,255.89,178.0,14.75,8663.0,1.3,15834554,15834554,336219,2.12%,86.35,-1.36%,코스닥,1908,586,15650,11050,4600,1.416289592760181,-9290.0,0.40638977635782747,"17,000",4.0,매수,15.73배,766원,15.73,766.0,1.39,8663.0,4.15
JW생명과학,12150.0,200.0,-1.62%,12200.0,12250.0,8139.0,99.0,17554.0,2022-12-20,234080,KOSPI,294.0,-39.0,-37.0,-13.37,-12.57,-58.78,101.05,120.64,211.39,-112.0,-5.8,1034.0,4.66,31448597,31448597,98612,0.31%,86.35,-1.31%,코스피,1226,668,16150,3855,12295,4.189364461738003,-4000.0,0.7523219814241486,N/A,,,,-831원,,-831.0,3.77,1034.0,
비엘 *,3905.0,65.0,-1.64%,3910.0,3925.0,125035.0,491.0,82698.0,2022-12-20,142760,KOSDAQ,3839.0,393.0,282.0,10.24,7.35,11.97,81.63,110.22,2101.03,2381.0,13.33,52704.0,1.49,11988038,11988038,892445,7.44%,86.35,-1.36%,코스닥,1573,210,119795,73000,46795,1.641027397260274,-115890.0,0.03259735381276347,"115,667",4.0,매수,14.96배,"5,897원",14.96,5897.0,1.67,52704.0,1.08
종근당,88200.0,1500.0,-1.67%,88800.0,88900.0,7375.0,656.0,12142.0,2022-12-20,185750,KOSPI,395.0,62.0,52.0,15.66,13.23,9.04,51.11,69.28,1138.24,165.0,22.32,6180.0,1.89,31761048,31761048,2397872,7.55%,86.35,-1.36%,코스피,3732,166,18800,10400,8400,1.8076923076923077,69400.0,4.691489361702128,"18,667",4.0,매수,22.60배,520원,22.6,520.0,1.9,6180.0,
바이넥스 *,11700.0,200.0,-1.68%,11800.0,11850.0,63062.0,745.0,71097.0,2022-12-20,053030,KOSDAQ,475.0,39.0,24.0,8.19,5.15,2.57,16.58,103.97,1623.13,79.0,33.86,9132.0,0.78,30768766,30768766,725033,2.36%,86.35,-1.29%,코스닥,2480,287,13300,6850,6450,1.9416058394160585,-1600.0,0.8796992481203008,N/A,,,38.20배,211원,38.2,211.0,0.88,9132.0,6.2
경동제약 *,8120.0,150.0,-1.81%,8130.0,8140.0,68497.0,560.0,115368.0,2022-12-20,011040,KOSDAQ,50,-5,-,-10.68,-0.33,6.69,63.47,197.07,1923.95,-4.0,15.63,10121.0,1.01,3800000,3800000,33667,0.89%,86.35,-1.31%,코스닥,407,1401,16300,9810,6490,1.6615698267074415,-8180.0,0.498159509202454,N/A,,,16.31배,656원,16.31,656.0,1.06,10121.0,0.7
대성미생물 *,10800.0,200.0,-1.82%,10800.0,10900.0,5429.0,59.0,4741.0,2022-12-20,036480,KOSDAQ,376.0,-6.0,-35.0,-1.72,-9.31,-6.65,103.31,65.61,1006.92,-638.0,-11.27,27865.0,0.77,5485962,5485962,82971,1.51%,86.35,-1.31%,코스닥,1322,704,48500,20100,28400,2.4129353233830844,-37700.0,0.22268041237113403,N/A,,,,"-1,907원",,-1907.0,0.86,27865.0,0.41
종근당바이오,24250.0,450.0,-1.82%,24300.0,24350.0,10162.0,247.0,19748.0,2022-12-20,063160,KOSPI,1222.0,146.0,107.0,11.93,8.74,15.25,93.88,107.22,2185.95,507.0,9.56,11432.0,1.33,21860510,21860510,4357447,19.93%,86.35,-1.36%,코스피,4110,365,21800,13341,8459,1.6340604152612248,2450.0,1.1123853211009174,"23,400",4.0,매수,11.82배,"1,590원",11.82,1590.0,1.64,11432.0,1.03
대원제약,18800.0,350.0,-1.83%,19000.0,19050.0,318047.0,6092.0,710915.0,2022-12-20,003220,KOSPI,164,-,-,0.05,0.24,-10.20,74.13,127.46,212.81,4.0,-13.57,1558.0,1.46,30979827,30979827,455719,1.47%,86.35,-1.36%,코스피,742,1020,4340,2005,2335,2.1645885286783044,14460.0,4.331797235023042,N/A,,,,-168원,,-168.0,1.54,1558.0,
조아제약 *,2410.0,45.0,-1.83%,2430.0,2440.0,102866.0,250.0,178108.0,2022-12-20,034940,KOSDAQ,545.0,77.0,55.0,14.09,10.03,9.69,29.13,130.19,2882.24,308.0,10.73,15105.0,0.98,17772946,17772946,165988,0.93%,86.35,-1.36%,코스닥,2737,477,21500,13450,8050,1.5985130111524164,-19090.0,0.11209302325581395,"23,000",4.0,매수,11.16배,"1,380원",11.16,1380.0,1.02,15105.0,3.31
하나제약,15550.0,300.0,-1.89%,15550.0,15600.0,11598.0,181.0,12252.0,2022-12-20,293480,KOSPI,911.0,214.0,208.0,23.46,22.82,17.81,22.87,428.63,4323.88,271.0,22.09,22252.0,3.61,76784046,76784046,3623837,4.72%,86.35,-1.36%,코스피,63116,50,268500,67400,201100,3.983679525222552,-252950.0,0.057914338919925513,"84,400",3.45,중립,22.61배,"3,636원",22.61,3636.0,3.69,22252.0,
SK바이오사이언스,82100.0,1600.0,-1.91%,82500.0,82600.0,124759.0,10301.0,106285.0,2022-12-20,302440,KOSPI,49.0,-127.0,-131.0,-260.1,-266.76,-46.28,13.75,1283.64,971.38,-836.0,-4.91,7132.0,2.33,14091521,14091521,27971,0.20%,86.35,-1.36%,코스피,2515,285,40000,15300,24700,2.6143790849673203,42100.0,2.0525,N/A,,,,"-3,388원",,-3388.0,2.5,7132.0,
지놈앤컴퍼니 *,17900.0,350.0,-1.92%,17850.0,17950.0,13610.0,244.0,24586.0,2022-12-20,314130,KOSDAQ,517.0,85.0,59.0,16.46,11.46,26.15,66.43,103.51,1231.05,413.0,5.44,6798.0,1.25,14354920,14354920,179210,1.25%,86.35,-1.36%,코스닥,1308,623,14400,7800,6600,1.8461538461538463,3500.0,1.2430555555555556,N/A,,,5.82배,"1,566원",5.82,1566.0,1.34,6798.0,0.88
대한뉴팜 *,9150.0,180.0,-1.93%,9160.0,9180.0,54504.0,501.0,80112.0,2022-12-20,054670,KOSDAQ,1761.0,-28.0,-44.0,-1.58,-2.49,-12.33,180.77,65.6,1828.62,-259.0,-12.38,10801.0,1.6,14704872,14704872,382510,2.60%,86.35,-1.36%,코스닥,2978,456,42500,15900,26600,2.6729559748427674,-33350.0,0.21529411764705883,N/A,,,,"-1,398원",,-1398.0,1.87,10801.0,0.32
제일약품,20200.0,400.0,-1.94%,20350.0,20400.0,33101.0,683.0,66359.0,2022-12-20,271980,KOSPI,6456.0,2138.0,1669.0,33.11,25.85,14.99,39.19,209.62,3042.49,1184.0,41.61,29761.0,5.9,140805210,140805210,29940978,21.26%,86.35,-1.36%,코스피,247113,11,215000,139000,76000,1.5467625899280575,-194800.0,0.09395348837209302,"248,667",4.0,매수,41.62배,"4,217원",41.62,4217.0,5.9,29761.0,0.21
셀트리온,175500.0,3500.0,-1.96%,176000.0,176500.0,207693.0,36657.0,243804.0,2022-12-20,068270,KOSPI,341.0,-9.0,-17.0,-2.57,-4.85,-4.51,54.5,108.31,442.94,-105.0,-20.41,6154.0,0.92,17232351,17232351,290850,1.69%,86.35,-1.36%,코스피,1091,760,10250,5220,5030,1.9636015325670497,165250.0,17.121951219512194,N/A,,,,-279원,,-279.0,1.03,6154.0,1.66
유유제약,6400.0,130.0,-1.99%,6420.0,6430.0,38073.0,244.0,52848.0,2022-12-20,000220,KOSPI,534.0,-142.0,-93.0,-26.59,-17.43,-8.72,12.14,553.02,1211.8,-169.0,-35.77,6593.0,3.02,52984990,52984990,2627091,4.96%,86.35,-1.36%,코스피,11736,191,54000,18400,35600,2.9347826086956523,-47600.0,0.11851851851851852,N/A,,,,-541원,,-541.0,3.36,6593.0,
환인제약,17200.0,350.0,-1.99%,17400.0,17450.0,23899.0,416.0,20897.0,2022-12-20,016580,KOSPI,302.0,7.0,15.0,2.4,4.83,1.99,95.17,58.48,129.02,72.0,59.01,3788.0,1.12,20195149,20195149,128878,0.64%,86.35,-1.36%,코스피,1141,741,7220,3830,3390,1.885117493472585,9980.0,2.3822714681440442,N/A,,,,-77원,,-77.0,1.49,3788.0,
신풍제약,22150.0,450.0,-1.99%,22300.0,22350.0,133385.0,2974.0,261643.0,2022-12-20,019170,KOSPI,839.0,13.0,-16.0,1.59,-1.87,-3.66,375.61,56.49,420.91,-64.0,-35.2,3305.0,1.18,20628000,20628000,223636,1.08%,86.35,-1.36%,코스피,861,918,7520,3795,3725,1.981554677206851,14630.0,2.945478723404255,N/A,,,,-111원,,-111.0,1.26,3305.0,
국제약품,5650.0,120.0,-2.08%,5700.0,5710.0,1330729.0,7720.0,1235121.0,2022-12-20,002720,KOSPI,1231.0,20.0,26.0,1.65,2.14,6.48,64.96,154.28,4621.35,195.0,21.55,23541.0,1.35,11935549,11935549,2558763,21.44%,86.35,-1.31%,코스피,3551,176,51900,28000,23900,1.8535714285714286,-46250.0,0.10886319845857419,"52,000",4.0,매수,20.13배,"1,478원",20.13,1478.0,1.26,23541.0,1.84
코스맥스엔비티 *,4185.0,90.0,-2.11%,4190.0,4200.0,18051.0,76.0,28652.0,2022-12-20,222040,KOSDAQ,263.0,15.0,5.0,5.59,1.78,3.07,59.41,59.28,1.15,10.0,86.89,1222.0,2.65,46127437,46127437,840086,1.82%,86.35,-1.31%,코스닥,1665,462,6250,2985,3265,2.0938023450586263,-2065.0,0.6696,N/A,,,97.57배,37원,97.57,37.0,2.95,1222.0,
휴온스 *,29950.0,650.0,-2.12%,30050.0,30100.0,14544.0,438.0,15709.0,2022-12-20,243070,KOSDAQ GLOBAL,16.0,-12.0,-15.0,-75.53,-97.13,-5.92,16.27,320.2,1933.48,-155.0,-21.45,11240.0,1.28,9731373,9731373,592665,6.09%,86.35,-1.21%,코스닥,1508,521,68500,13400,55100,5.111940298507463,-38550.0,0.4372262773722628,N/A,,,,-671원,,-671.0,1.38,11240.0,
JW신약 *,3610.0,80.0,-2.17%,3605.0,3610.0,355440.0,1291.0,651406.0,2022-12-20,067290,KOSDAQ,608.0,45.0,99.0,7.47,16.31,3.44,60.12,155.04,3374.38,542.0,141.06,17706.0,4.66,18808775,18808775,0,0.00%,86.35,-1.21%,코스닥,16288,19,150800,71800,79000,2.1002785515320332,-147190.0,0.023938992042440318,"121,867",4.0,매수,148.03배,585원,148.03,585.0,4.89,17706.0,0.58
안트로젠 *,15500.0,350.0,-2.21%,15600.0,15700.0,15097.0,235.0,19068.0,2022-12-20,065660,KOSDAQ,221.0,21.0,23.0,9.46,10.6,2.29,0.75,3774.32,3912.65,15.0,2.82,2784.0,0.08,160900398,160900398,16777242,10.43%,86.35,-1.31%,코스닥,344,1469,445,201,244,2.2139303482587063,15055.0,34.831460674157306,N/A,,,2.89배,74원,2.89,74.0,0.08,2784.0,
에스티팜 *,86600.0,2000.0,-2.26%,87200.0,87500.0,48124.0,4237.0,66821.0,2022-12-20,237690,KOSDAQ GLOBAL,242.0,2.0,14.0,0.91,5.79,-9.53,150.78,95.2,102.7,54.0,-38.28,1881.0,3.48,26100970,26100970,1257959,4.82%,86.35,-1.21%,코스닥,1751,620,9690,6190,3500,1.5654281098546041,76910.0,8.93704850361197,N/A,,,,-171원,,-171.0,3.57,1881.0,
씨케이에이치 *,213.0,5.0,-2.29%,215.0,216.0,1148976.0,248.0,755020.0,2022-12-20,900120,KOSDAQ,1597.0,119.0,120.0,7.43,7.51,12.71,47.2,125.79,2073.53,261.0,12.47,10940.0,1.49,44460000,44460000,8187615,18.42%,86.35,-1.31%,코스닥,7469,72,23400,15000,8400,1.56,-23187.0,0.009102564102564102,"22,500",4.0,매수,12.89배,"1,303원",12.89,1303.0,1.54,10941.0,1.07
동성제약,6710.0,160.0,-2.33%,6770.0,6780.0,18623.0,126.0,24136.0,2022-12-20,002210,KOSPI,,-161.0,-194.0,,,-45.52,28.56,434.7,4058969.5,-197.0,-4.69,1362.0,2.46,98827465,98827465,4285726,4.34%,86.35,-1.31%,코스피,4235,141,10900,3185,7715,3.4222919937205654,-4190.0,0.6155963302752293,N/A,,,,-738원,,-738.0,3.15,1362.0,
동국제약 *,16800.0,400.0,-2.33%,16800.0,16850.0,28736.0,484.0,60708.0,2022-12-20,086450,KOSDAQ GLOBAL,658.0,125.0,239.0,19.06,36.28,16.25,24.65,302.82,4419.18,1469.0,7.31,23287.0,1.01,16244822,16244822,1320316,8.13%,86.35,-1.21%,코스닥,3956,374,49100,20000,29100,2.455,-32300.0,0.3421588594704684,N/A,,,7.59배,"3,209원",7.59,3209.0,1.05,23287.0,1.52
네오이뮨텍 *,4305.0,105.0,-2.38%,4310.0,4315.0,1295569.0,5720.0,1771191.0,2022-12-20,950220,KOSDAQ,71.0,15.0,15.0,21.64,21.61,5.4,21.73,570.56,1504.21,194.0,43.17,7909.0,2.26,7929338,7929338,17393,0.22%,86.35,-1.31%,코스닥,959,833,19850,10400,9450,1.9086538461538463,-15545.0,0.21687657430730478,N/A,,,29.23배,414원,29.23,414.0,1.53,7909.0,0.83
유나이티드제약,24400.0,600.0,-2.40%,24350.0,24400.0,51071.0,1249.0,53935.0,2022-12-20,033270,KOSPI,429.0,33.0,24.0,7.76,5.65,3.95,97.67,134.97,569.55,76.0,46.81,3290.0,1.59,32000000,32000000,615578,1.92%,86.35,-1.21%,코스피,1536,658,7200,3780,3420,1.9047619047619047,17200.0,3.388888888888889,N/A,,,42.86배,112원,42.86,112.0,1.46,3290.0,0.62
팜스빌 *,12150.0,300.0,-2.41%,12100.0,12150.0,14547.0,178.0,14758.0,2022-12-20,318010,KOSDAQ,109.0,23.0,22.0,21.27,20.36,12.78,47.7,148.03,1477.97,371.0,10.8,8323.0,1.24,5925720,5925720,10150,0.17%,86.35,-1.21%,코스닥,596,1177,15200,9480,5720,1.6033755274261603,-3050.0,0.7993421052631579,N/A,,,10.53배,954원,10.53,954.0,1.21,8323.0,
현대약품,4820.0,120.0,-2.43%,4865.0,4870.0,194722.0,949.0,429360.0,2022-12-20,004310,KOSPI,218.0,47.0,62.0,21.54,28.36,19.48,48.67,102.0,1047.36,515.0,5.0,7046.0,0.81,12000000,12000000,104038,0.87%,86.35,-1.31%,코스피,818,951,8220,5220,3000,1.5747126436781609,-3400.0,0.5863746958637469,N/A,,,5.96배,"1,144원",5.96,1144.0,0.97,7046.0,2.2
드림씨아이에스 *,10050.0,250.0,-2.43%,10000.0,10050.0,5299.0,53.0,7693.0,2022-12-20,223250,KOSDAQ,534.0,-142.0,-93.0,-26.59,-17.43,-8.72,12.14,553.02,1211.8,-169.0,-35.77,6593.0,3.02,2200000,2200000,9372,0.43%,86.35,-1.31%,코스닥,968,796,135000,28950,106050,4.66321243523316,-124950.0,0.07444444444444444,N/A,,,,-541원,,-541.0,6.67,6593.0,
진양제약 *,6810.0,170.0,-2.44%,6860.0,6890.0,22433.0,154.0,34393.0,2022-12-20,007370,KOSDAQ,160.0,8.0,33.0,4.71,20.54,27.22,11.34,846.08,3920.42,1234.0,2.68,299613.0,0.36,2660000,2660000,51211,1.93%,86.35,-1.31%,코스닥,2407,510,144000,68900,75100,2.0899854862119014,-137190.0,0.04729166666666667,N/A,,,2.25배,"40,260원",2.25,40260.0,0.3,299613.0,0.83
신풍제약우,44000.0,1100.0,-2.44%,44000.0,44150.0,4927.0,217.0,6055.0,2022-12-20,019175,KOSPI,218.0,14.0,4.0,6.21,1.91,4.38,29.64,85.45,1942.61,-29.0,19.2,10137.0,0.82,11086579,11086579,309462,2.79%,86.35,-1.21%,코스피,843,940,11150,6860,4290,1.6253644314868805,32850.0,3.9461883408071747,N/A,,,17.59배,432원,17.59,432.0,0.75,10137.0,0.66
일성신약,90200.0,2300.0,-2.49%,90300.0,90800.0,2306.0,209.0,2032.0,2022-12-20,003120,KOSPI,127.0,16.0,14.0,12.94,11.33,,111.19,52.34,324.36,26.0,,645.0,2.01,54291047,54291047,755766,1.39%,86.35,-1.21%,코스피,616,1145,2170,1140,1030,1.9035087719298245,88030.0,41.566820276497694,N/A,,,,-66원,,-66.0,1.76,645.0,
대봉엘에스 *,7630.0,200.0,-2.55%,7700.0,7710.0,46626.0,361.0,39195.0,2022-12-20,078140,KOSDAQ,707.0,63.0,43.0,8.88,6.06,3.9,49.69,82.12,1872.15,308.0,37.78,19552.0,1.23,13900000,13900000,854846,6.15%,86.35,-1.21%,코스닥,3614,391,28500,23050,5450,1.2364425162689805,-20870.0,0.267719298245614,"34,000",4.0,매수,37.36배,696원,37.36,696.0,1.33,19552.0,3.08
씨엔알리서치 *,1140.0,30.0,-2.56%,1140.0,1145.0,50597.0,58.0,17621.0,2022-12-20,359090,KOSDAQ,178.0,-7.0,-6.0,-3.85,-3.11,-4.53,139.94,34.74,4551.95,-16.0,-14.53,9600.0,0.72,8892384,8892384,146857,1.65%,86.35,-1.31%,코스닥,743,1019,17050,5100,11950,3.343137254901961,-15910.0,0.06686217008797654,N/A,,,,-475원,,-475.0,0.87,9600.0,1.2
삼진제약,25850.0,700.0,-2.64%,26150.0,26200.0,56044.0,1471.0,207162.0,2022-12-20,005500,KOSPI,1313.0,132.0,97.0,10.09,7.42,14.19,45.39,166.38,2679.6,329.0,12.08,13925.0,1.62,29543558,29543558,570532,1.93%,86.35,-1.21%,코스피,7475,71,37950,20650,17300,1.837772397094431,-12100.0,0.6811594202898551,"30,000",4.0,매수,13.52배,"1,871원",13.52,1871.0,1.82,13925.0,1.52
비씨월드제약 *,8360.0,230.0,-2.68%,8360.0,8380.0,47121.0,396.0,34503.0,2022-12-20,200780,KOSDAQ,835.0,74.0,68.0,8.89,8.2,6.57,25.93,241.95,1181.78,213.0,10.07,12894.0,0.64,27931470,27931470,1215519,4.35%,86.35,-1.21%,코스닥,2617,487,16150,8060,8090,2.003722084367246,-7790.0,0.5176470588235295,N/A,,,11.43배,820원,11.43,820.0,0.73,12894.0,1.92
콜마비앤에이치 *,25350.0,700.0,-2.69%,25500.0,25550.0,47332.0,1208.0,237646.0,2022-12-20,200130,KOSDAQ GLOBAL,3.0,-91.0,-82.0,-2685.29,-2425.94,-66.08,53.45,31.93,112.32,-435.0,-11.82,1075.0,7.57,18845237,18845237,40585,0.22%,86.35,-1.21%,코스닥,1289,637,16050,5890,10160,2.724957555178268,9300.0,1.5794392523364487,N/A,,,,-688원,,-688.0,6.36,1075.0,
동화약품,9390.0,270.0,-2.80%,9450.0,9460.0,93174.0,886.0,199275.0,2022-12-20,000020,KOSPI,2519.0,168.0,153.0,6.67,6.08,7.15,32.16,48.45,2158.47,223.0,42.67,10845.0,2.91,68623684,68623684,1149312,1.67%,86.35,-1.22%,코스피,23366,120,58077,29050,29027,1.9992082616179,-48687.0,0.16168190505707938,N/A,,,46.08배,739원,46.08,739.0,3.14,10845.0,0.58
에이비온 *,6850.0,200.0,-2.84%,6900.0,6930.0,23953.0,166.0,15481.0,2022-12-20,203400,KOSDAQ,2175.0,217.0,156.0,9.99,7.16,3.97,262.43,53.94,217.66,123.0,50.9,1358.0,2.06,70444706,70444706,1266961,1.80%,86.35,-1.21%,코스닥,2166,548,4485,2665,1820,1.6829268292682926,2365.0,1.5273132664437012,N/A,,,55.91배,55원,55.91,55.0,2.26,1358.0,2.84
한미사이언스,34000.0,1000.0,-2.86%,34150.0,34250.0,53600.0,1844.0,44472.0,2022-12-20,008930,KOSPI,365.0,29.0,27.0,7.95,7.35,1.31,140.99,39.38,862.92,139.0,178.14,4581.0,2.26,18616650,18616650,368431,1.98%,86.35,-1.22%,코스피,1871,414,13350,5940,7410,2.2474747474747474,20650.0,2.546816479400749,N/A,,,173.28배,58원,173.28,58.0,2.19,4581.0,1.49
JW홀딩스,3055.0,90.0,-2.86%,3060.0,3065.0,29397.0,91.0,51514.0,2022-12-20,096760,KOSPI,214.0,47.0,37.0,22.03,17.46,15.3,17.86,326.9,1439.83,339.0,6.48,7707.0,0.92,11000000,11000000,168911,1.54%,86.35,-1.22%,코스피,845,930,9810,6630,3180,1.4796380090497738,-6755.0,0.3114169215086646,N/A,,,7.01배,"1,096원",7.01,1096.0,1.0,7707.0,2.21
대화제약 *,10050.0,300.0,-2.90%,10000.0,10050.0,146033.0,1471.0,279845.0,2022-12-20,067080,KOSDAQ,1486.0,93.0,40.0,6.26,2.67,0.86,130.93,74.77,5312.18,290.0,60.98,27240.0,0.54,13763533,13763533,227519,1.65%,86.35,-1.21%,코스닥,2230,536,23550,13900,9650,1.6942446043165467,-13500.0,0.4267515923566879,N/A,,,66.67배,243원,66.67,243.0,0.59,27240.0,2.16
고려제약 *,7670.0,230.0,-2.91%,7690.0,7700.0,76494.0,591.0,98605.0,2022-12-20,014570,KOSDAQ,76.0,21.0,26.0,27.74,33.77,9.11,5.62,1111.33,656.17,29.0,28.28,753.0,2.46,87826844,87826844,1931531,2.20%,86.35,-1.22%,코스닥,1691,450,3230,1700,1530,1.9,4440.0,2.374613003095975,N/A,,,29.62배,65원,29.62,65.0,2.56,753.0,
한독,16300.0,500.0,-2.98%,16300.0,16350.0,5854.0,96.0,16244.0,2022-12-20,002390,KOSPI,25.0,-5.0,18.0,-18.47,72.06,3.02,1.78,3377.62,156.08,10.0,9.86,1242.0,0.3,178695217,178695217,1149415,0.64%,86.35,-1.22%,코스피,684,1077,754,348,406,2.1666666666666665,15546.0,21.618037135278513,N/A,,,10.08배,38원,10.08,38.0,0.31,1242.0,
아미노로직스 *,1930.0,60.0,-3.02%,1945.0,1950.0,315810.0,619.0,422391.0,2022-12-20,074430,KOSDAQ,363.0,12.0,9.0,3.41,2.36,50.75,50.63,79.87,2458.29,54.0,1.09,14224.0,0.42,15830890,15830890,318780,2.01%,86.35,-1.22%,코스닥,1102,755,11600,5660,5940,2.049469964664311,-9670.0,0.16637931034482759,N/A,,,1.27배,"5,501원",1.27,5501.0,0.49,14224.0,
에이프로젠 H&G *,384.0,12.0,-3.03%,388.0,390.0,199123.0,77.0,253772.0,2022-12-20,109960,KOSDAQ,-,-76,-197,-53861.6,-139978.06,-53.64,120.17,138.29,284.0,-384.0,-2.78,1952.0,1.84,61107969,61107969,23427353,38.34%,86.35,-1.22%,코스닥,2108,360,10700,3115,7585,3.434991974317817,-10316.0,0.03588785046728972,N/A,,,,"-1,297원",,-1297.0,1.77,1952.0,
팜젠사이언스,6960.0,220.0,-3.06%,7000.0,7010.0,115834.0,817.0,152956.0,2022-12-20,004720,KOSPI,1953.0,-6.0,-28.0,-0.32,-1.44,-2.28,87.03,62.77,4566.41,-25.0,-16.19,26557.0,0.36,15973355,15973355,1538709,9.63%,86.35,-1.22%,코스피,1749,619,20550,9100,11450,2.258241758241758,-13590.0,0.3386861313868613,N/A,,,,-587원,,-587.0,0.41,26557.0,0.59
프레스티지바이오로직스 *,3450.0,110.0,-3.09%,3450.0,3470.0,174121.0,600.0,131606.0,2022-12-20,334970,KOSDAQ,1979.0,166.0,220.0,8.4,11.11,10.9,75.88,67.75,1467.99,320.0,13.25,7860.0,1.32,68690000,68690000,4726925,6.88%,86.35,-1.22%,코스닥,7281,262,15300,9110,6190,1.6794731064763995,-11850.0,0.22549019607843138,"15,250",4.0,매수,13.50배,785원,13.5,785.0,1.35,7860.0,0.94
제일파마홀딩스,10950.0,350.0,-3.10%,11000.0,11050.0,33528.0,369.0,55677.0,2022-12-20,002620,KOSPI,28.0,-35.0,-38.0,-126.59,-137.55,-21.0,51.21,29.36,542.45,-196.0,-17.26,2307.0,4.02,22102155,22102155,250018,1.13%,86.35,-1.21%,코스피,2042,375,14782,7769,7013,1.9026901789162054,-3832.0,0.7407657962386687,N/A,,,,-537원,,-537.0,4.01,2307.0,
보령,10600.0,350.0,-3.20%,10650.0,10700.0,82007.0,878.0,94852.0,2022-12-20,003850,KOSPI,9.0,-20.0,-14.0,-225.44,-159.46,-9.16,19.09,2504.05,591.35,-101.0,-36.49,3626.0,3.45,13845968,13845968,87123,0.63%,86.35,-1.21%,코스피,1668,464,27800,10950,16850,2.538812785388128,-17200.0,0.381294964028777,N/A,,,,-337원,,-337.0,3.32,3626.0,
퓨쳐켐 *,9280.0,310.0,-3.23%,9350.0,9400.0,80271.0,756.0,86254.0,2022-12-20,220100,KOSDAQ,1543.0,-2.0,-28.0,-0.11,-1.84,1.59,169.2,50.56,7098.85,-23.0,14.43,34909.0,0.22,9603921,9603921,406334,4.23%,86.35,-1.21%,코스닥,828,855,14550,7150,7400,2.034965034965035,-5270.0,0.6378006872852233,N/A,,,16.23배,531원,16.23,531.0,0.25,34909.0,3.02
큐라클 *,12000.0,400.0,-3.23%,12000.0,12100.0,26057.0,314.0,72597.0,2022-12-20,365270,KOSDAQ,274.0,-3.0,-15.0,-1.2,-5.38,,150.34,113.52,1607.72,-28.0,,1708.0,6.03,49069269,49069269,204533,0.42%,86.35,-1.22%,코스닥,3464,183,13400,5920,7480,2.2635135135135136,-1400.0,0.8955223880597015,N/A,,,213.94배,33원,213.94,33.0,4.13,1708.0,0.14
코스맥스비티아이,8600.0,290.0,-3.26%,8650.0,8660.0,11035.0,96.0,9909.0,2022-12-20,044820,KOSPI,104.0,1.0,2.0,1.3,1.5,6.09,28.07,110.09,615.17,12.0,27.93,3507.0,1.61,12641883,12641883,158445,1.25%,86.35,-1.22%,코스피,750,1009,8720,5270,3450,1.6546489563567361,-120.0,0.9862385321100917,N/A,,,29.21배,203원,29.21,203.0,1.69,3507.0,0.84
국전약품 *,7110.0,240.0,-3.27%,7140.0,7150.0,315980.0,2272.0,1344722.0,2022-12-20,307750,KOSDAQ,61.0,-47.0,-48.0,-77.31,-78.51,-38.39,38.52,677.64,404.92,-170.0,-10.18,2759.0,4.66,23995326,23995326,45328,0.19%,86.35,-1.22%,코스닥,3179,201,19800,9950,9850,1.9899497487437185,-12690.0,0.35909090909090907,N/A,,,,"-1,262원",,-1262.0,4.8,2759.0,
이글벳 *,5900.0,200.0,-3.28%,5940.0,5960.0,81436.0,487.0,58966.0,2022-12-20,044960,KOSDAQ,363.0,22.0,17.0,5.94,4.59,,85.27,62.95,2168.16,240.0,,11348.0,1.39,8168557,8168557,50255,0.62%,86.35,-1.35%,코스닥,1193,701,20700,10600,10100,1.9528301886792452,-14800.0,0.28502415458937197,"17,000",4.0,매수,26.21배,557원,26.21,557.0,1.29,11348.0,
티움바이오 *,13250.0,450.0,-3.28%,13300.0,13350.0,64205.0,856.0,207014.0,2022-12-20,321550,KOSDAQ,251.0,-18.0,-44.0,-7.17,-17.48,-11.39,64.88,81.69,505.53,-158.0,-49.4,3218.0,4.66,27871150,27871150,188857,0.68%,86.35,-1.35%,코스닥,3191,202,27500,7860,19640,3.4987277353689565,-14250.0,0.4818181818181818,N/A,,,,-304원,,-304.0,3.56,3218.0,
알피바이오 *,14450.0,500.0,-3.34%,14600.0,14650.0,289188.0,4293.0,658543.0,2022-12-20,314140,KOSDAQ,212.0,15.0,45.0,6.95,21.26,2.58,12.26,577.42,171.03,32.0,64.46,1368.0,1.64,138892244,138892244,6564570,4.73%,86.35,-1.35%,코스닥,3125,210,3990,1990,2000,2.0050251256281406,10460.0,3.6215538847117794,N/A,,,64.29배,35원,64.29,35.0,1.64,1368.0,
HLB제약 *,11500.0,400.0,-3.36%,11550.0,11600.0,179670.0,2083.0,261118.0,2022-12-20,047920,KOSDAQ,204.0,15.0,6.0,7.55,3.17,6.45,123.09,113.5,933.38,59.0,80.19,5404.0,4.83,10906701,10906701,57772,0.53%,86.35,-1.22%,코스닥,2530,280,52600,20700,31900,2.5410628019323673,-41100.0,0.21863117870722434,N/A,,,71.38배,325원,71.38,325.0,4.29,5404.0,0.22
CMG제약 *,2230.0,80.0,-3.46%,2245.0,2250.0,983580.0,2255.0,5615887.0,2022-12-20,058820,KOSDAQ,1709.0,189.0,157.0,11.08,9.2,-0.05,51.1,85.39,8949.09,472.0,-755.5,43909.0,0.4,12621492,12621492,988858,7.83%,86.35,-1.35%,코스닥,2398,302,40900,16100,24800,2.540372670807453,-38670.0,0.05452322738386308,N/A,,,,-23원,,-23.0,0.43,43909.0,2.51
한국파마 *,23300.0,850.0,-3.52%,23300.0,23400.0,21715.0,510.0,28031.0,2022-12-20,032300,KOSDAQ,70.0,12.0,11.0,16.64,15.46,23.38,50.39,224.24,1147.13,37.0,6.02,1233.0,1.24,30027963,30027963,221037,0.74%,86.35,-1.35%,코스닥,562,1203,2890,1505,1385,1.920265780730897,20410.0,8.062283737024222,N/A,,,7.08배,264원,7.08,264.0,1.52,1233.0,
휴온스글로벌 *,19050.0,700.0,-3.54%,19200.0,19250.0,17126.0,331.0,16692.0,2022-12-20,084110,KOSDAQ,139.0,-25.0,-38.0,-17.76,-27.45,-21.46,13.64,484.57,200.51,-57.0,-7.05,1691.0,1.69,67162079,67162079,3047256,4.54%,86.35,-1.23%,코스닥,1938,582,5040,2585,2455,1.9497098646034816,14010.0,3.7797619047619047,N/A,,,,-406원,,-406.0,1.71,1691.0,
더블유에스아이 *,1865.0,70.0,-3.62%,1905.0,1915.0,47523.0,91.0,110217.0,2022-12-20,299170,KOSDAQ,369.0,9.0,1.0,2.56,0.3,-5.55,150.85,38.17,238.89,3.0,-17.94,2469.0,1.02,33953454,33953454,337538,0.99%,86.35,-1.35%,코스닥,957,801,5100,2270,2830,2.246696035242291,-3235.0,0.3656862745098039,N/A,,,,-140원,,-140.0,1.14,2469.0,
삼성제약,2885.0,110.0,-3.67%,2915.0,2920.0,161211.0,471.0,225685.0,2022-12-20,001360,KOSPI,141.0,64.0,51.0,45.45,36.41,19.67,6.88,972.49,1374.88,91.0,21.9,1859.0,3.76,57930864,57930864,487348,0.84%,86.35,-1.22%,코스피,3829,159,9450,5092,4358,1.8558523173605657,-6565.0,0.3052910052910053,"9,695",4.0,매수,20.72배,319원,20.72,319.0,3.56,1859.0,
명문제약,2825.0,110.0,-3.75%,2830.0,2835.0,139724.0,397.0,223788.0,2022-12-20,017180,KOSPI,493,-9,-,-1.79,0.09,-2.68,66.76,57.21,1115.36,2.0,-31.33,5936.0,0.86,23906860,23906860,201043,0.84%,86.35,-1.35%,코스피,1922,587,12300,4875,7425,2.523076923076923,-9475.0,0.22967479674796748,N/A,,,,-163원,,-163.0,1.35,5936.0,0.62
바이오플러스 *,6620.0,260.0,-3.78%,6630.0,6640.0,712347.0,4762.0,965543.0,2022-12-20,099430,KOSDAQ,23.0,-46.0,-68.0,-197.02,-288.5,-31.66,81.09,34.08,259.26,-153.0,-1.89,1995.0,0.69,43984470,43984470,229007,0.52%,86.35,-1.23%,코스닥,904,889,5800,1230,4570,4.715447154471545,820.0,1.1413793103448275,N/A,,,,-727원,,-727.0,1.03,1995.0,
경보제약,8020.0,330.0,-3.95%,8060.0,8070.0,370789.0,3022.0,923119.0,2022-12-20,214390,KOSPI,338.0,13.0,12.0,3.72,3.42,0.01,47.69,105.35,2576.17,163.0,12204.46,13381.0,0.69,7088782,7088782,3075040,43.38%,86.35,-1.23%,코스피,773,993,14600,8610,5990,1.6957026713124275,-6580.0,0.5493150684931507,N/A,,,"10,900.00배",1원,10900.0,1.0,0.81,13381.0,0.46
제넨바이오 *,2060.0,85.0,-3.96%,2040.0,2045.0,379859.0,777.0,386505.0,2022-12-20,072520,KOSDAQ,48.0,-3.0,-110.0,-6.7,-228.58,-23.79,22.91,110.64,115.66,-102.0,-1.96,1105.0,0.55,84704985,84704985,852365,1.01%,86.35,-1.23%,코스닥,510,1025,1685,507,1178,3.323471400394477,375.0,1.2225519287833828,N/A,,,,-308원,,-308.0,0.54,1105.0,
하이텍팜 *,10900.0,450.0,-3.96%,10900.0,10950.0,14110.0,154.0,35560.0,2022-12-20,106190,KOSDAQ,1698.0,116.0,81.0,6.8,4.79,5.77,210.27,68.66,280.72,352.0,34.13,9216.0,1.91,22178081,22178081,1591448,7.18%,86.35,-1.35%,코스닥,4192,357,31900,16750,15150,1.9044776119402984,-21000.0,0.34169278996865204,"31,200",4.0,매수,36.63배,516원,36.63,516.0,2.05,9216.0,1.67
초록뱀헬스케어,598.0,25.0,-4.01%,598.0,600.0,205502.0,123.0,110217.0,2022-12-20,118000,KOSPI,385.0,5.0,-3.0,1.31,-0.81,10.89,88.21,85.86,760.73,-4.0,16.4,4171.0,1.65,24181020,24181020,429855,1.78%,86.35,-1.23%,코스피,1693,457,11350,6200,5150,1.8306451612903225,-10752.0,0.05268722466960352,N/A,,,16.63배,421원,16.63,421.0,1.68,4171.0,
JW중외제약,18850.0,800.0,-4.07%,19100.0,19150.0,96722.0,1858.0,83219.0,2022-12-20,001060,KOSPI,348,19,-54,5.36,-15.66,-,5.44,924.64,445.58,-80.0,17603.02,2717.0,0.74,68052006,68052006,1224159,1.80%,86.35,-1.35%,코스피,1878,413,3755,1840,1915,2.0407608695652173,15095.0,5.019973368841544,N/A,,,,,,,1.02,2717.0,
씨티씨바이오 *,6970.0,300.0,-4.13%,7020.0,7030.0,51613.0,365.0,29142.0,2022-12-20,060590,KOSDAQ,153.0,-50.0,-60.0,-32.55,-38.98,-58.59,65.49,34.28,3.86,-25.0,-1.47,520.0,1.06,234043081,234043081,4420876,1.89%,86.35,-1.23%,코스닥,1694,447,1335,415,920,3.216867469879518,5635.0,5.2209737827715355,N/A,,,,-377원,,-377.0,1.39,520.0,
화일약품 *,2730.0,120.0,-4.21%,2745.0,2750.0,6315351.0,18128.0,6118288.0,2022-12-20,061250,KOSDAQ,67.0,-10.0,-4.0,-15.47,-5.32,-4.01,17.47,158.77,638.68,-24.0,-27.43,3688.0,1.12,15000000,15000000,150036,1.00%,86.35,-1.23%,코스닥,789,972,12700,3600,9100,3.5277777777777777,-9970.0,0.21496062992125983,N/A,,,,-151원,,-151.0,1.43,3688.0,
비보존 제약 *,722.0,32.0,-4.24%,730.0,731.0,751975.0,552.0,4121093.0,2022-12-20,082800,KOSDAQ,215.0,58.0,41.0,27.16,19.18,6.38,9.3,575.99,2680.02,648.0,8.52,29099.0,0.51,6370000,6370000,132092,2.07%,86.35,-1.23%,코스닥,1032,780,21200,13400,7800,1.5820895522388059,-20478.0,0.0340566037735849,N/A,,,9.36배,"1,731원",9.36,1731.0,0.56,29099.0,1.54
KPX생명과학 *,5260.0,240.0,-4.36%,5280.0,5300.0,885970.0,4773.0,766954.0,2022-12-20,114450,KOSDAQ,19.0,-11.0,-3.0,-57.63,-14.23,-23.11,114.05,82.63,189.26,-29.0,-14.7,1382.0,2.45,9140444,9140444,299429,3.28%,86.35,-1.35%,코스닥,351,1464,10300,3135,7165,3.2854864433811803,-5040.0,0.5106796116504855,N/A,,,,-230원,,-230.0,2.77,1382.0,
삼아제약 *,16250.0,750.0,-4.41%,16400.0,16500.0,61883.0,1028.0,58830.0,2022-12-20,009300,KOSDAQ,1.0,-109.0,-107.0,-7563.13,-7450.62,-75.4,4.04,2497.96,321.15,-437.0,-4.47,2553.0,3.47,19896425,19896425,246815,1.24%,86.35,-1.35%,코스닥,2049,370,15800,7750,8050,2.0387096774193547,450.0,1.0284810126582278,N/A,,,,"-1,980원",,-1980.0,4.03,2553.0,
애드바이오텍 *,3830.0,180.0,-4.49%,3830.0,3840.0,44751.0,173.0,37750.0,2022-12-20,179530,KOSDAQ,74.0,11.0,15.0,14.45,20.27,,69.97,160.11,414.32,118.0,,3479.0,7.1,12647869,12647869,105241,0.83%,86.35,-1.23%,코스닥,3839,160,52600,19750,32850,2.6632911392405063,-48770.0,0.07281368821292776,N/A,,,,,,,8.72,3479.0,
브릿지바이오테라퓨틱스 *,10350.0,500.0,-4.61%,10300.0,10350.0,39839.0,417.0,19171.0,2022-12-20,288330,KOSDAQ,,,,,,,,,,,,,,22466781,22466781,60708,0.27%,86.35,-1.23%,코스닥,1573,496,11600,5610,5990,2.0677361853832443,-1250.0,0.8922413793103449,N/A,,,,,,,,,
보로노이 *,30350.0,1500.0,-4.71%,30500.0,30550.0,115251.0,3543.0,102373.0,2022-12-20,310210,KOSDAQ,122.0,6.0,6.0,4.99,5.02,-21.83,225.04,62.4,214.23,72.0,-7.24,2265.0,1.78,11659319,11659319,96661,0.83%,86.35,-1.23%,코스닥,565,1206,11127,4285,6842,2.596732788798133,19223.0,2.7275995326682843,N/A,,,,-558원,,-558.0,2.14,2265.0,
샤페론 *,7010.0,360.0,-4.88%,6970.0,6980.0,4922449.0,35298.0,25504224.0,2022-12-20,378800,KOSDAQ,141.0,8.0,13.0,5.82,9.09,0.82,7.45,655.39,2005.5,108.0,84.05,10549.0,0.66,11898263,11898263,275558,2.32%,86.35,-1.23%,코스닥,867,916,11550,6500,5050,1.7769230769230768,-4540.0,0.606926406926407,N/A,,,87.83배,83원,87.83,83.0,0.69,10549.0,1.37
서울제약 *,4850.0,250.0,-4.90%,4870.0,4880.0,99508.0,489.0,199642.0,2022-12-20,018680,KOSDAQ,543.0,-23.0,-21.0,-4.27,-3.86,-6.53,104.1,93.77,9.23,-11.0,-72.07,546.0,4.82,182892731,182892731,7968398,4.36%,86.35,-1.23%,코스닥,6045,298,5670,2390,3280,2.3723849372384938,-820.0,0.855379188712522,N/A,,,,-36원,,-36.0,6.05,546.0,
에스텍파마 *,7300.0,380.0,-4.95%,7410.0,7430.0,44154.0,330.0,38974.0,2022-12-20,041910,KOSDAQ,160.0,-10.0,53.0,-6.37,32.82,2.38,4.19,1829.13,159.12,11.0,15.75,1293.0,0.37,398575882,398575882,14656584,3.68%,86.35,-1.35%,코스닥,2057,556,1015,460,555,2.2065217391304346,6285.0,7.192118226600985,N/A,,,16.65배,31원,16.65,31.0,0.4,1293.0,
영진약품,3275.0,190.0,-5.48%,3300.0,3305.0,1192659.0,3997.0,1073831.0,2022-12-20,003520,KOSPI,389.0,29.0,21.0,7.4,5.37,2.06,95.18,182.05,2597.99,113.0,70.36,13366.0,1.43,17998577,17998577,184877,1.03%,86.35,-1.35%,코스피,3861,379,38900,17250,21650,2.255072463768116,-35625.0,0.08419023136246787,N/A,,,78.86배,272원,78.86,272.0,1.6,13366.0,1.17
에이프로젠제약,516.0,30.0,-5.49%,518.0,519.0,3904230.0,2053.0,7467823.0,2022-12-20,003060,KOSPI,2.0,-44.0,-34.0,-2186.55,-1694.77,,2.74,3834.97,572.95,-332.0,,6832.0,1.81,10561025,10561025,40395,0.38%,86.35,-1.35%,코스피,1721,443,25300,10400,14900,2.4326923076923075,-24784.0,0.02039525691699605,N/A,,,,"-9,393원",,-9393.0,2.39,6832.0,
이연제약,21350.0,1450.0,-6.36%,21500.0,21600.0,146821.0,3226.0,172669.0,2022-12-20,102460,KOSPI,135.0,-9.0,2.0,-6.75,1.81,-4.65,50.42,132.1,532.15,8.0,-12.73,3169.0,0.61,30849565,30849565,207818,0.67%,86.35,-1.35%,코스피,760,998,6650,1670,4980,3.9820359281437128,14700.0,3.210526315789474,N/A,,,,-151원,,-151.0,0.78,3169.0,
에이프릴바이오 *,16300.0,1250.0,-7.12%,16500.0,16550.0,64501.0,1078.0,59591.0,2022-12-20,397030,KOSDAQ,44.0,6.0,9.0,14.39,20.03,2.18,5.03,1119.26,1179.78,109.0,45.55,6426.0,0.98,8180000,8180000,148062,1.81%,86.35,-1.24%,코스닥,696,1060,11900,5500,6400,2.1636363636363636,4400.0,1.3697478991596639,N/A,,,61.67배,138원,61.67,138.0,1.32,6426.0,
경남제약 *,2440.0,225.0,-8.44%,2455.0,2460.0,1469823.0,3695.0,12160043.0,2022-12-20,053950,KOSDAQ,1.0,-36.0,-57.0,-4544.25,-7268.01,-54.32,20.89,134.99,375.28,-474.0,-3.53,2742.0,2.44,12120570,12120570,451745,3.73%,86.35,-1.24%,코스닥,1588,494,21250,5160,16090,4.118217054263566,-18810.0,0.1148235294117647,N/A,,,,"-1,893원",,-1893.0,4.78,2742.0,
