종목명,현재가,전일비,등락률,매수호가,매도호가,거래량,거래대금,전일거래량,조회일자,종목명_전처리,종목코드,시장구분,매출액,영업이익,당기순이익,영업이익률,순이익률,ROE(지배주주),부채비율,당좌비율,유보율,EPS(원),PER(배),BPS(원),PBR(배),주당배당금(원),시가배당률(%),배당성향(%),시가총액,시가총액순위,상장주식수,액면가l매매단위,외국인한도주식수(A),외국인보유주식수(B),외국인소진율(B/A),투자의견l목표주가,52주최고l최저,PERlEPS(2022.09),추정PERlEPS,PBRlBPS (2022.09),배당수익률,동일업종 PER,동일업종 등락률,배당수익률l2021.12,PERlEPS(2021.12),PBRlBPS (2021.12),배당수익률l2022.12,PERlEPS(2022.08),PBRlBPS (2022.08),배당수익률l2021.11
카이노스메드 *,4880.0,1050.0,+27.42%,4870.0,4875.0,4351347.0,21353.0,55714.0,2022-12-20,카이노스메드,284620,KOSDAQ,-,-28,-14,-6497.05,-3232.27,-64.03,23.85,401.64,119.98,-55,-7.59,1277,2.92,,,,"1,361  억원",코스닥 592위,27922396,500원  l  1주,27922396,848458,3.04%,N/A  l  N/A,"14,464  l  3,020",N/A  l  -440원,N/A  l  N/A,"3.82배  l  1,277원",,86.35배,-1.39%,,,,,,,
위더스제약 *,9250.0,1330.0,+16.79%,9260.0,9280.0,6290079.0,58089.0,18884.0,2022-12-20,위더스제약,330350,KOSDAQ,170.0,23.0,11.0,13.48,6.66,6.62,49.54,123.45,3072.69,86.0,15.32,6397.0,0.98,,,,"1,278  억원",코스닥 675위,13192778,200원  l  1주,13192778,81617,0.62%,N/A  l  N/A,"16,100  l  5,960",23.58배  l  411원,N/A  l  N/A,"1.51배  l  6,397원",,86.35배,-1.39%,0.50%,,,,,,
휴럼 *,1315.0,100.0,+8.23%,1320.0,1325.0,19215503.0,27731.0,703004.0,2022-12-20,휴럼,353190,KOSDAQ,470.0,19.0,16.0,3.95,3.38,11.78,37.66,221.78,2164.92,174.0,6.92,11344.0,0.76,,,,966  억원,코스닥 832위,9200224,500원  l  1주,9200224,85674,0.93%,N/A  l  N/A,"22,500  l  7,770","8.46배  l  1,241원",N/A  l  N/A,"0.93배  l  11,344원",,86.35배,-1.39%,2.38%,,,,,,
뉴트리 *,10450.0,560.0,+5.66%,10500.0,10550.0,431705.0,4576.0,98305.0,2022-12-20,뉴트리,270870,KOSDAQ,254.0,15.0,11.0,5.91,4.26,,9.71,502.61,6221.53,112.0,,6319.0,1.04,,,,"1,243  억원",코스닥 663위,14155000,100원  l  1주,14155000,104743,0.74%,N/A  l  N/A,"15,300  l  6,010",16.82배  l  522원,N/A  l  N/A,"1.39배  l  6,319원",,86.35배,-1.42%,,,,,,,
프롬바이오 *,8760.0,440.0,+5.29%,8700.0,8710.0,2042374.0,18063.0,444412.0,2022-12-20,프롬바이오,377220,KOSDAQ,581.0,42.0,38.0,7.19,6.47,16.33,52.84,86.58,1780.91,209.0,8.01,10613.0,1.08,,,,"1,941  억원",코스닥 402위,18754848,500원  l  1주,18754848,328682,1.75%,N/A  l  N/A,"22,822  l  9,700","7.20배  l  1,437원",N/A  l  N/A,"0.98배  l  10,613원",,86.35배,-1.39%,1.50%,,,,,,
노바렉스 *,10350.0,250.0,+2.48%,10350.0,10400.0,370009.0,3854.0,89498.0,2022-12-20,노바렉스,194700,KOSDAQ,319.0,78.0,62.0,24.61,19.46,18.7,53.94,158.88,3428.03,622.0,7.52,15422.0,1.21,,,,"2,473  억원",코스닥 293위,9971194,500원  l  1주,9971194,491829,4.93%,"4.00매수  l  33,000","25,750  l  17,850","10.37배  l  2,391원",N/A  l  N/A,"1.61배  l  15,422원",,86.35배,-1.39%,1.61%,,,,,,
휴메딕스 *,24850.0,600.0,+2.47%,24950.0,25000.0,79552.0,1997.0,20590.0,2022-12-20,휴메딕스,200670,KOSDAQ,279.0,29.0,34.0,10.41,12.02,7.78,62.81,76.15,957.2,189.0,16.29,5264.0,1.23,,,,"1,552  억원",코스닥 509위,17752276,500원  l  1주,17752276,215773,1.22%,N/A  l  N/A,"11,100  l  5,910",21.96배  l  398원,N/A  l  N/A,"1.66배  l  5,264원",,86.35배,-1.39%,0.92%,,,,,,
녹십자웰빙 *,8730.0,200.0,+2.34%,8800.0,8810.0,4501573.0,42519.0,249794.0,2022-12-20,녹십자웰빙,234690,KOSDAQ,244.0,-43.0,-34.0,-17.63,-13.94,-12.96,51.13,134.86,610.22,-97.0,-32.81,4072.0,3.5,,,,"3,400  억원",코스닥 188위,31480573,500원  l  1주,31480573,1599722,5.08%,N/A  l  N/A,"16,050  l  7,450",N/A  l  -372원,N/A  l  N/A,"2.65배  l  4,072원",,86.35배,-1.39%,,,,,,,
HLB테라퓨틱스 *,10850.0,100.0,+0.93%,10850.0,10900.0,119357.0,1306.0,191773.0,2022-12-20,HLB테라퓨틱스,115450,KOSDAQ,1676.0,189.0,180.0,11.26,10.76,11.53,96.69,68.26,7311.42,1312.0,7.83,39528.0,0.81,,,,"3,899  억원",코스피 376위,11569113,500원  l  1주,11569113,1208208,10.44%,"4.00매수  l  52,000","44,750  l  29,400","8.26배  l  4,080원","8.00배  l  4,261원","0.85배  l  39,528원",,86.35배,-1.34%,1.48%,,,,,,
서흥,33650.0,300.0,+0.90%,33800.0,33850.0,17661.0,596.0,9208.0,2022-12-20,서흥,008490,KOSPI,4315.0,-45.0,55.0,-1.05,1.28,3.91,24.7,195.2,2609.51,101.0,54.11,28132.0,1.93,,,,687  억원,코스피 929위,1180940,"1,000원  l  1주",1180940,0,0.00%,"4.00매수  l  76,450","72,800  l  51,000","58.03배  l  1,003원","52.00배  l  1,112원","2.07배  l  28,132원",,86.35배,-1.39%,0.70%,,,,,,
유한양행우,58200.0,500.0,+0.87%,57800.0,58200.0,888.0,51.0,1951.0,2022-12-20,유한양행우,000105,KOSPI,167.0,-46.0,-64.0,-27.7,-38.17,-45.14,171.64,42.08,709.36,-216.0,-2.83,2834.0,1.44,,,,754  억원,코스닥 999위,19001657,500원  l  1주,19001657,178670,0.94%,N/A  l  N/A,"15,660  l  2,885","N/A  l  -1,445원",N/A  l  N/A,"1.40배  l  2,834원",,86.35배,-1.34%,,,,,,,
아이큐어 *,4015.0,25.0,+0.63%,4060.0,4085.0,1445058.0,5933.0,2257535.0,2022-12-20,아이큐어,175250,KOSDAQ,,,,,,,,,,,,,,,,,862  억원,코스닥 939위,8205348,500원  l  1주,8205348,44638,0.54%,N/A  l  N/A,"16,300  l  9,410",,N/A  l  N/A,,,86.35배,-1.42%,,N/A  l  N/A,N/A  l  N/A,,,,
인벤티지랩 *,10200.0,50.0,+0.49%,10300.0,10350.0,1318373.0,13943.0,537139.0,2022-12-20,인벤티지랩,389470,KOSDAQ,-,-39,-46,-26605.82,-31091.17,-21.86,6.84,2142.39,384.09,-207,-22.89,2446,5.44,,,,"2,821  억원",코스닥 246위,22298866,500원  l  1주,22298866,335027,1.50%,N/A  l  N/A,"40,500  l  11,700",N/A  l  -464원,N/A  l  N/A,"5.17배  l  2,446원",,86.35배,-1.42%,,,,,,,
압타바이오 *,12650.0,50.0,+0.40%,12850.0,12900.0,734578.0,9704.0,67651.0,2022-12-20,압타바이오,293780,KOSDAQ,4315.0,-45.0,55.0,-1.05,1.28,3.91,24.7,195.2,2609.51,101.0,54.11,28132.0,1.93,,,,"4조  3,353  억원",코스피 71위,73231476,"1,000원  l  1주",73231476,14737782,20.12%,"4.00매수  l  76,450","67,200  l  52,800","59.02배  l  1,003원","53.00배  l  1,112원","2.10배  l  28,132원",,86.35배,-1.39%,0.65%,,,,,,
유한양행,59000.0,0.0,0.00%,59200.0,59300.0,141322.0,8430.0,108168.0,2022-12-20,유한양행,000100,KOSPI,1698.0,116.0,81.0,6.8,4.79,5.77,210.27,68.66,280.72,352.0,34.13,9216.0,1.91,,,,132  억원,코스피 1445위,200000,"2,500원  l  1주",200000,247,0.12%,"4.00매수  l  31,200","75,800  l  51,500",127.91배  l  516원,"43.00배  l  1,520원","7.16배  l  9,216원",,86.35배,-1.42%,0.49%,,,,,,
JW중외제약2우B,66000.0,0.0,0.00%,65100.0,66000.0,2.0,0.0,1.0,2022-12-20,JW중외제약2우B,001067,KOSPI,534.0,46.0,40.0,8.54,7.41,6.5,45.08,131.55,2255.74,297.0,10.18,13069.0,0.57,,,,"1,216  억원",코스닥 669위,13042420,500원  l  1주,13042420,555925,4.26%,N/A  l  N/A,"12,950  l  7,140",12.84배  l  726원,N/A  l  N/A,"0.71배  l  13,069원",,86.35배,-1.42%,2.36%,,,,,,
안국약품 *,9400.0,0.0,0.00%,9430.0,9460.0,18750.0,177.0,21534.0,2022-12-20,안국약품,001540,KOSDAQ,496.0,-13.0,-20.0,-2.69,-3.95,-0.52,47.29,389.19,768.78,-10.0,-399.73,3819.0,1.95,,,,"6,637  억원",코스피 275위,71063049,500원  l  1주,71063049,3818145,5.37%,N/A  l  N/A,"14,000  l  6,800",N/A  l  -19원,N/A  l  N/A,"2.45배  l  3,819원",,86.35배,-1.42%,1.07%,,,,,,
부광약품,9320.0,0.0,0.00%,9400.0,9410.0,300176.0,2812.0,469703.0,2022-12-20,부광약품,003000,KOSPI,3319.0,301.0,212.0,9.07,6.39,14.01,103.35,73.85,2200.86,1769.0,22.25,56874.0,2.78,,,,"1조  7,843  억원",코스피 154위,11586575,"2,500원  l  1주",11586575,891288,7.69%,"4.00매수  l  224,211","195,500  l  127,000","21.69배  l  7,100원","24.00배  l  6,336원","2.71배  l  56,874원",,86.35배,-1.42%,0.39%,,,,,,
대웅제약,153500.0,0.0,0.00%,154000.0,154500.0,8420.0,1297.0,15158.0,2022-12-20,대웅제약,069620,KOSPI,56.0,-30.0,-49.0,-52.64,-87.44,-16.15,29.89,386.55,397.76,-58.0,-6.81,2497.0,0.86,,,,"1,513  억원",코스닥 519위,84288078,500원  l  1주,84288078,7532802,8.94%,N/A  l  N/A,"10,855  l  1,695",N/A  l  -316원,N/A  l  N/A,"0.72배  l  2,497원",,86.35배,-1.42%,,,,,,,
엔지켐생명과학 *,1800.0,0.0,0.00%,1810.0,1815.0,2407689.0,4518.0,1954982.0,2022-12-20,엔지켐생명과학,183490,KOSDAQ,47.0,-2.0,-3.0,-5.05,-6.53,-10.67,137.88,101.84,150.95,-5.0,-28.36,254.0,2.93,,,,478  억원,코스닥 1318위,62104061,100원  l  1주,62104061,265254,0.43%,N/A  l  N/A,"1,365  l  655",N/A  l  -26원,N/A  l  N/A,3.03배  l  254원,,86.35배,-1.39%,,,,,,,
지엘팜텍 *,770.0,0.0,0.00%,770.0,771.0,35859.0,28.0,63446.0,2022-12-20,지엘팜텍,204840,KOSDAQ,224.0,2.0,-2.0,0.9,-0.97,0.72,45.37,194.47,717.31,-25.0,113.96,5100.0,0.82,,,,346  억원,코스닥 1465위,8610587,500원  l  1주,8610587,201937,2.35%,N/A  l  N/A,"7,050  l  3,650",108.65배  l  37원,N/A  l  N/A,"0.79배  l  5,100원",,86.35배,-1.36%,,,,,,,
진바이오텍 *,4050.0,5.0,-0.12%,4050.0,4060.0,10776.0,44.0,19207.0,2022-12-20,진바이오텍,086060,KOSDAQ,1698.0,116.0,81.0,6.8,4.79,5.77,210.27,68.66,280.72,352.0,34.13,9216.0,1.91,,,,114  억원,코스피 1510위,325655,"2,500원  l  1주",325655,66,0.02%,"4.00매수  l  31,200","39,000  l  30,650",67.64배  l  516원,"23.00배  l  1,520원","3.79배  l  9,216원",,86.35배,-1.42%,1.00%,,,,,,
JW중외제약우,34900.0,50.0,-0.14%,34500.0,34850.0,10.0,0.0,143.0,2022-12-20,JW중외제약우,001065,KOSPI,1038.0,135.0,80.0,12.97,7.66,7.35,70.0,113.76,1799.97,211.0,97.08,9311.0,6.88,,,,"2조  5,600  억원",코스닥 8위,37701974,500원  l  1주,37701974,3119801,8.27%,N/A  l  N/A,"136,100  l  59,700",102.88배  l  660원,N/A  l  N/A,"7.29배  l  9,311원",,86.35배,-1.36%,,,,,,,
셀트리온제약 *,68100.0,100.0,-0.15%,68400.0,68500.0,76221.0,5232.0,115688.0,2022-12-20,셀트리온제약,068760,KOSDAQ,1742.0,-249.0,-239.0,-14.32,-13.75,-136.42,277.6,57.52,351.05,-1028.0,-2.62,4890.0,4.89,,,,"3,393  억원",코스피 405위,11540400,"1,000원  l  1주",11540400,117907,1.02%,N/A  l  N/A,"59,200  l  10,950","N/A  l  -9,111원",N/A  l  N/A,"6.01배  l  4,890원",,86.35배,-1.39%,0.34%,,,,,,
일동홀딩스,29350.0,50.0,-0.17%,29450.0,29500.0,274694.0,8146.0,333938.0,2022-12-20,일동홀딩스,000230,KOSPI,296.0,6.0,7.0,2.1,2.48,-0.24,20.98,136.75,535.05,14.0,-1847.89,3039.0,4.38,,,,"8,332  억원",코스피 246위,52240638,500원  l  1주,52240638,3035628,5.81%,"4.00매수  l  23,250","21,700  l  12,450",N/A  l  -7원,88.00배  l  182원,"5.25배  l  3,039원",,86.35배,-1.36%,,,,,,,
한올바이오파마,15950.0,50.0,-0.31%,16050.0,16100.0,47170.0,758.0,67788.0,2022-12-20,한올바이오파마,009420,KOSPI,1617.0,146.0,215.0,9.04,13.29,3.09,78.39,143.01,1159.17,2544.0,20.53,79792.0,0.62,,,,"5,119  억원",코스피 320위,8446538,"5,000원  l  1주",8446538,1739578,20.60%,"4.00매수  l  76,714","72,700  l  47,100","24.98배  l  2,426원",N/A  l  N/A,"0.76배  l  79,792원",,86.35배,-1.42%,1.65%,,,,,,
동아에스티,60800.0,200.0,-0.33%,61200.0,61300.0,1825.0,111.0,4301.0,2022-12-20,동아에스티,170900,KOSPI,454.0,7.0,-19.0,1.53,-4.23,-6.64,269.16,37.01,930.85,-140.0,-22.2,6165.0,1.32,,,,"1,127  억원",코스피 746위,13714450,500원  l  1주,13714450,256309,1.87%,N/A  l  N/A,"10,150  l  6,740",N/A  l  -366원,N/A  l  N/A,"1.33배  l  6,165원",,86.35배,-1.36%,0.97%,,,,,,
삼일제약,8250.0,30.0,-0.36%,8280.0,8290.0,703820.0,6027.0,531559.0,2022-12-20,삼일제약,000520,KOSPI,341.0,-9.0,-17.0,-2.57,-4.85,-4.51,54.5,108.31,442.94,-105.0,-20.41,6154.0,0.92,,,,179  억원,코스피 1344위,2266930,"1,000원  l  1주",2266930,10088,0.45%,N/A  l  N/A,"14,950  l  6,900",N/A  l  -279원,N/A  l  N/A,"1.28배  l  6,154원",,86.35배,-1.39%,1.40%,,,,,,
유유제약1우,7880.0,30.0,-0.38%,7850.0,7880.0,1389.0,10.0,7567.0,2022-12-20,유유제약1우,000225,KOSPI,145.0,-25.0,-31.0,-16.95,-21.39,-14.45,128.49,65.03,1307.57,-394.0,-5.86,6694.0,0.87,,,,545  억원,코스닥 1225위,7903728,500원  l  1주,7903728,23519,0.30%,N/A  l  N/A,"11,650  l  5,300",N/A  l  -997원,N/A  l  N/A,"1.03배  l  6,694원",,86.35배,-1.42%,,,,,,,
한국유니온제약 *,6940.0,30.0,-0.43%,7000.0,7010.0,302106.0,2155.0,154010.0,2022-12-20,한국유니온제약,080720,KOSDAQ,484.0,55.0,51.0,11.46,10.54,3.46,52.73,111.77,736.84,147.0,19.42,4672.0,0.85,,,,"1,421  억원",코스닥 558위,32474435,500원  l  1주,32474435,766576,2.36%,N/A  l  N/A,"7,110  l  3,650",21.55배  l  203원,N/A  l  N/A,"0.94배  l  4,672원",,86.35배,-1.39%,,,,,,,
테라젠이텍스 *,4405.0,20.0,-0.45%,4400.0,4410.0,19109.0,84.0,68121.0,2022-12-20,테라젠이텍스,066700,KOSDAQ,424.0,35.0,24.0,8.2,5.65,10.23,68.18,106.62,1079.74,156.0,9.32,5850.0,0.9,,,,"1,018  억원",코스닥 792위,15327021,500원  l  1주,15327021,255610,1.67%,N/A  l  N/A,"9,330  l  4,965",11.81배  l  562원,N/A  l  N/A,"1.14배  l  5,850원",,86.35배,-1.36%,,,,1.96%,,,
알리코제약 *,6650.0,30.0,-0.45%,6720.0,6730.0,26124.0,175.0,121456.0,2022-12-20,알리코제약,260660,KOSDAQ,22.0,-90.0,-89.0,-416.37,-409.15,-63.77,10.08,1381.91,339.0,-694.0,-15.0,3038.0,9.97,,,,"1,221  억원",코스닥 671위,11523071,500원  l  1주,11523071,150083,1.30%,N/A  l  N/A,"19,600  l  8,790","N/A  l  -2,020원",N/A  l  N/A,"3.49배  l  3,038원",,86.35배,-1.36%,,,,,,,
큐리언트 *,10650.0,50.0,-0.47%,10650.0,10750.0,23554.0,246.0,158945.0,2022-12-20,큐리언트,115180,KOSDAQ,81.0,-18.0,-13.0,-22.36,-15.86,-2.93,56.79,69.77,961.14,-15.0,-218.73,1077.0,6.59,,,,"4,692  억원",코스닥 128위,64185876,100원  l  1주,64185876,3059557,4.77%,N/A  l  N/A,"9,680  l  6,470",N/A  l  -32원,N/A  l  N/A,"6.79배  l  1,077원",,86.35배,-1.36%,,,,,,,
코미팜 *,7340.0,50.0,-0.68%,7350.0,7360.0,26343.0,194.0,43410.0,2022-12-20,코미팜,041960,KOSDAQ,240.0,1.0,-2.0,0.26,-0.82,-20.49,130.85,52.52,27.23,-6.0,-5.92,501.0,1.63,,,,650  억원,코스닥 1101위,88970559,500원  l  1주,88970559,5026240,5.65%,N/A  l  N/A,"1,575  l  729",N/A  l  -138원,N/A  l  N/A,1.46배  l  501원,,86.35배,-1.36%,,,,,,,
비엘팜텍 *,735.0,5.0,-0.68%,733.0,736.0,54782.0,40.0,140371.0,2022-12-20,비엘팜텍,065170,KOSDAQ,4328.0,585.0,495.0,13.51,11.44,16.33,64.27,92.91,3006.94,669.0,9.76,19927.0,1.05,,,,"1조  1,977  억원",코스피 189위,58141980,500원  l  1주,58141980,2652426,4.56%,"4.00매수  l  28,000","36,250  l  18,200","9.60배  l  2,146원",N/A  l  N/A,"1.03배  l  19,927원",,86.35배,-1.36%,0.49%,,,,,,
대웅,20600.0,150.0,-0.72%,20600.0,20650.0,17207.0,356.0,22914.0,2022-12-20,대웅,003090,KOSPI,8730.0,3247.0,1292.0,37.2,14.79,7.51,86.88,68.91,4742.63,1815.0,109.55,120980.0,6.67,,,,"57조  8,645  억원",코스피 3위,71174000,"2,500원  l  1주",71174000,7640795,10.74%,"4.00매수  l  1,140,000","950,741  l  684,889","110.37배  l  7,366원","94.00배  l  8,667원","6.72배  l  120,980원",,86.35배,-1.36%,,,,,,,
삼성바이오로직스,815000.0,6000.0,-0.73%,819000.0,820000.0,22926.0,18663.0,21686.0,2022-12-20,삼성바이오로직스,207940,KOSPI,87.0,15.0,20.0,17.66,22.57,8.51,17.45,202.38,1922.76,198.0,12.58,10015.0,1.02,,,,"1,145  억원",코스닥 711위,9960000,500원  l  1주,9960000,143340,1.44%,N/A  l  N/A,"15,400  l  9,830",14.18배  l  811원,N/A  l  N/A,"1.15배  l  10,015원",,86.35배,-1.42%,0.87%,,,,,,
중앙백신 *,11550.0,100.0,-0.86%,11550.0,11600.0,6195.0,72.0,14011.0,2022-12-20,중앙백신,072020,KOSDAQ,3421.0,468.0,313.0,13.68,9.14,9.72,94.68,70.72,2737.85,2060.0,34.92,71552.0,3.2,,,,"3조  5,599  억원",코스피 88위,12317971,"2,500원  l  1주",12317971,1956046,15.88%,"4.00매수  l  350,625","329,500  l  223,500","44.07배  l  6,558원","39.00배  l  7,473원","4.04배  l  71,552원",,86.35배,-1.42%,0.17%,,,,,,
한미약품,288000.0,2500.0,-0.86%,290500.0,291000.0,20994.0,6129.0,26869.0,2022-12-20,한미약품,128940,KOSPI,117.0,-4.0,1.0,-3.4,0.47,-4.21,60.58,101.35,120.57,2.0,-39.87,1096.0,1.7,,,,491  억원,코스닥 1306위,28889293,500원  l  1주,28889293,622196,2.15%,N/A  l  N/A,"2,765  l  1,665",N/A  l  -47원,N/A  l  N/A,"1.55배  l  1,096원",,86.35배,-1.36%,,,,,,,
우진비앤지 *,1705.0,15.0,-0.87%,1705.0,1710.0,48165.0,82.0,49728.0,2022-12-20,우진비앤지,018620,KOSDAQ,40.0,-10.0,-6.0,-24.73,-16.13,-7.19,41.69,217.19,266.44,-44.0,-56.32,1975.0,4.22,,,,"1,165  억원",코스닥 710위,14669958,500원  l  1주,14669958,32818,0.22%,N/A  l  N/A,"14,800  l  7,760",N/A  l  -148원,N/A  l  N/A,"4.02배  l  1,975원",,86.35배,-1.36%,,,,,,,
옵티팜 *,7860.0,70.0,-0.88%,7910.0,7970.0,12109.0,95.0,8134.0,2022-12-20,옵티팜,153710,KOSDAQ,2283.0,-125.0,-104.0,-5.49,-4.55,-0.38,72.98,53.5,4251.74,-337.0,-123.66,107585.0,0.47,,,,"2,775  억원",코스피 476위,5009861,"2,500원  l  1주",5009861,278655,5.56%,N/A  l  N/A,"83,900  l  49,050",N/A  l  -408원,N/A  l  N/A,"0.51배  l  107,585원",,86.35배,-1.42%,2.53%,,,,,,
종근당홀딩스,55500.0,500.0,-0.89%,55500.0,55600.0,2052.0,115.0,3001.0,2022-12-20,종근당홀딩스,001630,KOSPI,40,-,-1,-0.62,-2.44,3.62,53.01,254.34,1473.52,-1,41.86,1344,1.58,,,,486  억원,코스닥 1310위,21836250,100원  l  1주,21836250,480515,2.20%,N/A  l  N/A,"8,330  l  1,900",43.63배  l  51원,N/A  l  N/A,"1.66배  l  1,344원",,86.35배,-1.36%,,,,,,,
에이디엠코리아 *,2235.0,20.0,-0.89%,2230.0,2235.0,66691.0,150.0,94046.0,2022-12-20,에이디엠코리아,187660,KOSDAQ,242.0,19.0,14.0,7.91,5.96,7.47,109.51,75.29,682.12,99.0,15.95,3911.0,1.15,,,,828  억원,코스닥 943위,15170500,500원  l  1주,15170500,72094,0.48%,N/A  l  N/A,"6,700  l  4,165",19.43배  l  281원,N/A  l  N/A,"1.40배  l  3,911원",,86.35배,-1.42%,,,,,,,
신신제약 *,5470.0,50.0,-0.91%,5510.0,5520.0,14903.0,82.0,42354.0,2022-12-20,신신제약,002800,KOSDAQ,1139.0,130.0,115.0,11.44,10.09,9.27,70.38,77.83,279.15,397.0,16.49,12901.0,1.39,,,,96  억원,코스피 1596위,445080,"2,500원  l  1주",445080,1169,0.26%,N/A  l  N/A,"44,500  l  18,600","19.74배  l  1,089원",N/A  l  N/A,"1.67배  l  12,901원",,86.35배,-1.29%,1.05%,,,,,,
일양약품우,21500.0,200.0,-0.92%,21450.0,21500.0,128.0,2.0,1464.0,2022-12-20,일양약품우,007575,KOSPI,403.0,-56.0,115.0,-13.91,28.57,-18.97,63.7,237.24,496.73,119.0,-21.59,3056.0,4.19,,,,1조  394  억원,코스닥 38위,96684269,500원  l  1주,96684269,5276896,5.46%,N/A  l  N/A,"18,800  l  9,310",N/A  l  -593원,N/A  l  N/A,"3.52배  l  3,056원",,86.35배,-1.29%,,,,,,,
HLB생명과학 *,10750.0,100.0,-0.92%,10800.0,10850.0,215697.0,2319.0,370254.0,2022-12-20,HLB생명과학,067630,KOSDAQ,4964.0,725.0,1376.0,14.61,27.73,11.23,107.71,66.2,1458.0,870.0,45.23,14142.0,4.79,,,,"10조  1,908  억원",코스닥 1위,158242322,"1,000원  l  1주",158242322,25964413,16.41%,"4.00매수  l  95,455","86,800  l  53,800","42.96배  l  1,499원","40.00배  l  1,616원","4.55배  l  14,142원",,86.35배,-1.29%,,,,0.20%,,,
셀트리온헬스케어 *,64500.0,600.0,-0.92%,64700.0,64800.0,176072.0,11421.0,415142.0,2022-12-20,셀트리온헬스케어,091990,KOSDAQ GLOBAL,507.0,50.0,31.0,9.93,6.13,8.27,67.79,65.74,660.08,109.0,18.26,3695.0,1.46,,,,"1,785  억원",코스닥 434위,28464992,500원  l  1주,28464992,308916,1.09%,N/A  l  N/A,"8,670  l  5,160",21.25배  l  295원,N/A  l  N/A,"1.70배  l  3,695원",,86.35배,-1.29%,1.60%,,,,,,
동구바이오제약 *,6270.0,60.0,-0.95%,6320.0,6330.0,72847.0,459.0,164162.0,2022-12-20,동구바이오제약,006620,KOSDAQ,2694.0,224.0,248.0,8.33,9.21,1.2,72.64,48.28,3479.0,4023.0,54.18,157904.0,0.64,,,,"6,444  억원",코스피 286위,6348913,"5,000원  l  1주",6348913,794957,12.52%,"4.00매수  l  145,000","119,500  l  92,100","54.45배  l  1,864원","15.00배  l  6,741원","0.64배  l  157,904원",,86.35배,-1.36%,1.48%,,,,,,
동아쏘시오홀딩스,100500.0,1000.0,-0.99%,100500.0,101000.0,3015.0,303.0,1122.0,2022-12-20,동아쏘시오홀딩스,000640,KOSPI,204.0,27.0,25.0,13.43,12.05,9.59,15.03,328.99,1994.3,213.0,8.32,10833.0,0.74,,,,"1,010  억원",코스닥 804위,11541464,500원  l  1주,11541464,234605,2.03%,N/A  l  N/A,"12,750  l  7,510",9.12배  l  959원,N/A  l  N/A,"0.81배  l  10,833원",,86.35배,-1.36%,,,,1.14%,,,
신일제약 *,8730.0,90.0,-1.02%,8760.0,8770.0,40618.0,357.0,117873.0,2022-12-20,신일제약,012790,KOSDAQ,130.0,-5.0,1.0,-4.06,0.93,4.8,5.33,1088.56,4069.04,26.0,22.87,20450.0,1.05,,,,984  억원,코스닥 823위,5392115,500원  l  1주,5392115,50491,0.94%,N/A  l  N/A,"40,250  l  16,400",19.37배  l  942원,N/A  l  N/A,"0.89배  l  20,450원",,86.35배,-1.29%,2.19%,,,,,,
에이치엘사이언스 *,18250.0,200.0,-1.08%,18300.0,18350.0,2727.0,50.0,11836.0,2022-12-20,에이치엘사이언스,239610,KOSDAQ,4597.0,488.0,424.0,10.61,9.23,8.7,65.63,120.15,2199.45,3209.0,13.3,115436.0,1.07,,,,"1조  5,777  억원",코스피 162위,11686538,"5,000원  l  1주",11686538,2596303,22.22%,"4.00매수  l  179,500","230,500  l  113,500","14.53배  l  9,288원","25.00배  l  5,509원","1.17배  l  115,436원",,86.35배,-1.29%,1.48%,,,,,,
녹십자,135000.0,1500.0,-1.10%,136000.0,136500.0,18827.0,2544.0,26357.0,2022-12-20,녹십자,006280,KOSPI,487.0,93.0,82.0,19.11,16.78,12.49,28.48,330.16,7297.95,1361.0,5.91,37022.0,0.7,,,,"1,818  억원",코스닥 421위,6000000,500원  l  1주,6000000,994234,16.57%,"4.00매수  l  40,000","32,300  l  24,250","6.94배  l  4,366원",N/A  l  N/A,"0.82배  l  37,022원",,86.35배,-1.36%,1.32%,,,,,,
대한약품 *,30500.0,350.0,-1.13%,30550.0,30600.0,2779.0,85.0,14022.0,2022-12-20,대한약품,023910,KOSDAQ,,-15.0,-16.0,,,,81.61,199.6,154.67,-62.0,,1314.0,3.69,,,,"1,348  억원",코스닥 604위,26429162,500원  l  1주,26429162,0,0.00%,N/A  l  N/A,"12,000  l  4,550",,N/A  l  N/A,,,86.35배,-1.36%,,N/A  l  -792원,"3.88배  l  1,314원",,,,
차백신연구소 *,5120.0,60.0,-1.16%,5150.0,5160.0,97101.0,502.0,193646.0,2022-12-20,차백신연구소,261780,KOSDAQ,,-124.0,536.0,,,-25.3,20.48,623.36,-29.77,986.0,-3.35,8762.0,0.9,,,,"4,874  억원",코스피 334위,60096155,,60096155,37929464,63.11%,N/A  l  N/A,"22,500  l  7,140","N/A  l  -2,363원",N/A  l  N/A,"0.93배  l  8,762원",,86.35배,-1.36%,,,,,,,
프레스티지바이오파마,8170.0,100.0,-1.21%,8150.0,8180.0,28797.0,234.0,56694.0,2022-12-20,프레스티지바이오파마,950210,KOSPI,888.0,-92.0,-150.0,-10.41,-16.84,-12.45,90.88,287.54,764.12,-191.0,-91.98,4882.0,11.65,,,,"5조  6,072  억원",코스피 53위,78313250,500원  l  1주,78313250,5193580,6.63%,"4.00매수  l  101,077","99,700  l  50,900",N/A  l  -619원,"-48.00배  l  -1,479원","14.67배  l  4,882원",,86.35배,-1.29%,,,,,,,
SK바이오팜,71600.0,900.0,-1.24%,72100.0,72300.0,36149.0,2601.0,47613.0,2022-12-20,SK바이오팜,326030,KOSPI,,-49.0,-45.0,,,,11.44,476.0,800.89,-237.0,,4931.0,1.37,,,,"1,501  억원",코스닥 527위,19006060,500원  l  1주,19006060,86693,0.46%,N/A  l  N/A,"19,014  l  6,390",N/A  l  -876원,N/A  l  N/A,"1.60배  l  4,931원",,86.35배,-1.36%,,,,,,,
바이젠셀 *,7880.0,100.0,-1.25%,7980.0,7990.0,52056.0,411.0,83687.0,2022-12-20,바이젠셀,308080,KOSDAQ,341.0,-9.0,-17.0,-2.57,-4.85,-4.51,54.5,108.31,442.94,-105.0,-20.41,6154.0,0.92,,,,51  억원,코스피 1857위,325560,"1,000원  l  1주",325560,95,0.03%,N/A  l  N/A,"29,100  l  13,700",N/A  l  -279원,N/A  l  N/A,"2.55배  l  6,154원",,86.35배,-1.29%,0.70%,,,,,,
유유제약2우B,15700.0,200.0,-1.26%,15600.0,15650.0,181.0,2.0,620.0,2022-12-20,유유제약2우B,000227,KOSPI,5537.0,449.0,238.0,8.12,4.29,1.45,87.13,83.16,3692.18,42.0,56.46,22390.0,0.73,,,,326  억원,코스피 1159위,845990,500원  l  1주,845990,1598,0.19%,N/A  l  N/A,"100,000  l  35,650",133.22배  l  289원,N/A  l  N/A,"1.72배  l  22,390원",,86.35배,-1.29%,1.04%,,,,,,
녹십자홀딩스2우,38500.0,500.0,-1.28%,38400.0,38500.0,671.0,25.0,749.0,2022-12-20,녹십자홀딩스2우,005257,KOSPI,,-20.0,-17.0,,,-21.18,3.33,4324.5,230.01,-110.0,-101.59,1661.0,24.26,,,,"5,853  억원",코스닥 93위,15223000,500원  l  1주,15223000,968832,6.36%,N/A  l  N/A,"100,000  l  31,750",N/A  l  -397원,N/A  l  N/A,"23.15배  l  1,661원",,86.35배,-1.36%,,,,,,,
박셀바이오 *,38600.0,500.0,-1.28%,38800.0,38850.0,96561.0,3772.0,172291.0,2022-12-20,박셀바이오,323990,KOSDAQ,160.0,-3.0,-12.0,-1.59,-7.78,0.49,142.73,815.21,264.15,-37.0,628.08,1912.0,3.04,,,,"2,024  억원",코스닥 381위,33182668,500원  l  1주,33182668,329299,0.99%,N/A  l  N/A,"10,450  l  4,950",677.78배  l  9원,N/A  l  N/A,"3.19배  l  1,912원",,86.35배,-1.36%,,,,,,,
이수앱지스 *,6100.0,80.0,-1.29%,6090.0,6110.0,26215.0,160.0,51728.0,2022-12-20,이수앱지스,086890,KOSDAQ,480.0,5.0,5.0,0.96,0.97,-6.82,144.39,43.97,1851.47,41.0,-78.52,8969.0,4.4,,,,"3,447  억원",코스닥 186위,11412356,500원  l  1주,11412356,153222,1.34%,N/A  l  N/A,"50,600  l  29,350",N/A  l  -502원,N/A  l  N/A,"3.37배  l  8,969원",,86.35배,-1.29%,,,,,,,
코오롱생명과학 *,30300.0,400.0,-1.30%,30350.0,30400.0,12413.0,377.0,12541.0,2022-12-20,코오롱생명과학,102940,KOSDAQ,1636.0,-186.0,-169.0,-11.38,-10.31,-76.3,198.59,67.87,774.91,-626.0,-3.95,8683.0,3.22,,,,1조  909  억원,코스피 205위,26803285,"1,000원  l  1주",26803285,921709,3.44%,N/A  l  N/A,"79,500  l  24,050","N/A  l  -7,083원",N/A  l  N/A,"4.69배  l  8,683원",,86.35배,-1.29%,,,,,,,
일동제약,40450.0,550.0,-1.34%,40650.0,40700.0,1192225.0,48924.0,1681517.0,2022-12-20,일동제약,249420,KOSPI,5537.0,449.0,238.0,8.12,4.29,1.45,87.13,83.16,3692.18,42.0,56.46,22390.0,0.73,,,,"8,465  억원",코스피 244위,47028210,500원  l  1주,47028210,3030773,6.44%,N/A  l  N/A,"29,400  l  14,950",62.28배  l  289원,N/A  l  N/A,"0.80배  l  22,390원",,86.35배,-1.29%,2.22%,,,,,,
녹십자홀딩스,18050.0,250.0,-1.37%,18050.0,18100.0,48696.0,883.0,104153.0,2022-12-20,녹십자홀딩스,005250,KOSPI,240.0,-367.0,-372.0,-152.82,-155.25,-21.09,55.08,98.82,1128.61,-289.0,-46.67,4114.0,10.2,,,,"3조  3,568  억원",코스닥 5위,106903481,500원  l  1주,106903481,14165160,13.25%,N/A  l  N/A,"56,309  l  27,811",N/A  l  -899원,N/A  l  N/A,"7.63배  l  4,114원",,86.35배,-1.36%,,,,,,,
HLB *,31350.0,450.0,-1.42%,31650.0,31700.0,337982.0,10594.0,352819.0,2022-12-20,HLB,028300,KOSDAQ,39.0,-5.0,-3.0,-12.35,-8.92,-11.43,4.69,1091.72,167.93,-12.0,-10.15,1203.0,1.2,,,,399  억원,코스닥 1416위,29129064,500원  l  1주,29129064,340167,1.17%,N/A  l  N/A,"3,390  l  1,205",N/A  l  -142원,N/A  l  N/A,"1.14배  l  1,203원",,86.35배,-1.36%,,,,,,,
제일바이오 *,1380.0,20.0,-1.43%,1380.0,1385.0,20095.0,28.0,21067.0,2022-12-20,제일바이오,052670,KOSDAQ,3776.0,77.0,74.0,2.05,1.95,4.71,66.93,99.43,956.39,123.0,13.14,12457.0,0.48,,,,"3,177  억원",코스피 431위,52420851,"1,000원  l  1주",52420851,9970196,19.02%,N/A  l  N/A,"8,190  l  5,480",13.47배  l  450원,N/A  l  N/A,"0.49배  l  12,457원",,86.35배,-1.36%,1.65%,,,,,,
광동제약,6100.0,90.0,-1.45%,6120.0,6130.0,43071.0,264.0,169491.0,2022-12-20,광동제약,009290,KOSPI,,-60.0,-84.0,,,-58.54,156.11,159.21,342.83,-396.0,-17.49,2227.0,10.67,,,,"4,975  억원",코스닥 115위,21080695,500원  l  1주,21080695,1514061,7.18%,N/A  l  N/A,"66,700  l  19,550","N/A  l  -1,358원",N/A  l  N/A,"10.60배  l  2,227원",,86.35배,-1.36%,,,,,,,
메드팩토 *,23700.0,350.0,-1.46%,23850.0,23950.0,23246.0,556.0,23535.0,2022-12-20,메드팩토,235980,KOSDAQ,1982.0,223.0,150.0,11.23,7.55,3.9,53.61,76.39,4159.63,518.0,21.22,40855.0,0.81,,,,"1조  1,258  억원",코스닥 35위,28904499,500원  l  1주,28904499,1870657,6.47%,"4.00매수  l  49,818","58,900  l  31,300","25.08배  l  1,553원","25.00배  l  1,549원","0.95배  l  40,855원",,86.35배,-1.29%,0.82%,,,,,,
HK이노엔 *,38850.0,600.0,-1.52%,39150.0,39200.0,74072.0,2907.0,73282.0,2022-12-20,HK이노엔,195940,KOSDAQ GLOBAL,438.0,37.0,39.0,8.55,8.95,-0.1,48.98,429.87,1476.54,116.0,-3860.79,8138.0,3.86,,,,1조  325  억원,코스닥 40위,22768041,500원  l  1주,22768041,1579170,6.94%,N/A  l  N/A,"50,900  l  26,100",N/A  l  -9원,N/A  l  N/A,"5.57배  l  8,138원",,86.35배,-1.36%,,,,,,,
삼천당제약 *,45200.0,700.0,-1.53%,45450.0,45500.0,156730.0,7101.0,167117.0,2022-12-20,삼천당제약,000250,KOSDAQ,1139.0,130.0,115.0,11.44,10.09,9.27,70.38,77.83,279.15,397.0,16.49,12901.0,1.39,,,,"3,636  억원",코스피 389위,19085664,"2,500원  l  1주",19085664,1645812,8.62%,N/A  l  N/A,"29,600  l  16,200","17.49배  l  1,089원",N/A  l  N/A,"1.48배  l  12,901원",,86.35배,-1.36%,1.05%,,,,,,
일양약품,19100.0,300.0,-1.55%,19250.0,19300.0,85561.0,1653.0,249311.0,2022-12-20,일양약품,007570,KOSPI,145.0,12.0,18.0,8.14,12.43,6.55,10.7,720.15,1480.17,112.0,12.53,8145.0,0.76,,,,"1,026  억원",코스닥 786위,16153162,500원  l  1주,16153162,350581,2.17%,N/A  l  N/A,"7,570  l  5,550",12.80배  l  496원,N/A  l  N/A,"0.78배  l  8,145원",,86.35배,-1.29%,1.58%,,,,,,
옵투스제약 *,6360.0,100.0,-1.55%,6390.0,6400.0,21365.0,138.0,14622.0,2022-12-20,옵투스제약,131030,KOSDAQ,477.0,53.0,28.0,11.1,5.91,9.22,84.57,125.24,255.89,178.0,14.75,8663.0,1.3,,,,"1,908  억원",코스피 586위,15834554,"2,500원  l  1주",15834554,336219,2.12%,"4.00매수  l  17,000","15,650  l  11,050",15.73배  l  766원,N/A  l  N/A,"1.39배  l  8,663원",,86.35배,-1.36%,4.15%,,,,,,
JW생명과학,12150.0,200.0,-1.62%,12200.0,12250.0,8139.0,99.0,17554.0,2022-12-20,JW생명과학,234080,KOSPI,294.0,-39.0,-37.0,-13.37,-12.57,-58.78,101.05,120.64,211.39,-112.0,-5.8,1034.0,4.66,,,,"1,226  억원",코스닥 668위,31448597,500원  l  1주,31448597,98612,0.31%,N/A  l  N/A,"16,150  l  3,855",N/A  l  -831원,N/A  l  N/A,"3.77배  l  1,034원",,86.35배,-1.31%,,,,,,,
비엘 *,3905.0,65.0,-1.64%,3910.0,3925.0,125035.0,491.0,82698.0,2022-12-20,비엘,142760,KOSDAQ,3839.0,393.0,282.0,10.24,7.35,11.97,81.63,110.22,2101.03,2381.0,13.33,52704.0,1.49,,,,1조  573  억원,코스피 210위,11988038,"2,500원  l  1주",11988038,892445,7.44%,"4.00매수  l  115,667","119,795  l  73,000","14.96배  l  5,897원","12.00배  l  7,599원","1.67배  l  52,704원",,86.35배,-1.36%,1.08%,,,,,,
종근당,88200.0,1500.0,-1.67%,88800.0,88900.0,7375.0,656.0,12142.0,2022-12-20,종근당,185750,KOSPI,395.0,62.0,52.0,15.66,13.23,9.04,51.11,69.28,1138.24,165.0,22.32,6180.0,1.89,,,,"3,732  억원",코스닥 166위,31761048,500원  l  1주,31761048,2397872,7.55%,"4.00매수  l  18,667","18,800  l  10,400",22.60배  l  520원,20.00배  l  589원,"1.90배  l  6,180원",,86.35배,-1.36%,,,,,,,
바이넥스 *,11700.0,200.0,-1.68%,11800.0,11850.0,63062.0,745.0,71097.0,2022-12-20,바이넥스,053030,KOSDAQ,475.0,39.0,24.0,8.19,5.15,2.57,16.58,103.97,1623.13,79.0,33.86,9132.0,0.78,,,,"2,480  억원",코스닥 287위,30768766,500원  l  1주,30768766,725033,2.36%,N/A  l  N/A,"13,300  l  6,850",38.20배  l  211원,N/A  l  N/A,"0.88배  l  9,132원",,86.35배,-1.29%,6.20%,,,,,,
경동제약 *,8120.0,150.0,-1.81%,8130.0,8140.0,68497.0,560.0,115368.0,2022-12-20,경동제약,011040,KOSDAQ,50,-5,-,-10.68,-0.33,6.69,63.47,197.07,1923.95,-4,15.63,10121,1.01,,,,407  억원,코스닥 1401위,3800000,500원  l  1주,3800000,33667,0.89%,N/A  l  N/A,"16,300  l  9,810",16.31배  l  656원,N/A  l  N/A,"1.06배  l  10,121원",,86.35배,-1.31%,0.70%,,,,,,
대성미생물 *,10800.0,200.0,-1.82%,10800.0,10900.0,5429.0,59.0,4741.0,2022-12-20,대성미생물,036480,KOSDAQ,376.0,-6.0,-35.0,-1.72,-9.31,-6.65,103.31,65.61,1006.92,-638.0,-11.27,27865.0,0.77,,,,"1,322  억원",코스피 704위,5485962,"2,500원  l  1주",5485962,82971,1.51%,N/A  l  N/A,"48,500  l  20,100","N/A  l  -1,907원",N/A  l  N/A,"0.86배  l  27,865원",,86.35배,-1.31%,0.41%,,,,,,
종근당바이오,24250.0,450.0,-1.82%,24300.0,24350.0,10162.0,247.0,19748.0,2022-12-20,종근당바이오,063160,KOSPI,1222.0,146.0,107.0,11.93,8.74,15.25,93.88,107.22,2185.95,507.0,9.56,11432.0,1.33,,,,"4,110  억원",코스피 365위,21860510,500원  l  1주,21860510,4357447,19.93%,"4.00매수  l  23,400","21,800  l  13,341","11.82배  l  1,590원","11.00배  l  1,765원","1.64배  l  11,432원",,86.35배,-1.36%,1.03%,,,,,,
대원제약,18800.0,350.0,-1.83%,19000.0,19050.0,318047.0,6092.0,710915.0,2022-12-20,대원제약,003220,KOSPI,164,-,-,0.05,0.24,-10.20,74.13,127.46,212.81,4,-13.57,1558,1.46,,,,742  억원,코스닥 1020위,30979827,500원  l  1주,30979827,455719,1.47%,N/A  l  N/A,"4,340  l  2,005",N/A  l  -168원,N/A  l  N/A,"1.54배  l  1,558원",,86.35배,-1.36%,,,,,,,
조아제약 *,2410.0,45.0,-1.83%,2430.0,2440.0,102866.0,250.0,178108.0,2022-12-20,조아제약,034940,KOSDAQ,545.0,77.0,55.0,14.09,10.03,9.69,29.13,130.19,2882.24,308.0,10.73,15105.0,0.98,,,,"2,737  억원",코스피 477위,17772946,500원  l  1주,17772946,165988,0.93%,"4.00매수  l  23,000","21,500  l  13,450","11.16배  l  1,380원",N/A  l  N/A,"1.02배  l  15,105원",,86.35배,-1.36%,3.31%,,,,,,
하나제약,15550.0,300.0,-1.89%,15550.0,15600.0,11598.0,181.0,12252.0,2022-12-20,하나제약,293480,KOSPI,911.0,214.0,208.0,23.46,22.82,17.81,22.87,428.63,4323.88,271.0,22.09,22252.0,3.61,,,,"6조  3,116  억원",코스피 50위,76784046,500원  l  1주,76784046,3623837,4.72%,"3.45중립  l  84,400","268,500  l  67,400","22.61배  l  3,636원","38.00배  l  2,146원","3.69배  l  22,252원",,86.35배,-1.36%,,,,,,,
SK바이오사이언스,82100.0,1600.0,-1.91%,82500.0,82600.0,124759.0,10301.0,106285.0,2022-12-20,SK바이오사이언스,302440,KOSPI,49.0,-127.0,-131.0,-260.1,-266.76,-46.28,13.75,1283.64,971.38,-836.0,-4.91,7132.0,2.33,,,,"2,515  억원",코스닥 285위,14091521,500원  l  1주,14091521,27971,0.20%,N/A  l  N/A,"40,000  l  15,300","N/A  l  -3,388원",N/A  l  N/A,"2.50배  l  7,132원",,86.35배,-1.36%,,,,,,,
지놈앤컴퍼니 *,17900.0,350.0,-1.92%,17850.0,17950.0,13610.0,244.0,24586.0,2022-12-20,지놈앤컴퍼니,314130,KOSDAQ,517.0,85.0,59.0,16.46,11.46,26.15,66.43,103.51,1231.05,413.0,5.44,6798.0,1.25,,,,"1,308  억원",코스닥 623위,14354920,500원  l  1주,14354920,179210,1.25%,N/A  l  N/A,"14,400  l  7,800","5.82배  l  1,566원",N/A  l  N/A,"1.34배  l  6,798원",,86.35배,-1.36%,0.88%,,,,,,
대한뉴팜 *,9150.0,180.0,-1.93%,9160.0,9180.0,54504.0,501.0,80112.0,2022-12-20,대한뉴팜,054670,KOSDAQ,1761.0,-28.0,-44.0,-1.58,-2.49,-12.33,180.77,65.6,1828.62,-259.0,-12.38,10801.0,1.6,,,,"2,978  억원",코스피 456위,14704872,500원  l  1주,14704872,382510,2.60%,N/A  l  N/A,"42,500  l  15,900","N/A  l  -1,398원",N/A  l  N/A,"1.87배  l  10,801원",,86.35배,-1.36%,0.32%,,,,,,
제일약품,20200.0,400.0,-1.94%,20350.0,20400.0,33101.0,683.0,66359.0,2022-12-20,제일약품,271980,KOSPI,6456.0,2138.0,1669.0,33.11,25.85,14.99,39.19,209.62,3042.49,1184.0,41.61,29761.0,5.9,,,,"24조  7,113  억원",코스피 11위,140805210,"1,000원  l  1주",140805210,29940978,21.26%,"4.00매수  l  248,667","215,000  l  139,000","41.62배  l  4,217원","39.00배  l  4,466원","5.90배  l  29,761원",,86.35배,-1.36%,,,,0.21%,,,
셀트리온,175500.0,3500.0,-1.96%,176000.0,176500.0,207693.0,36657.0,243804.0,2022-12-20,셀트리온,068270,KOSPI,341.0,-9.0,-17.0,-2.57,-4.85,-4.51,54.5,108.31,442.94,-105.0,-20.41,6154.0,0.92,,,,"1,091  억원",코스피 760위,17232351,"1,000원  l  1주",17232351,290850,1.69%,N/A  l  N/A,"10,250  l  5,220",N/A  l  -279원,N/A  l  N/A,"1.03배  l  6,154원",,86.35배,-1.36%,1.66%,,,,,,
유유제약,6400.0,130.0,-1.99%,6420.0,6430.0,38073.0,244.0,52848.0,2022-12-20,유유제약,000220,KOSPI,534.0,-142.0,-93.0,-26.59,-17.43,-8.72,12.14,553.02,1211.8,-169.0,-35.77,6593.0,3.02,,,,"1조  1,736  억원",코스피 191위,52984990,500원  l  1주,52984990,2627091,4.96%,N/A  l  N/A,"54,000  l  18,400",N/A  l  -541원,N/A  l  N/A,"3.36배  l  6,593원",,86.35배,-1.36%,,,,,,,
환인제약,17200.0,350.0,-1.99%,17400.0,17450.0,23899.0,416.0,20897.0,2022-12-20,환인제약,016580,KOSPI,302.0,7.0,15.0,2.4,4.83,1.99,95.17,58.48,129.02,72.0,59.01,3788.0,1.12,,,,"1,141  억원",코스피 741위,20195149,"1,000원  l  1주",20195149,128878,0.64%,N/A  l  N/A,"7,220  l  3,830",,N/A  l  N/A,,,86.35배,-1.36%,,N/A  l  -77원,"1.49배  l  3,788원",,,,
신풍제약,22150.0,450.0,-1.99%,22300.0,22350.0,133385.0,2974.0,261643.0,2022-12-20,신풍제약,019170,KOSPI,839.0,13.0,-16.0,1.59,-1.87,-3.66,375.61,56.49,420.91,-64.0,-35.2,3305.0,1.18,,,,861  억원,코스닥 918위,20628000,500원  l  1주,20628000,223636,1.08%,N/A  l  N/A,"7,520  l  3,795",N/A  l  -111원,N/A  l  N/A,"1.26배  l  3,305원",,86.35배,-1.36%,,,,,,,
국제약품,5650.0,120.0,-2.08%,5700.0,5710.0,1330729.0,7720.0,1235121.0,2022-12-20,국제약품,002720,KOSPI,1231.0,20.0,26.0,1.65,2.14,6.48,64.96,154.28,4621.35,195.0,21.55,23541.0,1.35,,,,"3,551  억원",코스닥 176위,11935549,500원  l  1주,11935549,2558763,21.44%,"4.00매수  l  52,000","51,900  l  28,000","20.13배  l  1,478원","10.00배  l  2,843원","1.26배  l  23,541원",,86.35배,-1.31%,1.84%,,,,,,
코스맥스엔비티 *,4185.0,90.0,-2.11%,4190.0,4200.0,18051.0,76.0,28652.0,2022-12-20,코스맥스엔비티,222040,KOSDAQ,263.0,15.0,5.0,5.59,1.78,3.07,59.41,59.28,1.15,10.0,86.89,1222.0,2.65,,,,"1,665  억원",코스닥 462위,46127437,500원  l  1주,46127437,840086,1.82%,N/A  l  N/A,"6,250  l  2,985",97.57배  l  37원,N/A  l  N/A,"2.95배  l  1,222원",,86.35배,-1.31%,,,,,,,
휴온스 *,29950.0,650.0,-2.12%,30050.0,30100.0,14544.0,438.0,15709.0,2022-12-20,휴온스,243070,KOSDAQ GLOBAL,16.0,-12.0,-15.0,-75.53,-97.13,-5.92,16.27,320.2,1933.48,-155.0,-21.45,11240.0,1.28,,,,"1,508  억원",코스닥 521위,9731373,500원  l  1주,9731373,592665,6.09%,N/A  l  N/A,"68,500  l  13,400",N/A  l  -671원,N/A  l  N/A,"1.38배  l  11,240원",,86.35배,-1.21%,,,,,,,
JW신약 *,3610.0,80.0,-2.17%,3605.0,3610.0,355440.0,1291.0,651406.0,2022-12-20,JW신약,067290,KOSDAQ,608.0,45.0,99.0,7.47,16.31,3.44,60.12,155.04,3374.38,542.0,141.06,17706.0,4.66,,,,"1조  6,288  억원",코스닥 19위,18808775,500원  l  1주,18808775,0,0.00%,"4.00매수  l  121,867","150,800  l  71,800",148.03배  l  585원,90.00배  l  966원,"4.89배  l  17,706원",,86.35배,-1.21%,0.58%,,,,,,
안트로젠 *,15500.0,350.0,-2.21%,15600.0,15700.0,15097.0,235.0,19068.0,2022-12-20,안트로젠,065660,KOSDAQ,221.0,21.0,23.0,9.46,10.6,2.29,0.75,3774.32,3912.65,15.0,2.82,2784.0,0.08,,,,344  억원,코스닥 1469위,160900398,0.05 USD  l  1주,160900398,16777242,10.43%,N/A  l  N/A,445  l  201,2.89배  l  74원,N/A  l  N/A,"0.08배  l  2,784원",,86.35배,-1.31%,,,,,,,
에스티팜 *,86600.0,2000.0,-2.26%,87200.0,87500.0,48124.0,4237.0,66821.0,2022-12-20,에스티팜,237690,KOSDAQ GLOBAL,242.0,2.0,14.0,0.91,5.79,-9.53,150.78,95.2,102.7,54.0,-38.28,1881.0,3.48,,,,"1,751  억원",코스피 620위,26100970,"1,000원  l  1주",26100970,1257959,4.82%,N/A  l  N/A,"9,690  l  6,190",N/A  l  -171원,N/A  l  N/A,"3.57배  l  1,881원",,86.35배,-1.21%,,,,,,,
씨케이에이치 *,213.0,5.0,-2.29%,215.0,216.0,1148976.0,248.0,755020.0,2022-12-20,씨케이에이치,900120,KOSDAQ,1597.0,119.0,120.0,7.43,7.51,12.71,47.2,125.79,2073.53,261.0,12.47,10940.0,1.49,,,,"7,469  억원",코스닥 72위,44460000,500원  l  1주,44460000,8187615,18.42%,"4.00매수  l  22,500","23,400  l  15,000","12.89배  l  1,303원","13.00배  l  1,252원","1.54배  l  10,941원",,86.35배,-1.31%,1.07%,,,,,,
동성제약,6710.0,160.0,-2.33%,6770.0,6780.0,18623.0,126.0,24136.0,2022-12-20,동성제약,002210,KOSPI,,-161.0,-194.0,,,-45.52,28.56,434.7,4058969.5,-197.0,-4.69,1362.0,2.46,,,,"4,235  억원",코스닥 141위,98827465,,98827465,4285726,4.34%,N/A  l  N/A,"10,900  l  3,185",N/A  l  -738원,N/A  l  N/A,"3.15배  l  1,362원",,86.35배,-1.31%,,,,,,,
동국제약 *,16800.0,400.0,-2.33%,16800.0,16850.0,28736.0,484.0,60708.0,2022-12-20,동국제약,086450,KOSDAQ GLOBAL,658.0,125.0,239.0,19.06,36.28,16.25,24.65,302.82,4419.18,1469.0,7.31,23287.0,1.01,,,,"3,956  억원",코스피 374위,16244822,500원  l  1주,16244822,1320316,8.13%,N/A  l  N/A,"49,100  l  20,000","7.59배  l  3,209원",N/A  l  N/A,"1.05배  l  23,287원",,86.35배,-1.21%,1.52%,,,,,,
네오이뮨텍 *,4305.0,105.0,-2.38%,4310.0,4315.0,1295569.0,5720.0,1771191.0,2022-12-20,네오이뮨텍,950220,KOSDAQ,71.0,15.0,15.0,21.64,21.61,5.4,21.73,570.56,1504.21,194.0,43.17,7909.0,2.26,,,,959  억원,코스닥 833위,7929338,500원  l  1주,7929338,17393,0.22%,N/A  l  N/A,"19,850  l  10,400",29.23배  l  414원,N/A  l  N/A,"1.53배  l  7,909원",,86.35배,-1.31%,0.83%,,,,,,
유나이티드제약,24400.0,600.0,-2.40%,24350.0,24400.0,51071.0,1249.0,53935.0,2022-12-20,유나이티드제약,033270,KOSPI,429.0,33.0,24.0,7.76,5.65,3.95,97.67,134.97,569.55,76.0,46.81,3290.0,1.59,,,,"1,536  억원",코스피 658위,32000000,500원  l  1주,32000000,615578,1.92%,N/A  l  N/A,"7,200  l  3,780",,N/A  l  N/A,,,86.35배,-1.21%,,,,,42.86배  l  112원,"1.46배  l  3,290원",0.62%
팜스빌 *,12150.0,300.0,-2.41%,12100.0,12150.0,14547.0,178.0,14758.0,2022-12-20,팜스빌,318010,KOSDAQ,109.0,23.0,22.0,21.27,20.36,12.78,47.7,148.03,1477.97,371.0,10.8,8323.0,1.24,,,,596  억원,코스닥 1177위,5925720,500원  l  1주,5925720,10150,0.17%,N/A  l  N/A,"15,200  l  9,480",10.53배  l  954원,N/A  l  N/A,"1.21배  l  8,323원",,86.35배,-1.21%,,,,,,,
현대약품,4820.0,120.0,-2.43%,4865.0,4870.0,194722.0,949.0,429360.0,2022-12-20,현대약품,004310,KOSPI,218.0,47.0,62.0,21.54,28.36,19.48,48.67,102.0,1047.36,515.0,5.0,7046.0,0.81,,,,818  억원,코스닥 951위,12000000,500원  l  1주,12000000,104038,0.87%,N/A  l  N/A,"8,220  l  5,220","5.96배  l  1,144원",N/A  l  N/A,"0.97배  l  7,046원",,86.35배,-1.31%,,,,2.20%,,,
드림씨아이에스 *,10050.0,250.0,-2.43%,10000.0,10050.0,5299.0,53.0,7693.0,2022-12-20,드림씨아이에스,223250,KOSDAQ,534.0,-142.0,-93.0,-26.59,-17.43,-8.72,12.14,553.02,1211.8,-169.0,-35.77,6593.0,3.02,,,,968  억원,코스피 796위,2200000,500원  l  1주,2200000,9372,0.43%,N/A  l  N/A,"135,000  l  28,950",N/A  l  -541원,N/A  l  N/A,"6.67배  l  6,593원",,86.35배,-1.31%,,,,,,,
진양제약 *,6810.0,170.0,-2.44%,6860.0,6890.0,22433.0,154.0,34393.0,2022-12-20,진양제약,007370,KOSDAQ,160.0,8.0,33.0,4.71,20.54,27.22,11.34,846.08,3920.42,1234.0,2.68,299613.0,0.36,,,,"2,407  억원",코스피 510위,2660000,"5,000원  l  1주",2660000,51211,1.93%,N/A  l  N/A,"144,000  l  68,900","2.25배  l  40,260원",N/A  l  N/A,"0.30배  l  299,613원",,86.35배,-1.31%,0.83%,,,,,,
신풍제약우,44000.0,1100.0,-2.44%,44000.0,44150.0,4927.0,217.0,6055.0,2022-12-20,신풍제약우,019175,KOSPI,218.0,14.0,4.0,6.21,1.91,4.38,29.64,85.45,1942.61,-29.0,19.2,10137.0,0.82,,,,843  억원,코스닥 940위,11086579,500원  l  1주,11086579,309462,2.79%,N/A  l  N/A,"11,150  l  6,860",17.59배  l  432원,N/A  l  N/A,"0.75배  l  10,137원",,86.35배,-1.21%,0.66%,,,,,,
일성신약,90200.0,2300.0,-2.49%,90300.0,90800.0,2306.0,209.0,2032.0,2022-12-20,일성신약,003120,KOSPI,127.0,16.0,14.0,12.94,11.33,,111.19,52.34,324.36,26.0,,645.0,2.01,,,,616  억원,코스닥 1145위,54291047,100원  l  1주,54291047,755766,1.39%,N/A  l  N/A,"2,170  l  1,140",,N/A  l  N/A,,,86.35배,-1.21%,,N/A  l  -66원,1.76배  l  645원,,,,
대봉엘에스 *,7630.0,200.0,-2.55%,7700.0,7710.0,46626.0,361.0,39195.0,2022-12-20,대봉엘에스,078140,KOSDAQ,707.0,63.0,43.0,8.88,6.06,3.9,49.69,82.12,1872.15,308.0,37.78,19552.0,1.23,,,,"3,614  억원",코스피 391위,13900000,"1,000원  l  1주",13900000,854846,6.15%,"4.00매수  l  34,000","28,500  l  23,050",37.36배  l  696원,N/A  l  N/A,"1.33배  l  19,552원",,86.35배,-1.21%,3.08%,,,,,,
씨엔알리서치 *,1140.0,30.0,-2.56%,1140.0,1145.0,50597.0,58.0,17621.0,2022-12-20,씨엔알리서치,359090,KOSDAQ,178.0,-7.0,-6.0,-3.85,-3.11,-4.53,139.94,34.74,4551.95,-16.0,-14.53,9600.0,0.72,,,,743  억원,코스닥 1019위,8892384,200원  l  1주,8892384,146857,1.65%,N/A  l  N/A,"17,050  l  5,100",N/A  l  -475원,N/A  l  N/A,"0.87배  l  9,600원",,86.35배,-1.31%,1.20%,,,,,,
삼진제약,25850.0,700.0,-2.64%,26150.0,26200.0,56044.0,1471.0,207162.0,2022-12-20,삼진제약,005500,KOSPI,1313.0,132.0,97.0,10.09,7.42,14.19,45.39,166.38,2679.6,329.0,12.08,13925.0,1.62,,,,"7,475  억원",코스닥 71위,29543558,500원  l  1주,29543558,570532,1.93%,"4.00매수  l  30,000","37,950  l  20,650","13.52배  l  1,871원",N/A  l  N/A,"1.82배  l  13,925원",,86.35배,-1.21%,1.52%,,,,,,
비씨월드제약 *,8360.0,230.0,-2.68%,8360.0,8380.0,47121.0,396.0,34503.0,2022-12-20,비씨월드제약,200780,KOSDAQ,835.0,74.0,68.0,8.89,8.2,6.57,25.93,241.95,1181.78,213.0,10.07,12894.0,0.64,,,,"2,617  억원",코스피 487위,27931470,"1,000원  l  1주",27931470,1215519,4.35%,N/A  l  N/A,"16,150  l  8,060",11.43배  l  820원,N/A  l  N/A,"0.73배  l  12,894원",,86.35배,-1.21%,1.92%,,,,,,
콜마비앤에이치 *,25350.0,700.0,-2.69%,25500.0,25550.0,47332.0,1208.0,237646.0,2022-12-20,콜마비앤에이치,200130,KOSDAQ GLOBAL,3.0,-91.0,-82.0,-2685.29,-2425.94,-66.08,53.45,31.93,112.32,-435.0,-11.82,1075.0,7.57,,,,"1,289  억원",코스닥 637위,18845237,500원  l  1주,18845237,40585,0.22%,N/A  l  N/A,"16,050  l  5,890",N/A  l  -688원,N/A  l  N/A,"6.36배  l  1,075원",,86.35배,-1.21%,,,,,,,
동화약품,9390.0,270.0,-2.80%,9450.0,9460.0,93174.0,886.0,199275.0,2022-12-20,동화약품,000020,KOSPI,2519.0,168.0,153.0,6.67,6.08,7.15,32.16,48.45,2158.47,223.0,42.67,10845.0,2.91,,,,"2조  3,366  억원",코스피 120위,68623684,500원  l  1주,68623684,1149312,1.67%,N/A  l  N/A,"58,077  l  29,050",46.08배  l  739원,N/A  l  N/A,"3.14배  l  10,845원",,86.35배,-1.22%,0.58%,,,,,,
에이비온 *,6850.0,200.0,-2.84%,6900.0,6930.0,23953.0,166.0,15481.0,2022-12-20,에이비온,203400,KOSDAQ,2175.0,217.0,156.0,9.99,7.16,3.97,262.43,53.94,217.66,123.0,50.9,1358.0,2.06,,,,"2,166  억원",코스피 548위,70444706,500원  l  1주,70444706,1266961,1.80%,N/A  l  N/A,"4,485  l  2,665",55.91배  l  55원,N/A  l  N/A,"2.26배  l  1,358원",,86.35배,-1.21%,2.84%,,,,,,
한미사이언스,34000.0,1000.0,-2.86%,34150.0,34250.0,53600.0,1844.0,44472.0,2022-12-20,한미사이언스,008930,KOSPI,365.0,29.0,27.0,7.95,7.35,1.31,140.99,39.38,862.92,139.0,178.14,4581.0,2.26,,,,"1,871  억원",코스닥 414위,18616650,500원  l  1주,18616650,368431,1.98%,N/A  l  N/A,"13,350  l  5,940",173.28배  l  58원,N/A  l  N/A,"2.19배  l  4,581원",,86.35배,-1.22%,1.49%,,,,,,
JW홀딩스,3055.0,90.0,-2.86%,3060.0,3065.0,29397.0,91.0,51514.0,2022-12-20,JW홀딩스,096760,KOSPI,214.0,47.0,37.0,22.03,17.46,15.3,17.86,326.9,1439.83,339.0,6.48,7707.0,0.92,,,,845  억원,코스닥 930위,11000000,500원  l  1주,11000000,168911,1.54%,N/A  l  N/A,"9,810  l  6,630","7.01배  l  1,096원",N/A  l  N/A,"1.00배  l  7,707원",,86.35배,-1.22%,2.21%,,,,,,
대화제약 *,10050.0,300.0,-2.90%,10000.0,10050.0,146033.0,1471.0,279845.0,2022-12-20,대화제약,067080,KOSDAQ,1486.0,93.0,40.0,6.26,2.67,0.86,130.93,74.77,5312.18,290.0,60.98,27240.0,0.54,,,,"2,230  억원",코스피 536위,13763533,500원  l  1주,13763533,227519,1.65%,N/A  l  N/A,"23,550  l  13,900",66.67배  l  243원,N/A  l  N/A,"0.59배  l  27,240원",,86.35배,-1.21%,2.16%,,,,,,
고려제약 *,7670.0,230.0,-2.91%,7690.0,7700.0,76494.0,591.0,98605.0,2022-12-20,고려제약,014570,KOSDAQ,76.0,21.0,26.0,27.74,33.77,9.11,5.62,1111.33,656.17,29.0,28.28,753.0,2.46,,,,"1,691  억원",코스닥 450위,87826844,100원  l  1주,87826844,1931531,2.20%,N/A  l  N/A,"3,230  l  1,700",29.62배  l  65원,N/A  l  N/A,2.56배  l  753원,,86.35배,-1.22%,,,,,,,
한독,16300.0,500.0,-2.98%,16300.0,16350.0,5854.0,96.0,16244.0,2022-12-20,한독,002390,KOSPI,25.0,-5.0,18.0,-18.47,72.06,3.02,1.78,3377.62,156.08,10.0,9.86,1242.0,0.3,,,,684  억원,코스닥 1077위,178695217,500원  l  1주,178695217,1149415,0.64%,N/A  l  N/A,754  l  348,10.08배  l  38원,N/A  l  N/A,"0.31배  l  1,242원",,86.35배,-1.22%,,,,,,,
아미노로직스 *,1930.0,60.0,-3.02%,1945.0,1950.0,315810.0,619.0,422391.0,2022-12-20,아미노로직스,074430,KOSDAQ,363.0,12.0,9.0,3.41,2.36,50.75,50.63,79.87,2458.29,54.0,1.09,14224.0,0.42,,,,"1,102  억원",코스피 755위,15830890,500원  l  1주,15830890,318780,2.01%,N/A  l  N/A,"11,600  l  5,660","1.27배  l  5,501원",N/A  l  N/A,"0.49배  l  14,224원",,86.35배,-1.22%,,,,,,,
에이프로젠 H&G *,384.0,12.0,-3.03%,388.0,390.0,199123.0,77.0,253772.0,2022-12-20,에이프로젠 H&G,109960,KOSDAQ,-,-76,-197,-53861.60,-139978.06,-53.64,120.17,138.29,284.00,-384,-2.78,1952,1.84,,,,"2,108  억원",코스닥 360위,61107969,500원  l  1주,61107969,23427353,38.34%,N/A  l  N/A,"10,700  l  3,115","N/A  l  -1,297원",N/A  l  N/A,"1.77배  l  1,952원",,86.35배,-1.22%,,,,,,,
팜젠사이언스,6960.0,220.0,-3.06%,7000.0,7010.0,115834.0,817.0,152956.0,2022-12-20,팜젠사이언스,004720,KOSPI,1953.0,-6.0,-28.0,-0.32,-1.44,-2.28,87.03,62.77,4566.41,-25.0,-16.19,26557.0,0.36,,,,"1,749  억원",코스피 619위,15973355,500원  l  1주,15973355,1538709,9.63%,N/A  l  N/A,"20,550  l  9,100",N/A  l  -587원,N/A  l  N/A,"0.41배  l  26,557원",,86.35배,-1.22%,0.59%,,,,,,
프레스티지바이오로직스 *,3450.0,110.0,-3.09%,3450.0,3470.0,174121.0,600.0,131606.0,2022-12-20,프레스티지바이오로직스,334970,KOSDAQ,1979.0,166.0,220.0,8.4,11.11,10.9,75.88,67.75,1467.99,320.0,13.25,7860.0,1.32,,,,"7,281  억원",코스피 262위,68690000,500원  l  1주,68690000,4726925,6.88%,"4.00매수  l  15,250","15,300  l  9,110",13.50배  l  785원,14.00배  l  777원,"1.35배  l  7,860원",,86.35배,-1.22%,0.94%,,,,,,
제일파마홀딩스,10950.0,350.0,-3.10%,11000.0,11050.0,33528.0,369.0,55677.0,2022-12-20,제일파마홀딩스,002620,KOSPI,28.0,-35.0,-38.0,-126.59,-137.55,-21.0,51.21,29.36,542.45,-196.0,-17.26,2307.0,4.02,,,,"2,042  억원",코스닥 375위,22102155,500원  l  1주,22102155,250018,1.13%,N/A  l  N/A,"14,782  l  7,769",N/A  l  -537원,N/A  l  N/A,"4.01배  l  2,307원",,86.35배,-1.21%,,,,,,,
보령,10600.0,350.0,-3.20%,10650.0,10700.0,82007.0,878.0,94852.0,2022-12-20,보령,003850,KOSPI,9.0,-20.0,-14.0,-225.44,-159.46,-9.16,19.09,2504.05,591.35,-101.0,-36.49,3626.0,3.45,,,,"1,668  억원",코스닥 464위,13845968,500원  l  1주,13845968,87123,0.63%,N/A  l  N/A,"27,800  l  10,950",N/A  l  -337원,N/A  l  N/A,"3.32배  l  3,626원",,86.35배,-1.21%,,,,,,,
퓨쳐켐 *,9280.0,310.0,-3.23%,9350.0,9400.0,80271.0,756.0,86254.0,2022-12-20,퓨쳐켐,220100,KOSDAQ,1543.0,-2.0,-28.0,-0.11,-1.84,1.59,169.2,50.56,7098.85,-23.0,14.43,34909.0,0.22,,,,828  억원,코스피 855위,9603921,500원  l  1주,9603921,406334,4.23%,N/A  l  N/A,"14,550  l  7,150",16.23배  l  531원,N/A  l  N/A,"0.25배  l  34,909원",,86.35배,-1.21%,3.02%,,,,,,
큐라클 *,12000.0,400.0,-3.23%,12000.0,12100.0,26057.0,314.0,72597.0,2022-12-20,큐라클,365270,KOSDAQ,274.0,-3.0,-15.0,-1.2,-5.38,,150.34,113.52,1607.72,-28.0,,1708.0,6.03,,,,"3,464  억원",코스닥 183위,49069269,100원  l  1주,49069269,204533,0.42%,N/A  l  N/A,"13,400  l  5,920",213.94배  l  33원,N/A  l  N/A,"4.13배  l  1,708원",,86.35배,-1.22%,0.14%,,,,,,
코스맥스비티아이,8600.0,290.0,-3.26%,8650.0,8660.0,11035.0,96.0,9909.0,2022-12-20,코스맥스비티아이,044820,KOSPI,104.0,1.0,2.0,1.3,1.5,6.09,28.07,110.09,615.17,12.0,27.93,3507.0,1.61,,,,750  억원,코스닥 1009위,12641883,500원  l  1주,12641883,158445,1.25%,N/A  l  N/A,"8,720  l  5,270",29.21배  l  203원,N/A  l  N/A,"1.69배  l  3,507원",,86.35배,-1.22%,0.84%,,,,,,
국전약품 *,7110.0,240.0,-3.27%,7140.0,7150.0,315980.0,2272.0,1344722.0,2022-12-20,국전약품,307750,KOSDAQ,61.0,-47.0,-48.0,-77.31,-78.51,-38.39,38.52,677.64,404.92,-170.0,-10.18,2759.0,4.66,,,,"3,179  억원",코스닥 201위,23995326,500원  l  1주,23995326,45328,0.19%,N/A  l  N/A,"19,800  l  9,950","N/A  l  -1,262원",N/A  l  N/A,"4.80배  l  2,759원",,86.35배,-1.22%,,,,,,,
이글벳 *,5900.0,200.0,-3.28%,5940.0,5960.0,81436.0,487.0,58966.0,2022-12-20,이글벳,044960,KOSDAQ,363.0,22.0,17.0,5.94,4.59,,85.27,62.95,2168.16,240.0,,11348.0,1.39,,,,"1,193  억원",코스닥 701위,8168557,500원  l  1주,8168557,50255,0.62%,"4.00매수  l  17,000","20,700  l  10,600",,N/A  l  N/A,,,86.35배,-1.35%,,26.21배  l  557원,"1.29배  l  11,348원",,,,
티움바이오 *,13250.0,450.0,-3.28%,13300.0,13350.0,64205.0,856.0,207014.0,2022-12-20,티움바이오,321550,KOSDAQ,251.0,-18.0,-44.0,-7.17,-17.48,-11.39,64.88,81.69,505.53,-158.0,-49.4,3218.0,4.66,,,,"3,191  억원",코스닥 202위,27871150,500원  l  1주,27871150,188857,0.68%,N/A  l  N/A,"27,500  l  7,860",N/A  l  -304원,N/A  l  N/A,"3.56배  l  3,218원",,86.35배,-1.35%,,,,,,,
알피바이오 *,14450.0,500.0,-3.34%,14600.0,14650.0,289188.0,4293.0,658543.0,2022-12-20,알피바이오,314140,KOSDAQ,212.0,15.0,45.0,6.95,21.26,2.58,12.26,577.42,171.03,32.0,64.46,1368.0,1.64,,,,"3,125  억원",코스닥 210위,138892244,500원  l  1주,138892244,6564570,4.73%,N/A  l  N/A,"3,990  l  1,990",64.29배  l  35원,N/A  l  N/A,"1.64배  l  1,368원",,86.35배,-1.35%,,,,,,,
HLB제약 *,11500.0,400.0,-3.36%,11550.0,11600.0,179670.0,2083.0,261118.0,2022-12-20,HLB제약,047920,KOSDAQ,204.0,15.0,6.0,7.55,3.17,6.45,123.09,113.5,933.38,59.0,80.19,5404.0,4.83,,,,"2,530  억원",코스닥 280위,10906701,500원  l  1주,10906701,57772,0.53%,N/A  l  N/A,"52,600  l  20,700",71.38배  l  325원,N/A  l  N/A,"4.29배  l  5,404원",,86.35배,-1.22%,0.22%,,,,,,
CMG제약 *,2230.0,80.0,-3.46%,2245.0,2250.0,983580.0,2255.0,5615887.0,2022-12-20,CMG제약,058820,KOSDAQ,1709.0,189.0,157.0,11.08,9.2,-0.05,51.1,85.39,8949.09,472.0,-755.5,43909.0,0.4,,,,"2,398  억원",코스닥 302위,12621492,500원  l  1주,12621492,988858,7.83%,N/A  l  N/A,"40,900  l  16,100",N/A  l  -23원,N/A  l  N/A,"0.43배  l  43,909원",,86.35배,-1.35%,2.51%,,,,,,
한국파마 *,23300.0,850.0,-3.52%,23300.0,23400.0,21715.0,510.0,28031.0,2022-12-20,한국파마,032300,KOSDAQ,70.0,12.0,11.0,16.64,15.46,23.38,50.39,224.24,1147.13,37.0,6.02,1233.0,1.24,,,,562  억원,코스닥 1203위,30027963,100원  l  1주,30027963,221037,0.74%,N/A  l  N/A,"2,890  l  1,505",7.08배  l  264원,N/A  l  N/A,"1.52배  l  1,233원",,86.35배,-1.35%,,,,,,,
휴온스글로벌 *,19050.0,700.0,-3.54%,19200.0,19250.0,17126.0,331.0,16692.0,2022-12-20,휴온스글로벌,084110,KOSDAQ,139.0,-25.0,-38.0,-17.76,-27.45,-21.46,13.64,484.57,200.51,-57.0,-7.05,1691.0,1.69,,,,"1,938  억원",코스피 582위,67162079,500원  l  1주,67162079,3047256,4.54%,N/A  l  N/A,"5,040  l  2,585",N/A  l  -406원,N/A  l  N/A,"1.71배  l  1,691원",,86.35배,-1.23%,,,,,,,
더블유에스아이 *,1865.0,70.0,-3.62%,1905.0,1915.0,47523.0,91.0,110217.0,2022-12-20,더블유에스아이,299170,KOSDAQ,369.0,9.0,1.0,2.56,0.3,-5.55,150.85,38.17,238.89,3.0,-17.94,2469.0,1.02,,,,957  억원,코스피 801위,33953454,500원  l  1주,33953454,337538,0.99%,N/A  l  N/A,"5,100  l  2,270",N/A  l  -140원,N/A  l  N/A,"1.14배  l  2,469원",,86.35배,-1.35%,,,,,,,
삼성제약,2885.0,110.0,-3.67%,2915.0,2920.0,161211.0,471.0,225685.0,2022-12-20,삼성제약,001360,KOSPI,141.0,64.0,51.0,45.45,36.41,19.67,6.88,972.49,1374.88,91.0,21.9,1859.0,3.76,,,,"3,829  억원",코스닥 159위,57930864,500원  l  1주,57930864,487348,0.84%,"4.00매수  l  9,695","9,450  l  5,092",20.72배  l  319원,18.00배  l  359원,"3.56배  l  1,859원",,86.35배,-1.22%,,,,,,,
명문제약,2825.0,110.0,-3.75%,2830.0,2835.0,139724.0,397.0,223788.0,2022-12-20,명문제약,017180,KOSPI,493,-9,-,-1.79,0.09,-2.68,66.76,57.21,1115.36,2,-31.33,5936,0.86,,,,"1,922  억원",코스피 587위,23906860,500원  l  1주,23906860,201043,0.84%,N/A  l  N/A,"12,300  l  4,875",N/A  l  -163원,N/A  l  N/A,"1.35배  l  5,936원",,86.35배,-1.35%,0.62%,,,,,,
바이오플러스 *,6620.0,260.0,-3.78%,6630.0,6640.0,712347.0,4762.0,965543.0,2022-12-20,바이오플러스,099430,KOSDAQ,23.0,-46.0,-68.0,-197.02,-288.5,-31.66,81.09,34.08,259.26,-153.0,-1.89,1995.0,0.69,,,,904  억원,코스닥 889위,43984470,500원  l  1주,43984470,229007,0.52%,N/A  l  N/A,"5,800  l  1,230",N/A  l  -727원,N/A  l  N/A,"1.03배  l  1,995원",,86.35배,-1.23%,,,,,,,
경보제약,8020.0,330.0,-3.95%,8060.0,8070.0,370789.0,3022.0,923119.0,2022-12-20,경보제약,214390,KOSPI,338.0,13.0,12.0,3.72,3.42,0.01,47.69,105.35,2576.17,163.0,12204.46,13381.0,0.69,,,,773  억원,코스닥 993위,7088782,500원  l  1주,7088782,3075040,43.38%,N/A  l  N/A,"14,600  l  8,610","10,900.00배  l  1원",N/A  l  N/A,"0.81배  l  13,381원",,86.35배,-1.23%,0.46%,,,,,,
제넨바이오 *,2060.0,85.0,-3.96%,2040.0,2045.0,379859.0,777.0,386505.0,2022-12-20,제넨바이오,072520,KOSDAQ,48.0,-3.0,-110.0,-6.7,-228.58,-23.79,22.91,110.64,115.66,-102.0,-1.96,1105.0,0.55,,,,510  억원,코스피 1025위,84704985,500원  l  1주,84704985,852365,1.01%,N/A  l  N/A,"1,685  l  507",N/A  l  -308원,N/A  l  N/A,"0.54배  l  1,105원",,86.35배,-1.23%,,,,,,,
하이텍팜 *,10900.0,450.0,-3.96%,10900.0,10950.0,14110.0,154.0,35560.0,2022-12-20,하이텍팜,106190,KOSDAQ,1698.0,116.0,81.0,6.8,4.79,5.77,210.27,68.66,280.72,352.0,34.13,9216.0,1.91,,,,"4,192  억원",코스피 357위,22178081,"2,500원  l  1주",22178081,1591448,7.18%,"4.00매수  l  31,200","31,900  l  16,750",36.63배  l  516원,"12.00배  l  1,520원","2.05배  l  9,216원",,86.35배,-1.35%,1.67%,,,,,,
초록뱀헬스케어,598.0,25.0,-4.01%,598.0,600.0,205502.0,123.0,110217.0,2022-12-20,초록뱀헬스케어,118000,KOSPI,385.0,5.0,-3.0,1.31,-0.81,10.89,88.21,85.86,760.73,-4.0,16.4,4171.0,1.65,,,,"1,693  억원",코스닥 457위,24181020,500원  l  1주,24181020,429855,1.78%,N/A  l  N/A,"11,350  l  6,200",16.63배  l  421원,N/A  l  N/A,"1.68배  l  4,171원",,86.35배,-1.23%,,,,,,,
JW중외제약,18850.0,800.0,-4.07%,19100.0,19150.0,96722.0,1858.0,83219.0,2022-12-20,JW중외제약,001060,KOSPI,348,19,-54,5.36,-15.66,-,5.44,924.64,445.58,-80,17603.02,2717,0.74,,,,"1,878  억원",코스닥 413위,68052006,500원  l  1주,68052006,1224159,1.80%,N/A  l  N/A,"3,755  l  1,840",N/A  l  N/A,N/A  l  N/A,"1.02배  l  2,717원",,86.35배,-1.35%,,,,,,,
씨티씨바이오 *,6970.0,300.0,-4.13%,7020.0,7030.0,51613.0,365.0,29142.0,2022-12-20,씨티씨바이오,060590,KOSDAQ,153.0,-50.0,-60.0,-32.55,-38.98,-58.59,65.49,34.28,3.86,-25.0,-1.47,520.0,1.06,,,,"1,694  억원",코스닥 447위,234043081,500원  l  1주,234043081,4420876,1.89%,N/A  l  N/A,"1,335  l  415",N/A  l  -377원,N/A  l  N/A,1.39배  l  520원,,86.35배,-1.23%,,,,,,,
화일약품 *,2730.0,120.0,-4.21%,2745.0,2750.0,6315351.0,18128.0,6118288.0,2022-12-20,화일약품,061250,KOSDAQ,67.0,-10.0,-4.0,-15.47,-5.32,-4.01,17.47,158.77,638.68,-24.0,-27.43,3688.0,1.12,,,,789  억원,코스닥 972위,15000000,500원  l  1주,15000000,150036,1.00%,N/A  l  N/A,"12,700  l  3,600",N/A  l  -151원,N/A  l  N/A,"1.43배  l  3,688원",,86.35배,-1.23%,,,,,,,
비보존 제약 *,722.0,32.0,-4.24%,730.0,731.0,751975.0,552.0,4121093.0,2022-12-20,비보존 제약,082800,KOSDAQ,215.0,58.0,41.0,27.16,19.18,6.38,9.3,575.99,2680.02,648.0,8.52,29099.0,0.51,,,,"1,032  억원",코스닥 780위,6370000,"1,000원  l  1주",6370000,132092,2.07%,N/A  l  N/A,"21,200  l  13,400","9.36배  l  1,731원",N/A  l  N/A,"0.56배  l  29,099원",,86.35배,-1.23%,1.54%,,,,,,
KPX생명과학 *,5260.0,240.0,-4.36%,5280.0,5300.0,885970.0,4773.0,766954.0,2022-12-20,KPX생명과학,114450,KOSDAQ,19.0,-11.0,-3.0,-57.63,-14.23,-23.11,114.05,82.63,189.26,-29.0,-14.7,1382.0,2.45,,,,351  억원,코스닥 1464위,9140444,500원  l  1주,9140444,299429,3.28%,N/A  l  N/A,"10,300  l  3,135",N/A  l  -230원,N/A  l  N/A,"2.77배  l  1,382원",,86.35배,-1.35%,,,,,,,
삼아제약 *,16250.0,750.0,-4.41%,16400.0,16500.0,61883.0,1028.0,58830.0,2022-12-20,삼아제약,009300,KOSDAQ,1.0,-109.0,-107.0,-7563.13,-7450.62,-75.4,4.04,2497.96,321.15,-437.0,-4.47,2553.0,3.47,,,,"2,049  억원",코스닥 370위,19896425,500원  l  1주,19896425,246815,1.24%,N/A  l  N/A,"15,800  l  7,750","N/A  l  -1,980원",N/A  l  N/A,"4.03배  l  2,553원",,86.35배,-1.35%,,,,,,,
애드바이오텍 *,3830.0,180.0,-4.49%,3830.0,3840.0,44751.0,173.0,37750.0,2022-12-20,애드바이오텍,179530,KOSDAQ,74.0,11.0,15.0,14.45,20.27,,69.97,160.11,414.32,118.0,,3479.0,7.1,,,,"3,839  억원",코스닥 160위,12647869,500원  l  1주,12647869,105241,0.83%,N/A  l  N/A,"52,600  l  19,750",,N/A  l  N/A,,,86.35배,-1.23%,,N/A  l  N/A,"8.72배  l  3,479원",,,,
브릿지바이오테라퓨틱스 *,10350.0,500.0,-4.61%,10300.0,10350.0,39839.0,417.0,19171.0,2022-12-20,브릿지바이오테라퓨틱스,288330,KOSDAQ,,,,,,,,,,,,,,,,,"1,573  억원",코스닥 496위,22466781,500원  l  1주,22466781,60708,0.27%,N/A  l  N/A,"11,600  l  5,610",,N/A  l  N/A,,,86.35배,-1.23%,,N/A  l  N/A,N/A  l  N/A,,,,
보로노이 *,30350.0,1500.0,-4.71%,30500.0,30550.0,115251.0,3543.0,102373.0,2022-12-20,보로노이,310210,KOSDAQ,122.0,6.0,6.0,4.99,5.02,-21.83,225.04,62.4,214.23,72.0,-7.24,2265.0,1.78,,,,565  억원,코스닥 1206위,11659319,500원  l  1주,11659319,96661,0.83%,N/A  l  N/A,"11,127  l  4,285",N/A  l  -558원,N/A  l  N/A,"2.14배  l  2,265원",,86.35배,-1.23%,,,,,,,
샤페론 *,7010.0,360.0,-4.88%,6970.0,6980.0,4922449.0,35298.0,25504224.0,2022-12-20,샤페론,378800,KOSDAQ,141.0,8.0,13.0,5.82,9.09,0.82,7.45,655.39,2005.5,108.0,84.05,10549.0,0.66,,,,867  억원,코스닥 916위,11898263,500원  l  1주,11898263,275558,2.32%,N/A  l  N/A,"11,550  l  6,500",87.83배  l  83원,N/A  l  N/A,"0.69배  l  10,549원",,86.35배,-1.23%,1.37%,,,,,,
서울제약 *,4850.0,250.0,-4.90%,4870.0,4880.0,99508.0,489.0,199642.0,2022-12-20,서울제약,018680,KOSDAQ,543.0,-23.0,-21.0,-4.27,-3.86,-6.53,104.1,93.77,9.23,-11.0,-72.07,546.0,4.82,,,,"6,045  억원",코스피 298위,182892731,500원  l  1주,182892731,7968398,4.36%,N/A  l  N/A,"5,670  l  2,390",N/A  l  -36원,N/A  l  N/A,6.05배  l  546원,,86.35배,-1.23%,,,,,,,
에스텍파마 *,7300.0,380.0,-4.95%,7410.0,7430.0,44154.0,330.0,38974.0,2022-12-20,에스텍파마,041910,KOSDAQ,160.0,-10.0,53.0,-6.37,32.82,2.38,4.19,1829.13,159.12,11.0,15.75,1293.0,0.37,,,,"2,057  억원",코스피 556위,398575882,500원  l  1주,398575882,14656584,3.68%,N/A  l  N/A,"1,015  l  460",16.65배  l  31원,N/A  l  N/A,"0.40배  l  1,293원",,86.35배,-1.35%,,,,,,,
영진약품,3275.0,190.0,-5.48%,3300.0,3305.0,1192659.0,3997.0,1073831.0,2022-12-20,영진약품,003520,KOSPI,389.0,29.0,21.0,7.4,5.37,2.06,95.18,182.05,2597.99,113.0,70.36,13366.0,1.43,,,,"3,861  억원",코스피 379위,17998577,500원  l  1주,17998577,184877,1.03%,N/A  l  N/A,"38,900  l  17,250",78.86배  l  272원,N/A  l  N/A,"1.60배  l  13,366원",,86.35배,-1.35%,1.17%,,,,,,
에이프로젠제약,516.0,30.0,-5.49%,518.0,519.0,3904230.0,2053.0,7467823.0,2022-12-20,에이프로젠제약,003060,KOSPI,2.0,-44.0,-34.0,-2186.55,-1694.77,,2.74,3834.97,572.95,-332.0,,6832.0,1.81,,,,"1,721  억원",코스닥 443위,10561025,"1,000원  l  1주",10561025,40395,0.38%,N/A  l  N/A,"25,300  l  10,400",,N/A  l  N/A,,,86.35배,-1.35%,,"N/A  l  -9,393원","2.39배  l  6,832원",,,,
이연제약,21350.0,1450.0,-6.36%,21500.0,21600.0,146821.0,3226.0,172669.0,2022-12-20,이연제약,102460,KOSPI,135.0,-9.0,2.0,-6.75,1.81,-4.65,50.42,132.1,532.15,8.0,-12.73,3169.0,0.61,,,,760  억원,코스닥 998위,30849565,500원  l  1주,30849565,207818,0.67%,N/A  l  N/A,"6,650  l  1,670",N/A  l  -151원,N/A  l  N/A,"0.78배  l  3,169원",,86.35배,-1.35%,,,,,,,
에이프릴바이오 *,16300.0,1250.0,-7.12%,16500.0,16550.0,64501.0,1078.0,59591.0,2022-12-20,에이프릴바이오,397030,KOSDAQ,44.0,6.0,9.0,14.39,20.03,2.18,5.03,1119.26,1179.78,109.0,45.55,6426.0,0.98,,,,696  억원,코스닥 1060위,8180000,500원  l  1주,8180000,148062,1.81%,N/A  l  N/A,"11,900  l  5,500",61.67배  l  138원,N/A  l  N/A,"1.32배  l  6,426원",,86.35배,-1.24%,,,,,,,
경남제약 *,2440.0,225.0,-8.44%,2455.0,2460.0,1469823.0,3695.0,12160043.0,2022-12-20,경남제약,053950,KOSDAQ,1.0,-36.0,-57.0,-4544.25,-7268.01,-54.32,20.89,134.99,375.28,-474.0,-3.53,2742.0,2.44,,,,"1,588  억원",코스닥 494위,12120570,500원  l  1주,12120570,451745,3.73%,N/A  l  N/A,"21,250  l  5,160","N/A  l  -1,893원",N/A  l  N/A,"4.78배  l  2,742원",,86.35배,-1.24%,,,,,,,
