,A,B,C,D
2000-01-01,-0.45872880968010016,0.9253128348303256,0.06265129504223327,0.49527044667344755
2000-01-02,0.29063181651288766,2.546315548103163,-1.096479553748848,0.086377584436714
2000-01-03,-0.13326978894612845,3.217536740003064,-2.1963967387800905,1.8259206178839296
2000-01-04,-1.3125265425367898,3.0493763948117034,-2.265871432473028,1.7259623512883722
2000-01-05,-2.76536131648123,2.8013787122118163,-2.471337248154183,1.7654452562455072
2000-01-06,-3.2990372376998076,4.71580507670628,-2.11455923444516,3.033522916413996
2000-01-07,-3.4210474305119547,3.8412252012087778,-2.769429565619614,3.081618831559053
2000-01-08,-1.6141529220778195,5.172085563599122,-1.8808305435397958,3.2976242439784516
2000-01-09,-1.712040063608407,5.991630966772098,-2.685529856171391,3.8197128982353155
2000-01-10,-0.40436539300074137,4.460138178222116,-3.3308341498217895,4.388589806797137
2000-01-11,-0.8813709603964952,5.06723267888703,-3.162186194466203,3.0513746879769013
2000-01-12,0.19958755388221983,6.309297626901891,-4.0079400264519265,4.069566386798297
2000-01-13,1.676205242383333,6.927240896862275,-5.1248214239477665,5.414963693648554
2000-01-14,1.562605718994928,6.776748171033998,-4.90776176633597,7.193021249032087
2000-01-15,2.912223017618315,7.314308977559249,-5.271205966252357,5.827260852313652
2000-01-16,1.3367009069561773,6.95239334708548,-4.742210840045384,4.437083524978569
2000-01-17,1.3962037467356496,6.6226299574083125,-5.991625268002769,3.262374563479859
2000-01-18,0.845758586208784,6.22852206873027,-5.137662526437346,2.99086526870729
2000-01-19,1.1930182564447014,6.445452050060742,-4.777860313878158,3.0885637175756298
2000-01-20,2.182585151374008,6.657038153400848,-4.731994845611711,1.3607668253205203
2000-01-21,1.5041268434668098,5.605325206123015,-3.5335166327032312,2.339363418778068
2000-01-22,1.2522691035261149,4.8831452818709815,-3.6442343794354968,0.8833703093252896
2000-01-23,0.8486121515568263,6.145226891647104,-4.645032663363096,-0.6615721445532725
2000-01-24,0.9568318452012446,9.432387931521394,-4.830674771459343,-1.1633833812991137
2000-01-25,0.7127491059996267,10.349250312450057,-5.118377310928905,-0.7593076810243953
2000-01-26,-1.72786907476623,11.795195206494897,-6.882890974435151,-1.9300093575770596
2000-01-27,-0.5461177600060481,12.209149376399786,-6.450924181103244,-0.64412584488147
2000-01-28,0.6221229281507372,11.188082897101445,-5.688813430362767,-0.8308007481445696
2000-01-29,1.0684794318575475,11.430650753537094,-6.4050226159356285,0.3620241188232336
2000-01-30,-0.14309407634619076,10.66830280159115,-7.590779452933871,-0.623528015006149
2000-01-31,-0.929906743512747,12.393198423518056,-9.27195305751915,1.7198809294790962
2000-02-01,-1.9788136658773545,12.252009938175068,-9.90564459512389,0.5709632385665269
2000-02-02,-4.322618522563846,13.32243002860725,-9.924305275891598,-0.30145682756429526
2000-02-03,-3.385392005204214,13.676249256587997,-9.541275522998017,-3.1346218462948143
2000-02-04,-3.1780398529384817,13.20299484837415,-9.746664569095278,-3.356564992927678
2000-02-05,-4.110504897297323,13.17080189817243,-11.294807668666866,-3.2027716013605847
2000-02-06,-5.696831290046674,13.333092492086935,-11.274907162896046,-2.8366159850866115
2000-02-07,-5.4900476813139845,11.710184440412444,-10.658721827617741,-1.217963291431411
2000-02-08,-6.002937793958041,11.084220539417322,-10.13302690399052,-1.1477060345008607
2000-02-09,-5.097789977172968,10.921377590702992,-13.09561248860843,-0.21762644532164543
2000-02-10,-4.351052751270693,10.924613604669165,-13.570046966079238,0.15234290412671858
2000-02-11,-3.752960931105022,11.337457464546398,-13.082553886871302,0.5497399673970575
2000-02-12,-3.340365678796055,11.759648890353748,-13.344339009646692,0.9369172856902153
2000-02-13,-4.551843989436396,12.161386642459323,-13.102252591921436,1.5193054613513353
2000-02-14,-5.045371926798495,12.169572023329955,-13.635205622126605,0.5426614423978288
2000-02-15,-6.174572767892464,11.9424123283974,-15.10701289000715,1.330424994161957
2000-02-16,-7.6329031735783754,12.92725726443871,-16.21131872108129,2.585002184695348
2000-02-17,-8.510572539515179,12.556509514328944,-17.524728651346944,2.735873940540141
2000-02-18,-8.232771515283915,11.456635602293252,-17.84371364555745,1.629955295091455
2000-02-19,-7.036894659383503,11.11847132695777,-17.171115336511225,1.362736671547358
2000-02-20,-6.548549229697816,12.527811297353063,-17.30233288902247,-0.9044303436790944
2000-02-21,-7.223574073870559,11.888436402343535,-17.829254743390052,-1.8801448247470023
2000-02-22,-9.244926631567111,12.025212079840557,-18.66406971474677,-2.3239691482093336
2000-02-23,-9.687444643064266,12.278425308265904,-17.857494728993963,-1.8870407431182783
2000-02-24,-8.443881155057229,10.815641946170679,-18.9619963939469,-3.4064052952691144
2000-02-25,-6.316550882572711,11.546966679669397,-18.987560718852666,-1.0937197695563818
2000-02-26,-6.627192692212749,12.367116283477968,-19.022191231152565,1.4844428394084273
2000-02-27,-7.163232890857536,12.53513759866624,-19.824331364766174,2.329325436161348
2000-02-28,-6.381553177385493,12.574681968465825,-19.506041843708566,2.9914467929856277
2000-02-29,-6.776609630957404,13.610022222193567,-18.85229391501357,4.0323782325173765
2000-03-01,-6.673265148443473,13.51429225752552,-19.14110677693849,4.528180314380319
2000-03-02,-7.819556811495379,16.816340945108394,-18.01153544518452,5.990801464467515
2000-03-03,-8.372355416799802,16.470372271269873,-18.391387862335893,4.148579204352164
2000-03-04,-9.438006194783755,17.59562424979861,-16.204834604361697,3.5636102277741935
2000-03-05,-9.540662249572277,17.930081372494907,-17.1895586863707,1.9339911709459006
2000-03-06,-8.687012937709827,19.27511256241199,-16.848416725471736,0.5765711396134499
2000-03-07,-8.629494814821951,19.635917014320977,-17.004377891754782,1.679299902705784
2000-03-08,-7.899428845534044,20.18395980176583,-16.541953316657377,1.1541933003788944
2000-03-09,-9.027386398797498,19.73334663236278,-18.32755819398806,1.3852692207267725
2000-03-10,-8.369227546904867,20.046503831281132,-18.940917374083103,2.0339948593362562
2000-03-11,-9.36948527901198,19.695010740723053,-17.205175717711022,1.3169260377431926
2000-03-12,-8.551807416933027,20.809466184782934,-18.58010430426777,0.9281664068383393
2000-03-13,-9.061188306076097,21.266879661533682,-19.03978406310884,2.4271009146177436
2000-03-14,-8.79560380041594,21.32753399979221,-18.92613843435924,2.3396005284972894
2000-03-15,-7.876804782802792,23.982342399657373,-16.262804801500767,2.3252067947165087
2000-03-16,-7.487242196923549,24.96010471218116,-16.609967347673965,2.667143831615362
2000-03-17,-6.092324175121808,24.19392183472882,-17.39333588864868,1.9626160962557682
2000-03-18,-6.239867025994986,23.81325917610002,-17.50204618856973,1.6337441376550486
2000-03-19,-5.941716402409175,24.96256949783699,-16.80009837361706,3.315732672397708
2000-03-20,-6.365640547946222,25.59161003397916,-16.309028724091636,2.8646128068067966
2000-03-21,-6.2076017034292486,26.935383931389417,-15.96091008920218,2.451420812441246
2000-03-22,-7.826399777596949,26.886505527183466,-14.82794875942367,1.665740207890022
2000-03-23,-8.847948862645175,29.432485588787003,-14.907916234512994,1.3927838162544361
2000-03-24,-8.105804765425296,29.425767388978368,-14.664520980162006,1.3342176870347289
2000-03-25,-6.867773084691794,30.616013865763836,-14.733917821244562,-0.03465319768257391
2000-03-26,-7.454167723278319,30.18521164571886,-14.16689104713765,-1.3994655714318935
2000-03-27,-7.281268521278935,29.79522878605423,-14.177420597770809,0.8723791450622955
2000-03-28,-6.399825217663216,30.175447289188085,-14.092503987211963,0.14692230069241385
2000-03-29,-7.3623245428443775,32.274533363988105,-14.06384494111179,0.15512462101091584
2000-03-30,-7.663335936800711,29.912514388377755,-11.786071026448306,-1.1894807795851225
2000-03-31,-8.320429298611057,29.704319655225,-11.167646552619884,-1.5560353981318824
2000-04-01,-7.705447418047062,30.24224463088825,-11.01195018055859,-1.3283082180743029
2000-04-02,-9.719495075480946,30.304495384370664,-10.68948949573806,-2.2272128336477746
2000-04-03,-9.773185893612643,29.63977185451479,-9.123856747738996,-2.2846673399803774
2000-04-04,-9.30831386607859,29.01018104242011,-8.622174078456178,-1.0383311263927855
2000-04-05,-9.759030591637073,27.371026982041716,-9.088164132909824,-1.6105260523699632
2000-04-06,-10.196769076703855,28.179761076481967,-9.758447673775837,-2.566409895777885
2000-04-07,-10.472446256301078,29.956172234283542,-10.304140200738244,-3.769045965603314
2000-04-08,-9.589317184659897,30.82997328441641,-8.343434227516534,-4.097708599877296
2000-04-09,-7.929788187057479,30.37797445144662,-8.55011697654794,-6.339209811935289
2000-04-10,-8.175421177005237,31.67143112927111,-8.028143643556383,-7.053228981346759
2000-04-11,-9.108286665245581,32.66146198861931,-7.419103266840447,-7.676184091706356
2000-04-12,-10.048983749966974,31.71300608018141,-7.514328317668053,-7.375492562325071
2000-04-13,-8.856376209584269,31.482707869834822,-7.580733257932611,-5.769028181351571
2000-04-14,-10.705893249055414,32.25212119434324,-6.469564682859326,-6.178495119734601
2000-04-15,-10.062289253945327,31.987943133260377,-8.215391717451679,-5.952994283922693
2000-04-16,-11.805118142618563,32.60476277947261,-10.212966683669158,-6.153211578423211
2000-04-17,-12.56066990174999,32.331556557361765,-8.82884828887032,-7.741266886275674
2000-04-18,-11.98347030446347,31.447805878533245,-7.83070604448511,-7.540976460875741
2000-04-19,-11.549966147176567,31.55196247950772,-7.555727531516379,-6.608980024094439
2000-04-20,-11.145479665700572,33.26647474797635,-5.950158035502203,-7.101810294752752
2000-04-21,-9.846968044541859,33.816995685837355,-5.169239236549025,-6.146976918991475
2000-04-22,-9.30254163836565,33.74619531792128,-4.586605972810757,-6.462448449207809
2000-04-23,-11.016422664382423,34.38848880905741,-4.587168655881116,-7.7824875797389765
2000-04-24,-11.174881620873132,34.53919846868229,-5.00775909563763,-6.804126528568833
2000-04-25,-13.711594802732268,35.47380016999652,-5.542541207822904,-8.091073680148048
2000-04-26,-14.394857116282532,36.653854821846714,-4.15570249008423,-7.063276462921636
2000-04-27,-14.271519182022612,37.473715268790826,-3.9953964354075775,-7.80029219673899
2000-04-28,-14.28646398749731,37.76811977677921,-5.451489836633215,-7.178050200250944
2000-04-29,-14.277458084347044,36.345459682757536,-4.044003439038393,-9.39891423377609
2000-04-30,-13.295778786641552,37.69903999231709,-3.7088053527279214,-8.423732909652834
2000-05-01,-14.955369592869639,37.0611826014598,-4.541814198353389,-8.01603602856886
2000-05-02,-14.81722132306009,35.69614930363759,-3.5891366254981087,-9.631760356327838
2000-05-03,-14.800022544023948,35.27348632520904,-3.6417617918730687,-8.39339636594283
2000-05-04,-13.042025564454992,34.6478993006934,-4.419385296264726,-8.909118287178792
2000-05-05,-10.392233593760597,34.2777283411195,-5.24710758588008,-9.246005360168068
2000-05-06,-9.518831582221164,34.87469038192147,-6.0735128668952845,-9.331778703439056
2000-05-07,-9.920770630397767,34.8544354888888,-5.223048391645624,-8.458583886504762
2000-05-08,-9.715558140563543,35.50377261542224,-3.8782260242354427,-8.97580444163501
2000-05-09,-10.298405268868043,34.27883840365154,-4.484079601402304,-10.117687502274084
2000-05-10,-10.7136434334514,34.502946666036074,-5.21611447856901,-10.124886677980133
2000-05-11,-10.851515237864916,32.79283760152289,-3.9888579868255905,-11.314982200711437
2000-05-12,-11.591961870835927,32.94856446336362,-5.218971578659249,-11.224780451835763
2000-05-13,-9.719534394121883,35.23413966487713,-5.297817187226037,-12.140440470573814
2000-05-14,-7.88212480787352,36.16263242358384,-4.660914141045817,-12.404118949018764
2000-05-15,-8.525335164435331,36.532542614760054,-5.575444043474354,-11.859939966315517
2000-05-16,-9.760281199546402,37.27904161184371,-5.784089449258865,-11.228104859001762
2000-05-17,-11.371846766862536,39.10641219482358,-6.019513943666194,-9.95882957915539
2000-05-18,-12.47247630624242,40.38241906922976,-7.219491347159144,-10.085053150068077
2000-05-19,-12.145460218229225,39.13191913232377,-6.39023038530885,-9.747284551346295
2000-05-20,-12.454330346092362,38.58715469280631,-6.330401008276754,-9.476554940974728
2000-05-21,-12.850874297324369,40.16033852502538,-4.271957720596317,-10.119505694261056
2000-05-22,-12.872586617817149,38.71065609368667,-3.5393018066205024,-10.718579394368634
2000-05-23,-13.934309099936558,38.399145069345046,-2.943848277002571,-9.239096049283472
2000-05-24,-13.681981768398932,38.949943129215214,-3.4634781190751287,-8.589475960960472
2000-05-25,-12.493273240833284,38.99135563081131,-2.8625316233754834,-9.796200822882385
2000-05-26,-13.134954138379944,37.72876948193659,-1.1683303958389555,-10.481112820756922
2000-05-27,-13.377326833667112,38.05826043727675,1.5173000870256979,-11.665094761957516
2000-05-28,-12.979914021012934,37.41802305055456,2.5128023103151387,-11.750590894625654
2000-05-29,-13.848397946331165,38.55587260756687,1.949142944156735,-11.577191618494279
2000-05-30,-13.478414790456286,39.04323325888275,1.0981633226224674,-12.771676582448992
2000-05-31,-13.023388778304898,39.37139839228365,0.03868574054513507,-11.07970862118297
2000-06-01,-12.427732455979628,39.34586130425667,-1.1747242113858014,-11.386283993357727
2000-06-02,-11.89100874642035,38.18416767990048,-1.7376137813281498,-10.72800025721115
2000-06-03,-12.679433536166044,39.69198209374116,-2.5018007968654663,-12.081555236412457
2000-06-04,-11.928537369545419,38.69090717098031,-3.5650932372837483,-10.610484921331535
2000-06-05,-13.317285484292835,38.23042637677043,-1.8435648205511697,-11.525873777806332
2000-06-06,-11.912670179812284,38.07212665706763,-2.917936239936716,-11.151742223982922
2000-06-07,-11.778762372451267,37.76805046308176,-3.2942252766756304,-10.609692459858872
2000-06-08,-12.19120855486735,37.093072553147216,-3.921567976173436,-11.593064117148915
2000-06-09,-11.92958421469056,37.61945050995565,-1.6615134318886775,-10.74276289163041
2000-06-10,-11.236348570754831,38.69655067319854,-0.3513427679070473,-10.102670615374562
2000-06-11,-11.827180346859585,39.9673623559294,-1.4279693271160367,-10.368685181813314
2000-06-12,-12.500492810595121,39.88445409102923,1.0645152835921594,-10.523720476508512
2000-06-13,-12.559026044106282,41.003239744238826,0.24307507355401947,-10.18089761763516
2000-06-14,-11.976489505407118,40.96889211699987,0.6244713958837549,-11.140145918736295
2000-06-15,-11.963023259186258,41.0507852230894,0.2266889160343888,-10.922369699058159
2000-06-16,-12.520813823768396,41.76258552668844,-0.12220615324761336,-9.326474079637045
2000-06-17,-11.885775098565725,41.633164689994075,2.3058277884629805,-9.187882243682168
2000-06-18,-12.625601610884418,42.23691461798758,1.4703643720733899,-8.372611905634379
2000-06-19,-12.803298718707271,41.83433144347015,-0.2065779876336491,-8.697559658621111
2000-06-20,-12.900735340443399,41.29672705736359,-1.0314270238667524,-8.28901479556249
2000-06-21,-13.404312342782395,39.41607088947574,-2.22566382457084,-7.787821170919863
2000-06-22,-13.927118032758635,39.036580713648405,-3.4957894144996136,-8.40217030013796
2000-06-23,-12.54875212574019,37.222923119952775,-3.576298992864835,-8.863750480860483
2000-06-24,-13.756392272474175,36.805855091641654,-1.8257074271339426,-8.99596891105663
2000-06-25,-13.796487273056346,38.22217519793262,-1.85961470330241,-7.009073565309485
2000-06-26,-13.76279661198699,39.33272096713023,-1.780585771533593,-5.892167919380849
2000-06-27,-13.935350899094935,38.888998745867205,-0.864563984130906,-4.92287972070813
2000-06-28,-13.601683087580337,38.306184595542014,-0.6865770270334622,-6.730259736346891
2000-06-29,-13.684366687329474,39.7088341423308,-1.9656549822742608,-3.7780100677683293
2000-06-30,-15.049730232146484,39.95750968083797,-1.5168525262445696,-4.4295424721770535
2000-07-01,-14.29189463535674,40.313005241079395,-3.1544640820258465,-4.997044126720039
2000-07-02,-14.704518236985763,40.34259114408789,-4.850917755034164,-4.808027353342645
2000-07-03,-14.455481695174218,41.22923317281767,-3.9529604247679027,-4.77440552959975
2000-07-04,-14.940349822595728,41.96098489421643,-3.556021533006876,-5.37968826924145
2000-07-05,-13.111834380778658,43.66666340806985,-4.627200524794144,-6.496596784343108
2000-07-06,-12.794344819206598,42.82115352028401,-3.148898862507946,-7.473531147277951
2000-07-07,-12.168031445362566,43.2176600440703,-1.7711044787789463,-7.426505229978727
2000-07-08,-12.089117147185867,44.48383809033997,-2.8417183518423528,-6.526786020345053
2000-07-09,-12.065229580173549,44.26859086226032,-2.732741716800813,-5.4199819232897255
2000-07-10,-13.261580656063288,44.31816728355166,-3.0058090355901568,-5.770313076043527
2000-07-11,-13.757805148534702,45.38818567124186,-3.962061250054346,-4.128330813715944
2000-07-12,-13.072964582842415,47.33552665705316,-2.5864744958910086,-4.281205693234068
2000-07-13,-12.814758971704878,47.299221029982135,-2.206442968396309,-6.285261830156378
2000-07-14,-14.027013542500669,46.974567719133674,-4.241335187390913,-4.0030724533143225
2000-07-15,-13.457769271985892,48.70001686981323,-5.662092860095795,-4.512485558088718
2000-07-16,-13.245218330321826,48.24904486128919,-6.187800599657142,-5.457241425259829
2000-07-17,-14.004827950246176,49.051286995490656,-7.70665467955092,-4.00149057990526
2000-07-18,-13.612076064384754,47.642000101601276,-6.0800066927822805,-4.947810365304219
2000-07-19,-13.25866974211211,45.95197186930796,-5.317989429554368,-5.410831669100397
2000-07-20,-12.417562700040897,46.481916937762506,-4.855376150153746,-4.52303833149843
2000-07-21,-12.823551493123198,47.260863755878106,-5.211942329941293,-4.596709553466839
2000-07-22,-13.554583251067273,47.71865600665259,-4.910811066580025,-4.371026276722378
2000-07-23,-13.174375243123478,47.3640674288942,-4.657985899124234,-4.1721392479566815
2000-07-24,-13.078346794390278,47.04141351858162,-3.696409585993733,-5.685162635676779
2000-07-25,-12.92387841406312,47.26867698490896,-3.425884116750291,-4.70599076313534
2000-07-26,-13.87523848431798,49.2675690527093,-4.528522985600174,-5.363191774147648
2000-07-27,-12.934040135389282,48.34272950752328,-5.150222405198302,-5.169512448238197
2000-07-28,-13.667818829540618,48.110501782785285,-5.73063080885369,-5.579870389072076
2000-07-29,-14.478148974190928,47.65500820808848,-6.637146153880833,-6.9069537209474
2000-07-30,-14.913829222352469,47.65300039159283,-6.310876763915974,-6.491563962514177
2000-07-31,-15.293036861866199,46.41374295798341,-7.670001313477782,-5.66187525537277
2000-08-01,-14.742554647081096,45.1433375078567,-8.573031212259963,-4.792201903517763
2000-08-02,-12.121941041977491,45.08957093792502,-8.077354355904522,-3.6349774665997057
2000-08-03,-12.698864002380994,44.82994696149858,-7.699203072733862,-2.6451193973266593
2000-08-04,-13.08996919515349,44.27405077965007,-7.003867799719421,-5.3230733104980095
2000-08-05,-13.225553594214723,44.44188308890527,-5.447801908801381,-3.7571469262525
2000-08-06,-14.779366274616262,44.3443676500326,-4.657027114184667,-2.941869188423704
2000-08-07,-13.423752821919338,42.61935911211776,-4.962691066196716,-2.647344981908535
2000-08-08,-12.626895272745596,43.60616008399092,-5.885593297317158,-3.0268158109859216
2000-08-09,-12.822861628615788,41.68381087029071,-4.6909025283201595,-3.4963925477454088
2000-08-10,-15.346867540633035,40.21949196125997,-5.168073185822433,-4.17062828990628
2000-08-11,-15.901437190934919,39.52687374085013,-7.907482069609945,-1.4499799921208023
2000-08-12,-15.717109609204142,37.396619581875186,-6.639223507612829,-1.6558589663102017
2000-08-13,-15.050295010234471,37.38025341810942,-5.86591341053486,-0.9337658159317543
2000-08-14,-14.663635404652533,36.247578071288395,-4.104611481003303,-2.262700195515838
2000-08-15,-14.493448119790774,35.5107966404189,-3.3898654358774016,-1.4088537115625794
2000-08-16,-14.594543041204624,35.0924195796348,-3.5225565086285884,-0.5739840922497101
2000-08-17,-13.84888531221777,35.59478557043649,-4.864221143086188,-1.5929376416550403
2000-08-18,-13.736616434263041,34.40276841856689,-7.0365332808323995,-1.1229969536308442
2000-08-19,-13.704256480455268,33.13831858992647,-6.186943977877332,-0.12936532766528208
2000-08-20,-13.999792887583977,30.915304800789134,-7.270964320094314,-0.6880889166262183
2000-08-21,-14.457748155031654,29.315098846721938,-9.023482795932694,-1.150097333867792
2000-08-22,-14.025424902047114,30.33474877508465,-8.543731714303464,-2.2907426367438077
2000-08-23,-13.291620464463971,28.76803110559443,-7.579198939709551,-0.7743419701778846
2000-08-24,-13.311657029818681,27.880654623065475,-7.083212519940394,-0.6366736378816056
2000-08-25,-13.776654438052613,29.01232158306653,-9.218587706105279,-0.6001609414602374
2000-08-26,-13.213778704784394,29.953476518690373,-10.233886213527752,-0.609390891358029
2000-08-27,-14.535780604060403,29.34976045479373,-11.072662816022314,0.6220088515310542
2000-08-28,-14.324073107758712,28.598322932484052,-10.120494752170634,1.8344423681398259
2000-08-29,-12.928591381348031,30.086361148596797,-11.277427847146516,1.8114920169442608
2000-08-30,-12.053530662854241,29.52349747487047,-12.118314552899736,4.365424350662091
2000-08-31,-12.346971472007073,28.992382330535584,-12.94088126015488,4.592748831452955
2000-09-01,-12.488109893954364,29.07470460243599,-14.570913434483856,2.5514901206978187
2000-09-02,-12.29914776453963,28.51659010603847,-15.019485799932141,2.6879737798365935
2000-09-03,-12.581848441942707,27.340767445108156,-15.193240612713325,3.266888601992692
2000-09-04,-13.046811217746919,27.88173761610528,-16.841097096622903,3.883091692508752
2000-09-05,-12.318654616829342,27.503496261986292,-16.18055685832456,4.300448487466626
2000-09-06,-13.808479919562611,27.47459970168747,-15.649897818747503,3.7023674295970936
2000-09-07,-13.96603668314944,26.362173631662706,-13.940627726849579,5.258970795100259
2000-09-08,-14.272324362513107,25.155764143587366,-14.11876726674406,3.2006071898064263
2000-09-09,-15.472148887029482,25.83021000858686,-14.974574403211715,3.0733636508994513
2000-09-10,-15.292089267333896,25.332532519039088,-16.050966081221336,1.4567991557606437
2000-09-11,-12.646757552266326,25.446627998415718,-15.355676034889928,2.078032038610517
2000-09-12,-11.277343386470658,25.212872153730086,-16.075658623827312,1.3987562133024554
2000-09-13,-10.280508723124182,24.807025551739724,-17.5502997845174,-0.6142865556369785
2000-09-14,-10.468034310162617,25.602531799184202,-17.04972918871438,-1.0384099676289082
2000-09-15,-10.392888175158552,25.96627392751604,-17.456058368007326,-1.5878948414133212
2000-09-16,-10.64246505740156,25.92634094679645,-17.774826683739615,-3.288624891113469
2000-09-17,-10.849161486706112,26.192422209689852,-19.817940225290357,-1.9216397959582214
2000-09-18,-10.982342473392233,24.80657087117135,-20.26792747563406,-0.5799102823452544
2000-09-19,-11.250814508195262,24.104160132303665,-20.36021650637694,0.6452667202674067
2000-09-20,-12.490076054140662,24.98137182072607,-19.534824622621464,1.834439438938688
2000-09-21,-12.195735664174974,23.932838659417715,-17.477784735066614,2.741624529026844
2000-09-22,-12.595233898729235,23.584316913979595,-17.814873753326005,2.872276683844396
2000-09-23,-12.358941068761059,22.602696520134803,-18.42872657650041,2.095548813008018
2000-09-24,-13.471008230158592,23.232703337239165,-17.47239110918406,1.9387676822682052
2000-09-25,-12.59861130227311,23.864752077837874,-17.467667839476952,0.4142977140394597
2000-09-26,-12.910564351623957,23.908481320411166,-16.60668852425948,0.005831666549560743
2000-09-27,-12.42407032879982,23.280685470456078,-16.141485740354064,0.5015449062418585
2000-09-28,-13.073528995509374,22.700758917208585,-13.968424933749487,0.750045092542903
2000-09-29,-12.903528578912967,22.708429669662063,-13.557025663416278,1.4153693496006512
2000-09-30,-12.826736948749543,21.714591911766174,-12.212254598938618,0.9691554364878621
2000-10-01,-13.166286094715668,20.685758200132398,-10.458704156990494,0.8583975809370866
2000-10-02,-12.041097155617251,20.29107526201108,-9.953194827447259,1.5478932739620141
2000-10-03,-11.031666623020627,19.82152870032928,-10.460322052353998,2.4024815303318694
2000-10-04,-11.209494631952968,17.64189004221022,-9.289664409663377,3.295925966392992
2000-10-05,-12.728925181966835,16.313629073293097,-9.444461337278774,4.399165901131617
2000-10-06,-12.844002279185633,16.198967347944542,-8.747266538979368,4.620512758670692
2000-10-07,-13.689108921191671,15.04856688016192,-8.683270313460408,4.687781617914589
2000-10-08,-13.775479625324355,14.824982606645378,-9.408500919434061,4.235105740034067
2000-10-09,-13.378391097489267,14.059870240781501,-10.358960004867438,3.3262876187270227
2000-10-10,-12.56045911895497,13.17298923802905,-10.600438816399523,2.9224714560806193
2000-10-11,-12.25870079880948,14.040748593893493,-10.407908166192902,2.825562329315176
2000-10-12,-13.791852122386588,14.531468162696248,-11.233758720692629,1.90499531758884
2000-10-13,-14.263930073203758,14.214324830654412,-11.425985835896695,2.4685940595064917
2000-10-14,-12.909464477455732,14.306335945377821,-11.71192483519409,2.239969930514287
2000-10-15,-13.081235737761126,14.304643263357518,-12.571716633541207,2.540368994564484
2000-10-16,-13.992009027702265,14.151984319080542,-13.115642540726146,1.8741424836516294
2000-10-17,-15.388633821568282,13.458481631405498,-13.33147102115734,2.4933465939511366
2000-10-18,-15.377163662501205,13.48613059814867,-12.94747675996178,1.8886777618883182
2000-10-19,-15.901488129685625,14.274815638335479,-12.695490057222024,1.5577548925923999
2000-10-20,-16.023942413075027,15.178143458790228,-12.845363420252603,3.7174640925282123
2000-10-21,-15.444631172209629,15.050169319958124,-12.104638597624598,3.108474151636502
2000-10-22,-16.314144725374298,16.112602086027458,-11.325454353641511,2.2774392115422843
2000-10-23,-14.93247941906877,17.37400060248378,-12.269914060912269,1.756487927839543
2000-10-24,-15.760825829420456,17.1590245632463,-10.442735308692964,2.308172510127073
2000-10-25,-17.982561633609578,17.879571555026114,-8.582731624058743,1.100165543008643
2000-10-26,-18.28266848869539,19.033933317794844,-7.792842859727993,1.0144525143132996
2000-10-27,-18.624058412428308,18.54872284653775,-5.506838789726723,1.8131582310761778
2000-10-28,-17.69628223320861,19.136025752683064,-2.777307795950729,1.4255682905105636
2000-10-29,-17.290389418032362,20.786603735279435,-1.5753549341160262,1.7271072131122978
2000-10-30,-17.284724125782077,22.725347409269496,-0.5410572459885263,1.6304349237364095
2000-10-31,-18.584276253607143,22.60508704873893,-0.19140722854218128,2.5825832315021646
2000-11-01,-17.485686395091104,21.635828025707323,0.3200247503310313,2.633330052594376
2000-11-02,-16.130397103052008,20.546602063202496,-0.11080276198702249,1.1228746185664298
2000-11-03,-14.937880255376683,20.99949718803351,-1.1558618765323305,1.7663109283635499
2000-11-04,-16.242320938781276,20.296912493258986,-1.4509688244216892,0.7095891084639114
2000-11-05,-15.695482750681276,20.05612512599862,-0.5022177662787456,1.0936324512593985
2000-11-06,-15.706370599624327,20.775898878778797,-2.2129090952881874,2.3178103593285453
2000-11-07,-14.883134828146723,21.166328778332144,-3.187045976586794,1.6031666147980854
2000-11-08,-16.283080433686603,20.760401064875648,-3.065649872992737,2.4731576209203876
2000-11-09,-17.585634467782658,19.68116294324156,-3.0320090647923044,3.9825947075956902
2000-11-10,-17.06253795864675,18.920020505343977,-3.3446593039791535,3.700317624292667
2000-11-11,-16.972113881056856,18.54404101650853,-3.862390808323467,4.7927416948101875
2000-11-12,-18.401975579860974,16.511181839681516,-4.632222223322175,3.1454328336814017
2000-11-13,-18.36301411958724,17.713068525524648,-4.457226561048819,5.233214620497659
2000-11-14,-20.658490584427252,18.639585284755473,-5.048775519717288,4.335291122844745
2000-11-15,-20.311672768177264,17.893254972928695,-3.641929114335201,5.189271605081913
2000-11-16,-20.643348781784255,17.428916699116485,-2.863512867138773,5.894780493879631
2000-11-17,-20.22971435900433,16.538055308799727,-2.1837324407730687,4.425002544161454
2000-11-18,-19.845893842067664,17.95132181434429,-2.3383817762198555,4.504235262387843
2000-11-19,-20.754153507874676,17.45279417628547,-1.808388855904806,4.467634023944574
2000-11-20,-21.361168630287974,18.005712491195883,-3.642314082097836,4.212948414246609
2000-11-21,-22.687067802627396,18.006400938707532,-3.4304721349815175,3.7162217141321547
2000-11-22,-22.885040240835224,17.84484027603637,-4.146907922260116,3.9860448441496397
2000-11-23,-22.179096572044116,17.22638071449382,-5.142479863770205,4.19817507217226
2000-11-24,-20.502409198085914,16.689693152140244,-4.82678482404751,4.6096451751261105
2000-11-25,-19.890774410728273,16.442692198317904,-6.429444125563844,5.949239763315145
2000-11-26,-20.73309066286731,17.046590313407183,-7.271980030551983,6.685545813214021
2000-11-27,-19.441582570822685,16.346205570989746,-7.347377120247897,7.011957175429271
2000-11-28,-20.148498683387682,15.734987819458652,-8.464205970380434,8.801309369557428
2000-11-29,-19.634706491504,15.687031880282076,-7.285885764138543,8.751415635868652
2000-11-30,-18.788435953208378,15.547298558997433,-6.164228876956885,10.495972872292151
2000-12-01,-18.618233338971024,17.921270437268547,-4.810574410494449,9.29015204848445
2000-12-02,-19.733424938761416,18.67620347978571,-4.675731201110677,7.7427640168889384
2000-12-03,-20.815333696966036,19.43610554925991,-5.595470960167727,6.505333941387098
2000-12-04,-22.319776848876042,17.921662575802255,-5.603755121091881,6.015673934675494
2000-12-05,-23.25641073106847,17.957109576389318,-5.073570171760888,5.792844745224963
2000-12-06,-23.063812640721654,17.270131529712373,-6.2938903439320075,4.725105744668193
2000-12-07,-24.318612017437562,17.58350061525677,-4.527060490153588,3.983594425708413
2000-12-08,-25.032641679297328,15.86211521985223,-3.989750734469028,3.031013697030171
2000-12-09,-27.76385769729927,18.290143561226564,-4.564824848674279,3.380043576749277
2000-12-10,-28.432166001152293,17.690260815166827,-3.390114247182374,2.443748175751103
2000-12-11,-28.374537853608523,16.431364811986633,-3.5609390342645084,2.648067690469678
2000-12-12,-26.443279840670037,16.292662450074822,-3.933189457040945,4.4675822867533865
2000-12-13,-26.962880969576297,16.69995893807419,-5.732550380707927,5.37025312672899
2000-12-14,-26.261894195424535,17.66476129110159,-5.520098222713457,4.714371040929866
2000-12-15,-27.737973813570278,16.33633840636825,-6.499357779809346,4.062661472673656
2000-12-16,-27.982933877512092,16.480676372333544,-5.917399410356827,4.438563696797113
2000-12-17,-26.89876152577584,16.885515614840998,-4.859990421883124,3.1185755056862017
2000-12-18,-25.506889249548955,16.495240042279423,-4.268811477154727,4.929431177517738
2000-12-19,-26.1796517474663,16.624230662399754,-4.592189784680846,5.52754418270916
2000-12-20,-25.323353106282518,16.193862070724997,-3.737665750070124,5.575199149990519
2000-12-21,-23.799463067438136,15.122331233997487,-5.205556137409973,5.672130292152187
2000-12-22,-22.50241456328606,16.517787745390024,-5.789640938025599,7.763343866943681
2000-12-23,-23.084089698232813,16.672641194360388,-6.350078906681359,6.145840033622254
2000-12-24,-22.72021524809532,17.181952526630877,-6.515715424424089,5.986357157812223
2000-12-25,-22.920001074995245,17.244780666064887,-7.250230686799828,4.595839975735906
2000-12-26,-21.943814598635576,16.79683701251489,-8.044709858503394,5.730119362871415
2000-12-27,-20.662880859148235,17.39127042484191,-8.462728595004512,6.343542195031777
2000-12-28,-20.74807234115422,17.151982314750565,-7.814559778989681,5.3613996958585
2000-12-29,-21.039234876937506,17.67151010574787,-7.743602034413871,6.043001763871463
2000-12-30,-21.103157941609062,16.959450152039892,-6.689768221828811,5.468217169913023
2000-12-31,-22.51646020090834,15.800594661119531,-6.375594762409069,5.913593477338804
2001-01-01,-23.72430234703973,14.341095028731319,-7.17186726907975,5.796879420627022
2001-01-02,-23.32768077936407,12.824313751786809,-5.6061780468001245,4.8074154936935205
2001-01-03,-22.80419969931783,13.3557361525458,-5.9761645194032305,5.856316874703682
2001-01-04,-21.856713056977224,13.163758289730927,-5.6234350859762605,4.8113628070967
2001-01-05,-23.33861541998398,11.220476244632234,-6.13432251423596,4.396813275930216
2001-01-06,-23.4719815233131,12.620252575541151,-4.037009389476772,5.402555984022663
2001-01-07,-21.088426876238447,10.439633000900688,-4.48670816240196,4.9021384015759795
2001-01-08,-21.05341123490722,10.798278133262386,-5.149818702660619,4.543677098386766
2001-01-09,-20.252367496896493,10.344071500341645,-4.210427369955467,4.723908302094736
2001-01-10,-18.259202353910435,9.013430383423396,-6.53255207714116,4.19950442363212
2001-01-11,-20.707472952805045,9.4022456207829,-5.487096595602447,3.505254018186386
2001-01-12,-18.79860962332707,9.07634575819739,-4.998734189852646,4.578640230364484
2001-01-13,-17.88834951230391,8.543819065939735,-5.510787031123471,3.514947076143831
2001-01-14,-18.691483596692557,8.95904309373874,-4.584166483050501,3.472961864812764
2001-01-15,-17.941653429643768,10.175443121882262,-3.924658894681788,3.9637236998749072
2001-01-16,-17.079894678221965,11.916067046075256,-4.399685191057189,3.936998363786899
2001-01-17,-17.936074957369023,10.872629143969037,-3.6905499589611055,3.9347295663177833
2001-01-18,-18.82444455665668,9.710959128649945,-6.231682334456998,4.26424718731958
2001-01-19,-19.281970330756636,9.072515520123789,-4.653393494869828,4.518895787097575
2001-01-20,-18.89537130220265,9.974601553836349,-3.6678711884964814,4.99892658859624
2001-01-21,-18.753835067330616,9.769955315083486,-1.898093865027093,5.214662408299864
2001-01-22,-19.20520278098797,9.477227299092126,-1.1560574558009455,5.794787326789898
2001-01-23,-18.803936069907056,7.746979678494313,-2.2500260703289303,5.6151513328230775
2001-01-24,-20.509747943949524,7.943824764195034,-1.5784022687882868,5.781827752893391
2001-01-25,-19.763452944853057,8.91221552230049,-2.190692930159583,7.095620465502572
2001-01-26,-21.226203480323843,8.046361390068654,-1.696143769433303,7.385353206948686
2001-01-27,-21.26648060057931,7.493610053293251,-2.7231759423324426,6.610456406154199
2001-01-28,-21.572254289041588,6.268218537107722,-5.618407558628212,5.493695087806229
2001-01-29,-22.47798191341454,4.852996410094736,-6.740122873009025,3.5992482329298223
2001-01-30,-23.609529496529817,6.083994913817915,-6.668036151819945,3.7991061828153954
2001-01-31,-22.81831271740967,6.185492221741936,-5.421214387183227,3.3288978910060623
2001-02-01,-23.20179038711666,5.838595053363347,-4.868119468214606,1.7781389499739737
2001-02-02,-22.842430427619007,6.703614551174638,-4.626158047789611,1.6767320727997463
2001-02-03,-24.257134209549115,6.339756438443274,-4.104791403375429,2.2674405507993525
2001-02-04,-25.128805019966798,6.365710412489142,-4.101961598014159,2.1850836806687286
2001-02-05,-22.49983517991769,7.06474927410742,-3.9551364330141596,2.883535350748383
2001-02-06,-22.5339563277465,7.950488198411507,-3.4925912682875215,2.2062839132416476
2001-02-07,-21.038823813061146,9.117888151011472,-1.7787030435369813,2.7567235409892508
2001-02-08,-21.32466964558059,7.507949497369982,-0.6486591621064108,4.541244248110729
2001-02-09,-21.260553209238086,7.079859587847207,-0.08178390377455247,4.553084599960631
2001-02-10,-22.627321240079098,6.056440272919087,1.6704179398897807,3.9126680013672415
2001-02-11,-22.091154381941955,4.710450354478304,2.960023804685164,4.075564324335953
2001-02-12,-21.727772966451482,6.88229196197946,3.144616639557252,3.2803821949396537
2001-02-13,-21.98222981665467,6.470135861294916,2.714331455696998,2.3788574106707694
2001-02-14,-22.704284898142937,6.499207154458621,2.54397946162087,4.002182940723409
2001-02-15,-22.348087411264423,5.8089295945127954,1.6171495225305157,3.0019127751047208
2001-02-16,-21.44589452344482,4.264336798582503,2.0613924413241396,3.7448730396043635
2001-02-17,-21.790014015777423,3.2368673770633545,2.1801385478497863,3.941986904326873
2001-02-18,-20.47007357147941,1.8584248697898922,2.800453750848253,4.615150290674192
2001-02-19,-18.842880906852233,1.8906165261803258,3.426203415603642,4.783253930223717
2001-02-20,-18.593383779918188,1.3533273519545757,3.9152701429166044,5.8654718563939765
2001-02-21,-18.586397202948955,2.349357849983197,4.761120883616832,7.282612073284368
2001-02-22,-19.185003714976983,2.428796697303704,4.483966141000731,7.829137792541668
2001-02-23,-20.050631811436965,2.3896482821736655,5.140358250188272,7.595189921835483
2001-02-24,-19.594734811775307,4.501544396623523,6.793426677993033,6.749928973947449
2001-02-25,-21.524402087575005,3.278714490737827,6.574168658821126,4.983705005388777
2001-02-26,-22.828966285159805,4.17225635134492,7.767577150114684,3.160114948621371
2001-02-27,-21.943992833944346,3.5992403165703015,8.906663572576068,5.341416558354041
2001-02-28,-21.25847352370705,4.936363642052408,7.750366160886176,4.525662923839468
2001-03-01,-20.58923279256774,2.9233561570455273,7.8667975045807745,2.6708127097689087
2001-03-02,-20.760066307005534,4.013459726961032,8.738916788386026,4.362516371042533
2001-03-03,-20.720308104607128,4.505069056581467,9.424459605643902,4.382416882640069
2001-03-04,-20.522677177527207,3.5760170651316496,10.154656462130632,4.318604012653206
2001-03-05,-20.215553343489475,4.357538320460596,8.095173717944332,5.712402231340399
2001-03-06,-18.830617160307003,5.2666548775330595,7.2201725331987126,5.425898464908925
2001-03-07,-17.8361889021544,4.787641857919514,7.650493209571514,6.357716684575148
2001-03-08,-18.449677077867708,4.053256285471773,5.607876462973731,7.337525183157101
2001-03-09,-19.194518692389483,4.257624952655814,5.744949689047257,5.741317862735124
2001-03-10,-19.714951125025685,4.0922811385069116,6.744802324731553,7.67577150661463
2001-03-11,-19.168760264518266,3.3192808240922838,8.303483839679686,5.9073250836923785
2001-03-12,-18.55931734985986,3.2546673816297753,8.174531735118325,6.221714834413969
2001-03-13,-19.133954921680704,3.7543885850992105,7.652205212695161,5.409654929709725
2001-03-14,-18.36574523603771,4.3862206053007045,8.770943795077548,6.2816795744569145
2001-03-15,-19.696213997168268,4.352601155708361,8.225217549436836,7.712642527882452
2001-03-16,-20.1164852159236,5.002158891897322,6.0043459608892045,8.637687658007444
2001-03-17,-20.019849168553897,4.359887742358775,6.847311631888346,9.794883526366663
2001-03-18,-20.81675628630019,4.677191587068185,7.8468541922345425,10.091882715361441
2001-03-19,-20.81510884776822,4.448312465060681,6.6653844130876845,9.669767055924154
2001-03-20,-22.21202839357594,3.9252374769684684,6.083169093834389,8.14210436240844
2001-03-21,-20.09597342115117,3.034307468319284,4.64807291295737,9.641490190498388
2001-03-22,-21.548790362800627,3.2663933625022867,2.250585861145177,10.116302520007507
2001-03-23,-20.915330738326873,2.1966675287368345,0.9170871377167613,12.569181407101334
2001-03-24,-21.58667489648672,3.0809714241041415,-0.024819567302544532,11.612269473063783
2001-03-25,-21.619462314229565,1.8020316629911377,0.6059034642194145,11.294487120693818
2001-03-26,-19.554548663632804,2.7091288413088392,-0.18256907708882397,11.832528630832083
2001-03-27,-19.090306252922403,1.323979694658255,0.3978877014137292,11.607203358754829
2001-03-28,-17.986669988556944,1.9639225470424653,1.0654886721056016,12.750387699665183
2001-03-29,-17.745440927951133,2.2954535697046135,3.1787507138673843,12.679581148447424
2001-03-30,-19.15333182663144,1.4886043727683762,3.1379107567075066,13.351356322502804
2001-03-31,-20.529967514856594,2.9306232002412327,3.5984963415531754,14.917539681026833
2001-04-01,-19.708795228653052,3.207868289263613,4.487153341867819,14.168354934516655
2001-04-02,-20.40416026027572,3.31753759070374,5.220453837712104,14.155620011854953
2001-04-03,-20.860434045394516,2.2060587366235787,5.157806748497601,13.98656046437757
2001-04-04,-20.624529255381518,0.4694023612898355,4.9450755665051815,13.428965823753133
2001-04-05,-20.817722219727674,1.825095905863066,3.8492801749800813,14.381797653917396
2001-04-06,-20.595780830512844,-0.50959132545862,5.483392616763369,14.350141143369788
2001-04-07,-21.875920126615235,-1.201839832551797,5.773748509396443,13.926090694391501
2001-04-08,-23.991702860442544,-1.027750754492859,5.076256178591072,12.308810669069693
2001-04-09,-25.357721131717604,0.7467556539203473,5.986526326568859,13.020219245229152
2001-04-10,-25.59548178065306,-0.10130624891304574,5.590424950985911,13.311405681218728
2001-04-11,-26.45156880255426,-0.11067567704301995,6.18944764439714,13.218224665497468
2001-04-12,-25.923461309528008,0.03513391284009587,6.877528216629767,14.813404685716925
2001-04-13,-24.373155054062963,1.4285926941007216,6.440185888430565,16.00936021423154
2001-04-14,-24.422735419448944,2.397338444126021,4.854128646745514,15.84162360989259
2001-04-15,-24.808981123290383,3.1319176032580938,4.7467824795727,15.13357628146898
2001-04-16,-27.66508778390388,2.9463569599881874,4.796937731859664,14.638522438135233
2001-04-17,-28.27721095849177,4.081598832610401,3.529775246823037,13.196726945503109
2001-04-18,-27.705417590971173,3.1300136548637103,4.927194520284842,13.396030525442379
2001-04-19,-27.52372499139332,2.935691656513663,4.946595551496383,14.226701528262918
2001-04-20,-25.925191896814777,2.5369170218652575,5.26550380438553,13.547160390987996
2001-04-21,-25.21120891797954,1.9434580380719315,4.216136895965668,13.614553981943255
2001-04-22,-23.960335285438127,2.437979940640405,6.193940725271763,15.250389386488038
2001-04-23,-24.013171530189783,3.6783851749683674,6.594882044790338,14.753546969968795
2001-04-24,-24.78365202471205,3.299833044265945,8.091570074052322,13.949514697502988
2001-04-25,-25.46677936097847,3.176561924168023,7.4036238815401,13.67072511557323
2001-04-26,-25.228404170691803,4.70864084076723,4.985864165330668,12.552012969162082
2001-04-27,-24.104389664288146,2.905395914562421,4.450189908035649,15.685084524272213
2001-04-28,-25.451973559518084,3.438807764202508,6.769629771697673,16.011532831074746
2001-04-29,-26.37577354957933,1.574867289552605,6.646266513405788,14.438980756445982
2001-04-30,-25.028403927236944,0.5636806337281208,6.911024959003689,14.876026401068689
2001-05-01,-24.275267328512395,-1.9730647161232873,6.691841655464546,15.819106435380984
2001-05-02,-23.839773577326913,-0.582612060908694,7.02246528981039,14.915541712564544
2001-05-03,-25.139403041706863,-1.8825534020556631,7.151760552865345,15.875207593272261
2001-05-04,-25.485500085843512,-3.0988732742226546,6.523242605769675,16.34626218632495
2001-05-05,-24.19188794357745,-2.5395582525615614,8.247182377606793,15.616948886610231
2001-05-06,-26.95337870556841,-4.394847132151337,8.087101401629248,15.266941424164424
2001-05-07,-28.213243845310583,-3.081025870377502,7.811384018394596,15.369623872949838
2001-05-08,-27.14837244916043,-2.691741297187738,8.130369071682836,15.710557277057063
2001-05-09,-27.83564834463896,-4.142381459254409,8.411140711552214,13.688417818448544
2001-05-10,-28.707301832494426,-4.1929862254701495,9.798082656938035,12.59572063039763
2001-05-11,-28.543303332322072,-5.867095215341438,8.791917868365516,12.010885338209606
2001-05-12,-28.098407950351863,-6.676001166716571,9.91591433672507,11.692303152332363
2001-05-13,-30.567829629151724,-8.670005136205065,11.87297672346611,10.993890721256617
2001-05-14,-31.211702697784872,-9.661485920809513,11.28219254229379,12.893517345582413
2001-05-15,-30.323432822326268,-9.835781715841874,10.052593974814974,11.920327378226126
2001-05-16,-32.008743912592394,-11.433157571971172,10.682804876518011,11.061349012997391
2001-05-17,-32.87099603589127,-12.468077224257463,10.486619608679328,11.092789648334861
2001-05-18,-32.30536995722239,-12.274785537006082,11.150216164863552,10.891460756062198
2001-05-19,-32.00157324722535,-12.770838392963348,11.059305348544145,10.603372423741359
2001-05-20,-31.538804074157436,-12.5291642171251,10.77302346200744,10.474916664397915
2001-05-21,-30.627923927888368,-11.756625867608387,10.20728105845145,10.196527381409796
2001-05-22,-30.402767494980054,-12.101285580779406,10.419564262012772,10.132773048878864
2001-05-23,-29.324373114711324,-10.779143618937992,8.077651077375378,10.210059338849723
2001-05-24,-29.13109181704596,-11.64655178074718,8.226194478233621,11.225199445939829
2001-05-25,-26.296194896647613,-11.54457105467371,9.99374489160249,9.055665931164976
2001-05-26,-26.045612036407835,-11.350988511508978,10.050622791063558,9.957084691850607
2001-05-27,-26.864062079256872,-12.401239935282716,8.981148990144177,11.04449155413363
2001-05-28,-27.283404349653193,-12.353784415548724,7.489928792677241,10.915945309641655
2001-05-29,-25.68915100761751,-13.045219407193594,6.200910584112661,11.446567695816714
2001-05-30,-23.788073839705838,-13.707385248685497,7.270180918654454,11.888767058671968
2001-05-31,-22.88022482896732,-14.497265810149587,7.8556505558594205,12.6427492822854
2001-06-01,-23.041666098140745,-13.465159668140021,7.824312787736531,13.416114940727722
2001-06-02,-23.968009533903043,-14.885989443261078,7.675532102223395,13.548646335055198
2001-06-03,-24.944155913110873,-15.369476643827443,6.224297520954522,13.841859318548961
2001-06-04,-25.696167261247506,-14.580740169204844,6.137070425018676,14.174399471833851
2001-06-05,-26.380937175230258,-14.039317660207358,5.678854506901769,13.766119157074304
2001-06-06,-25.53325250435629,-14.330269728688378,6.8453238178390245,14.30674460420275
2001-06-07,-26.141560918626233,-15.576845052928773,4.833230443669361,14.780767129486605
2001-06-08,-27.13957578619166,-14.929388721579913,6.196485547364162,16.46096229399428
2001-06-09,-26.21053605067483,-16.803959811963992,7.356202608492667,17.105965027473992
2001-06-10,-27.025436932461165,-17.359886358565507,8.277112892042847,16.049363748086105
2001-06-11,-28.07623077067519,-17.939170985658137,10.146940637184244,17.154710601807935
2001-06-12,-29.760071688078103,-17.506685662206767,8.940373366428133,16.425534452893928
2001-06-13,-31.24989313208978,-18.64341195656985,9.812842088073317,16.028553768788736
2001-06-14,-29.318067013480427,-17.8799843265725,9.29857532824578,16.89026491530399
2001-06-15,-30.79592955630419,-17.353440520919325,7.871296989655576,17.929109239720884
2001-06-16,-30.12087099949671,-15.739222162857043,7.2233852243807135,19.67842027170439
2001-06-17,-29.711177610318074,-14.79754871235735,6.749166976049314,20.23800118516066
2001-06-18,-27.818589264051962,-13.267867527488301,7.636733402940948,18.877318253671053
2001-06-19,-27.60353738848753,-13.410245081298843,9.402117018177854,19.79284179893046
2001-06-20,-27.954161658164786,-12.877287228712532,9.418619539262366,19.910294199441687
2001-06-21,-27.582931840558754,-11.713833780926796,9.590446682991905,19.585281360791893
2001-06-22,-27.673593339811575,-11.518231668683582,8.952587339496644,18.049480800035603
2001-06-23,-31.350428138340735,-10.699260529806324,10.024961547233634,19.733326259464963
2001-06-24,-29.882925319466146,-10.912005803077275,11.145189233160657,19.903858766406646
2001-06-25,-32.572999814966465,-10.664974114400536,10.487782640164887,21.50450856325046
2001-06-26,-32.38540693862988,-10.208927817427616,11.63366112305636,20.6559285622574
2001-06-27,-33.004551210548605,-9.080264708610295,12.808538673934805,18.699891263154107
2001-06-28,-34.27538808537288,-9.903679976175553,14.390245055465133,19.03316718352204
2001-06-29,-33.15829223684707,-10.065960546544284,15.615646305753874,19.104969654344043
2001-06-30,-32.976766606934405,-8.953643291686511,18.021881427364104,19.592824029977898
2001-07-01,-32.36906368020197,-9.212547078843741,17.69380641608833,18.816659097535748
2001-07-02,-31.56325765000864,-10.173051330476003,18.224101618523115,18.415480688677818
2001-07-03,-31.957323539097494,-12.801445203121755,19.140012100216754,19.095193020730065
2001-07-04,-31.429807467388326,-13.119750556486638,19.29357713652761,19.866249139893334
2001-07-05,-31.233692100219614,-11.47199254431756,18.869190633609865,20.293336954603323
2001-07-06,-33.2494440279923,-12.168363957000032,19.30467458724039,20.04001566781772
2001-07-07,-31.436578109243957,-12.335185497326737,19.036412282605284,21.479931297465782
2001-07-08,-30.801927110849604,-15.277795151220172,17.554631188563754,21.83360796444817
2001-07-09,-31.198333931605227,-14.824110808620004,16.942549399842953,23.17582926965999
2001-07-10,-30.9605823416646,-14.735648500589011,16.028008835921167,23.25180012861014
2001-07-11,-31.8676321051815,-14.754491224237753,15.058055963941124,24.145167423705743
2001-07-12,-33.893761075373035,-14.674451202506864,15.603431642277187,24.105997353315022
2001-07-13,-34.415951346010175,-15.967425659615325,15.574624942975976,23.185140289973695
2001-07-14,-35.724593779094555,-14.993655251625668,14.369617552847442,23.39813702867007
2001-07-15,-36.93613074515712,-15.766497129025394,15.411943445829055,23.161902115729504
2001-07-16,-36.42755369178019,-15.226021293200072,14.343161935824785,22.672763937906993
2001-07-17,-37.552889054023304,-14.656255544531552,14.115835935116792,23.049075485659145
2001-07-18,-36.52630403896104,-15.356798405792263,13.112421408779449,22.714502999872494
2001-07-19,-37.82030997009112,-16.826637352367104,13.43163821646549,22.46202872450695
2001-07-20,-38.309480036404025,-14.860484404714427,11.874969807649144,21.81821538078169
2001-07-21,-38.40571595524537,-14.14414753984429,12.62968101248177,21.190633220673828
2001-07-22,-37.67713641740898,-16.039532071028955,12.508826406993567,20.614970668198524
2001-07-23,-38.02431599564243,-16.021220522223008,11.406496986839997,20.922359149791422
2001-07-24,-36.682577536917655,-15.532121725285053,11.103393042031934,19.80998837217919
2001-07-25,-38.74923326758139,-17.59266844344133,11.097113860218263,20.385420101075653
2001-07-26,-39.69854119816251,-17.76375823345258,7.643844435271047,19.398109954253826
2001-07-27,-39.62144793046934,-19.9277258838916,6.40301797222267,19.37489688511946
2001-07-28,-39.19067088173122,-19.490403273358364,6.7571680225305615,19.47733397738021
2001-07-29,-39.172065567470106,-19.29981743034078,6.640605175712722,19.884601074343113
2001-07-30,-40.4826761279346,-18.372375046620117,7.119549727774218,17.958867733965782
2001-07-31,-38.55276403252444,-18.43092952522206,9.59800696433742,16.57852663059302
2001-08-01,-40.15717717173153,-19.320323911268193,10.024941085800435,17.402715841092387
2001-08-02,-39.88605454947208,-18.411214520424732,9.19498019838873,16.889468668246483
2001-08-03,-39.51570002028351,-18.490009678743192,7.973194156024434,16.077458357890894
2001-08-04,-40.981087428409644,-17.088249453750787,8.598810481943595,16.26562525065648
2001-08-05,-42.627504330116956,-17.337033302134763,8.483348039622392,17.092433573897004
2001-08-06,-42.80011722878114,-18.12162795285411,8.812653652977996,16.90038120447137
2001-08-07,-43.07571671865149,-17.159122754873994,7.9907947105474335,17.10289258643683
2001-08-08,-44.314057033287824,-16.666073646864064,9.53413913126839,17.458408991237732
2001-08-09,-44.757468196432484,-18.174979903964903,9.563936145381483,14.920427524712245
2001-08-10,-44.88645540221908,-17.99326710800534,10.581102006299474,14.304273369412309
2001-08-11,-45.85701932091491,-17.408281509673124,11.815354835041077,12.094560815519568
2001-08-12,-44.82513371151044,-17.98959408180845,10.790574453163039,8.769661058434757
2001-08-13,-46.083303124892275,-17.879580729622468,10.243543750499619,10.15249594240675
2001-08-14,-46.64395189530347,-17.483121727162924,10.87560382315022,9.716184214273314
2001-08-15,-46.77887405054376,-19.252096383363455,10.230345697755867,11.213591285416348
2001-08-16,-47.483766272627825,-20.593818919237897,9.744978492834083,10.06667454682525
2001-08-17,-48.86042705287638,-22.502312045990596,9.643416186132095,11.01651738696021
2001-08-18,-49.758719132282714,-22.651568059690227,8.368743456233323,11.390245355288819
2001-08-19,-49.19971178825315,-23.382562993812282,6.21189595244632,11.041647884636454
2001-08-20,-48.78236599770091,-24.389859836214676,6.149695770420319,10.099122622120074
2001-08-21,-48.68263049790323,-25.694219920335804,6.648252553857603,9.009354553288462
2001-08-22,-49.602921015497415,-25.580330827678793,7.698916076357645,8.74024189779309
2001-08-23,-50.23489330187545,-25.612993217491123,7.145019925262993,8.345868622907977
2001-08-24,-49.98389240035846,-26.109738962850596,5.744329375030088,8.423066071472814
2001-08-25,-50.26047381679292,-24.85322533527229,5.59521710239897,8.54271041999004
2001-08-26,-51.36863403299457,-26.43236870984741,5.232735571384643,9.346117586253376
2001-08-27,-50.82232371432447,-26.009172665375385,4.7311412904632535,10.518672912125918
2001-08-28,-50.79296982868627,-26.376681509815732,3.6970867595397134,10.969203761189995
2001-08-29,-52.071914469883204,-26.242287584479623,3.7497149239140386,9.118090071863737
2001-08-30,-52.348951798389244,-26.69699607516095,3.9154434382903793,9.288495936527378
2001-08-31,-52.365425776934806,-25.383031178161076,4.780515583748475,9.464661147862351
2001-09-01,-52.136470924876974,-24.87106685842279,4.614381998527453,9.924207507963457
2001-09-02,-51.71443846494389,-24.936054428134188,5.158117812802648,9.460147681501507
2001-09-03,-53.32267501452184,-25.532953776650167,5.908460095155765,9.017823484580697
2001-09-04,-54.03985190712151,-24.625955049458348,6.5132330943478385,10.061921250855736
2001-09-05,-53.234600625284806,-24.81960012477001,6.9168073316550425,10.749811083833423
2001-09-06,-50.88521837824214,-23.761975717739244,9.082333173233499,10.709560490409702
2001-09-07,-50.84907246993341,-24.963523537560448,10.342168175244066,11.594739531286685
2001-09-08,-50.991899221128506,-26.397682089769518,11.347130405712457,10.824984063947008
2001-09-09,-52.530475508582256,-26.813639677696056,12.66722578556615,9.732371613898728
2001-09-10,-52.84333275907003,-26.32025409902433,13.067079957324951,9.18212813975099
2001-09-11,-53.28646033239076,-26.971508857513946,12.277993669313464,7.9106705038104375
2001-09-12,-53.124468431632614,-29.32566297448676,12.039446241702514,7.397196919577329
2001-09-13,-53.251910179786904,-29.64434915098993,10.881199534728427,5.755274607767866
2001-09-14,-52.256618855705014,-27.88692407679564,12.086817799882414,3.092644472875879
2001-09-15,-54.62217781021117,-27.659754508421756,12.759396299535057,2.087490905024095
2001-09-16,-54.1923951132608,-26.650332984545653,15.015277346084135,1.3519154733231478
2001-09-17,-55.213863396697334,-25.144398234590003,15.081927356664416,1.0140556191369372
2001-09-18,-54.07998698224524,-26.006846258503725,15.506630808759159,3.067688998439311
2001-09-19,-52.43880950152837,-24.967765349119336,13.866599363447836,3.632988842651637
2001-09-20,-53.07367919217299,-24.0189774594999,14.390737452752234,4.767231973917248
2001-09-21,-53.22786637848587,-23.275582139155176,15.955420983678227,6.499771814422778
2001-09-22,-52.75555677392414,-25.16314077939896,17.37858922149511,7.908470143138738
2001-09-23,-52.856573613447146,-24.751729069276198,17.839650463969754,8.2178877329432
2001-09-24,-52.273788932600354,-24.106026092090225,17.781161917474762,7.779653417054264
2001-09-25,-52.62431521963976,-24.77651228253176,17.309731766199686,7.292026811890216
2001-09-26,-52.205747794201166,-24.174441480361853,16.159793437327544,7.20848243376751
2001-09-27,-53.374991058668726,-24.628037862423305,16.287667953331656,6.987209822719152
2001-09-28,-53.83376162347572,-24.817425671325264,15.496549857547778,6.9636618446862455
2001-09-29,-53.499747725128685,-25.73565997362407,13.42665143472858,6.165674459004683
2001-09-30,-54.45852500969885,-24.224645058954454,14.05686685071976,8.350934279349719
2001-10-01,-54.583067008996565,-24.349072797341925,14.081824473976141,7.206474084821199
2001-10-02,-54.22126303347504,-26.351269057045908,14.437588053902926,6.475543769939977
2001-10-03,-54.43223736616385,-27.299946492976417,13.71629531303684,6.845898420549119
2001-10-04,-56.139561692962545,-27.878154719583023,12.8361257494196,6.680615826740634
2001-10-05,-54.44804675446289,-29.32291255974505,15.199211822041207,4.969848771815036
2001-10-06,-55.06963688037781,-29.38276612472002,13.885504182768816,4.9336119664697
2001-10-07,-55.59505724176422,-31.21436264876887,14.684475143452053,3.4534646614814735
2001-10-08,-56.592068733788366,-30.03966115408162,15.028522307646705,3.302239319130382
2001-10-09,-56.576055176552366,-28.502243328602084,16.707682359362323,3.5737436213569866
2001-10-10,-58.116622105707215,-29.675019180268627,15.792947393663281,4.6716366077981455
2001-10-11,-57.004785795880196,-28.384476843874257,15.894553542262996,4.68234046655006
2001-10-12,-58.014651960779226,-27.99170161900464,15.29642054810159,6.005433684136028
2001-10-13,-59.5039517419974,-27.149646063064456,14.8073945957309,5.756813487861684
2001-10-14,-60.08433885965407,-28.401273225795954,16.48004322669437,6.4977248333347255
2001-10-15,-61.435384714435585,-27.303648589840325,16.583703840239888,5.963926990087395
2001-10-16,-60.94028307262156,-28.61943255463493,15.569477461692594,4.9072578215834355
2001-10-17,-60.97866781429241,-29.538928956554177,14.0097308220303,5.43340978081027
2001-10-18,-60.29577928593496,-27.88363965602107,12.564562796709115,6.0498126151894285
2001-10-19,-59.45779897458093,-27.17234327393694,11.402157378906661,6.833277827678881
2001-10-20,-59.429178348009444,-26.864108754934815,12.131125715939739,8.48569581095392
2001-10-21,-59.521706516558126,-26.920983033206788,13.150827760532406,8.024639070194413
2001-10-22,-60.901967852707,-26.71840075808431,13.652738133436001,6.252103776252203
2001-10-23,-58.96405519165822,-27.06637939677861,13.630861294565928,5.909799066709645
2001-10-24,-60.02149963598136,-27.120536528273647,14.30146353914223,7.091712611000978
2001-10-25,-60.065699366125244,-26.081742368299878,14.436365913030212,7.167586248037714
2001-10-26,-59.5588960512512,-27.88456566538436,16.04401655492556,7.556689830867246
2001-10-27,-60.48686402755865,-30.014021449471414,14.799964075457169,7.879410533523575
2001-10-28,-60.062904845231316,-31.561792462112752,14.839284887914825,6.10749655637204
2001-10-29,-59.3266936630446,-30.875140016303586,13.84699963591534,7.497404219739298
2001-10-30,-59.491409554255185,-30.133504183570572,13.991803540076592,7.805067898410534
2001-10-31,-57.96835680291342,-30.023509571854643,13.463574967028432,8.76216657335352
2001-11-01,-57.63510188197782,-30.183633148910573,13.613074222610866,7.63719344968944
2001-11-02,-56.22084347989792,-30.33082749803038,13.51562494069275,7.521507605518975
2001-11-03,-55.6386374781334,-27.964596118549796,13.936744634499428,6.431920772430096
2001-11-04,-54.95746433500352,-29.238030935478104,13.857717921197791,6.288874041937829
2001-11-05,-55.88326333433351,-29.01927036216595,14.56458606442851,5.7095764248688665
2001-11-06,-56.336723276499995,-28.68108044670251,14.576007371995757,5.532298508882954
2001-11-07,-55.58901995037135,-28.138715677137,15.087090957475553,6.159765728028634
2001-11-08,-56.52919900098895,-27.807952232358957,13.00206213669016,5.887115620982209
2001-11-09,-56.26993305369498,-28.23009367169353,12.2008681263242,5.46469567380901
2001-11-10,-55.06780581140988,-26.408995967710908,14.222608445040088,7.025281580179435
2001-11-11,-55.155880048398366,-26.696093743337237,13.305037723375232,7.310399529259775
2001-11-12,-54.68877497417893,-26.898801433171684,12.188965867933064,9.186086257008103
2001-11-13,-55.14165093577865,-27.89195599900608,13.231264392058543,10.25264970521775
2001-11-14,-56.176109422696925,-27.453158266361726,13.463721802774685,10.210275242686631
2001-11-15,-55.886424965680135,-27.18654240403039,14.647116560433162,9.350130947786278
2001-11-16,-55.32313851101641,-27.196951202881277,14.98701021291921,9.121776850561302
2001-11-17,-52.59811378097883,-28.12720855945088,16.802705049413515,8.297684388545113
2001-11-18,-51.44019806688371,-27.786720840978912,17.591776352484274,8.252140417890242
2001-11-19,-50.107904913566706,-27.839519833432526,17.53512591634141,7.301410037922723
2001-11-20,-50.62513928356609,-28.243752592872145,16.701302444490416,9.102201453901545
2001-11-21,-50.382165955418614,-27.585755471237544,16.15957223194414,9.116525708030135
2001-11-22,-48.299982673365434,-27.867826999333804,15.929983319414385,8.880682403448267
2001-11-23,-46.97849110953443,-27.98526974676917,15.601772285327684,9.766365399250402
2001-11-24,-47.687250031325654,-28.196170957674223,15.143869545213704,8.848089265770701
2001-11-25,-47.81371046223646,-27.94310608537798,16.00605234712893,7.128085933958673
2001-11-26,-47.26243015931436,-27.990998909614706,15.206202796199042,5.989845875218681
2001-11-27,-48.90106371484861,-29.29324058604296,15.990272713965158,5.55708468637841
2001-11-28,-49.529276021618045,-28.985214296137087,16.13748284393989,4.836994351077705
2001-11-29,-49.36621102608008,-29.959803734811917,14.503559971432926,3.22649752220189
2001-11-30,-49.479206455990656,-28.55335659938509,14.216937047677755,3.041318560391234
2001-12-01,-49.43529445628537,-29.20154205225556,15.086980428627475,2.9392796083088286
2001-12-02,-49.450824224068064,-30.173715612031252,16.70328938678883,3.1164439549063823
2001-12-03,-49.32802328860024,-29.59455881884862,17.4357970424539,1.2391157291150499
2001-12-04,-50.52399860820506,-29.62810630811607,15.003433171536216,1.587042598243762
2001-12-05,-50.41227171583392,-28.728753320723936,15.857454097647459,1.7315114396038407
2001-12-06,-49.83500062981288,-28.18818247133972,14.028593312347752,0.2762541116969639
2001-12-07,-49.00318999534231,-28.797857699151916,13.008139475241045,-0.8097382393128087
2001-12-08,-48.13459679948329,-28.51983998723637,12.99028087797315,-1.7998068280905888
2001-12-09,-48.20557939495236,-28.887579122506033,13.34355324666708,-1.923958821403816
2001-12-10,-48.56545621750802,-29.576091595374105,14.018397273599263,-0.923200667425635
2001-12-11,-48.48118035609958,-28.715738710757385,13.452630799379058,-1.262639324708033
2001-12-12,-47.08591416492825,-28.81018845595399,12.836981471087006,0.4394427753592607
2001-12-13,-47.152921035711984,-28.105835216957665,13.163021118453461,0.42001220236011244
2001-12-14,-47.099822677502225,-28.282261734205537,14.498230693515074,-0.48235172499408124
2001-12-15,-44.97019976949255,-28.21898443182021,13.967682486157718,-1.8293336957345006
2001-12-16,-45.53083674565916,-27.14033212244593,14.713388806336072,-1.7409367525794817
2001-12-17,-44.725312721954005,-28.74681587011765,14.402262279350447,-1.4208998677995095
2001-12-18,-43.84264766040863,-27.62253451504021,16.023279423308754,-1.6644143287170523
2001-12-19,-43.55927221088222,-28.560849215269318,17.070249036686736,-1.751783811665435
2001-12-20,-44.86813880604283,-28.71002048291734,14.347401995454485,-3.866990592510463
2001-12-21,-44.793369729321626,-28.931521126951456,13.707681909314218,-3.994285979367043
2001-12-22,-46.66822139746424,-27.631090458573258,12.043757900460482,-3.6655951202827652
2001-12-23,-44.836326970291395,-26.22370926561929,10.158338797570291,-4.125744053645034
2001-12-24,-44.08857433026169,-26.766314111677435,9.774689891750972,-3.9290580167217333
2001-12-25,-45.23914479346516,-27.95874285955688,10.930771609340297,-5.232419554995605
2001-12-26,-45.49320890498005,-27.49885140430574,10.780744488479913,-6.8426881479291755
2001-12-27,-45.49620039570481,-27.93401504702841,9.997621570716658,-5.842319691585503
2001-12-28,-45.920237889794194,-29.662105384673307,11.582809602734674,-5.919261997465505
2001-12-29,-47.55127550532276,-29.733750665462388,11.729135891944715,-5.537285724253581
2001-12-30,-47.61356422067305,-29.193242296971935,9.462164087627949,-4.981941933956293
2001-12-31,-48.76490494540192,-29.226431517929317,7.775464224347913,-5.132528495006476
2002-01-01,-49.621794654021066,-29.98727402400146,6.3884669927950934,-3.1430004711053368
2002-01-02,-49.11230776522334,-31.1194916640996,6.562956129112431,-2.5304019698944096
2002-01-03,-50.04932784712445,-30.84719818467182,5.884718434989116,-2.891828706561422
2002-01-04,-50.41877713501591,-30.254647536492048,4.701346938397249,-3.8017302115353164
2002-01-05,-51.187270910095755,-30.33420321673917,3.7529338427915606,-2.240674412867192
2002-01-06,-50.64378637098609,-28.992330232664106,3.4217564058560415,-2.093514763658516
2002-01-07,-50.90112714227123,-27.93372713123028,5.038602321750421,-3.7793349949231856
2002-01-08,-50.67312348287278,-26.176828625462832,3.936089607085549,-3.391452559000784
2002-01-09,-50.72189664219765,-25.3704139257051,5.41489128436724,-3.3646224304830366
2002-01-10,-49.7506194157272,-24.23158456866996,5.247239910798763,-2.5647314158381
2002-01-11,-48.96308249690836,-22.94969318021138,5.45198369237077,-2.21057389777109
2002-01-12,-50.7345207563924,-21.527786487637993,2.791345480410033,-2.837003073508142
2002-01-13,-51.21821562735043,-22.738002743667266,1.2994990546379397,-2.228371049875266
2002-01-14,-52.20135166620111,-22.603686031758823,1.2909107063014251,-2.734299387254218
2002-01-15,-51.3140192334468,-23.48829102798939,0.9097080384502086,-2.973689201393996
2002-01-16,-51.94733829986247,-23.0016214053669,1.3561879605455736,-2.5182714378064928
2002-01-17,-51.890698793182054,-24.38005766542022,-0.20366118967927527,-3.2797055799093453
2002-01-18,-52.121577247741534,-24.020115956258934,-1.5787288823420698,-3.090033663658798
2002-01-19,-51.16845524542425,-24.542141057068555,-0.07807460953539236,-1.447688188539102
2002-01-20,-51.181555613462855,-26.13167214913763,0.7406289085202556,-0.7476636254006327
2002-01-21,-51.64343553445652,-27.504453884076966,0.831520244841332,-0.8680048579478317
2002-01-22,-51.3324776083434,-27.26788229009411,0.47180418812289127,-0.7015101184353016
2002-01-23,-53.21223042911157,-27.43256160419687,0.1731222045071551,-0.47233764560873537
2002-01-24,-52.09128765352846,-27.685596390131682,0.4462284750469508,0.3896792826484654
2002-01-25,-51.18830325333706,-27.93758014963583,-0.885012640429033,-1.2572317892764278
2002-01-26,-52.74316790957381,-27.722631208444174,-1.6699790373047851,-0.7699154423297783
2002-01-27,-54.178283408532806,-26.953572977659462,-2.303887097516172,0.23037475004013785
2002-01-28,-55.00786255682643,-25.847403483512494,-3.0211659629612884,-0.8056956282484218
2002-01-29,-55.097071179759354,-25.342759781498753,-2.4113711422413227,-0.6033761803542046
2002-01-30,-56.96625927586852,-25.672669423936615,-1.4087215267261362,-0.32729167782855073
2002-01-31,-58.1408535236982,-24.578927725243197,-2.1020020544854114,1.280131529517428
2002-02-01,-58.46141901779451,-24.209366625826675,-2.0791596247149084,5.182387978994135
2002-02-02,-58.51633011546908,-23.456190069037838,-2.140474791838122,4.942038565273682
2002-02-03,-58.810161890388606,-25.016848136268525,-2.9246263757443383,3.974314575905125
2002-02-04,-57.66083656185847,-25.780481515016028,-2.2100491422953477,3.243564739320578
2002-02-05,-56.27126925701381,-24.830476618608635,-2.697866645064622,5.056566529948813
2002-02-06,-55.21261129929077,-24.532236821447015,-1.6573351832286702,4.710760163536863
2002-02-07,-54.66896457125526,-24.50646997311136,-1.361157678726393,4.604315986638721
2002-02-08,-53.31348051127274,-25.429718830681676,-1.9445600923672477,5.204897965269368
2002-02-09,-54.689072806089676,-24.007145808721393,-1.5608867538850677,3.962954067547836
2002-02-10,-55.48908377729017,-24.932521382139164,-2.413911927827703,4.28810298306726
2002-02-11,-55.982298088285205,-25.792379680037836,-1.0307591167329986,3.298819888503302
2002-02-12,-55.09403107176642,-24.35397050943421,-2.5118811811818325,3.648700028144601
2002-02-13,-54.58450282741447,-25.499545381849444,-2.698399951014214,3.2435185203344714
2002-02-14,-54.15277708356762,-24.93532044170359,-3.5366077550952992,2.9698600425831545
2002-02-15,-53.77478965957887,-25.001927600887363,-4.376672848510663,3.6438100936114717
2002-02-16,-51.75511117004856,-23.362884178714665,-6.379860148893631,3.6292380047439483
2002-02-17,-52.0157252228702,-23.184816713169685,-6.813505835969191,2.4871581892023364
2002-02-18,-51.6300497512182,-22.87027510822811,-7.935583453588374,1.4323852706584181
2002-02-19,-51.075626516926484,-23.275365734226035,-9.290480825389515,3.0909397254986546
2002-02-20,-51.29585348663953,-22.872037573755268,-10.54877557255087,1.8963771634448463
2002-02-21,-52.055213603519675,-23.657988387236706,-10.689579204724916,2.562817124798654
2002-02-22,-51.370903133326195,-26.060303104865795,-12.161498403802868,3.8401374119661447
2002-02-23,-49.070191726953304,-25.575899364110068,-13.494151397678918,5.371176008679194
2002-02-24,-49.03375250899582,-25.45154810078804,-12.552944761914485,7.27849430174925
2002-02-25,-50.932913693666706,-24.908752900984098,-10.62448063303209,6.886227338227679
2002-02-26,-51.118826001849236,-23.973275679830802,-9.596054785242092,7.188538944925295
2002-02-27,-51.20441944532531,-25.121305795171185,-9.591674188715828,6.075568508107861
2002-02-28,-53.06922896820058,-27.073858552829407,-10.543272251951045,4.545527069778679
2002-03-01,-52.42309111635535,-29.47343332636994,-9.685106836320577,2.1686940887110304
2002-03-02,-51.29608404608908,-30.076412774817566,-9.570389198251323,2.008333838505042
2002-03-03,-51.73729457313658,-28.647463817568934,-9.802171959541342,0.8624139885442879
2002-03-04,-51.492683959072586,-27.867635536586135,-11.910836774188597,1.9132362240154568
2002-03-05,-53.77657688974477,-29.870706283054208,-11.97023302102332,0.26641046624166953
2002-03-06,-51.76236056019573,-32.28764445371337,-11.617363258939227,0.020544895011831432
2002-03-07,-51.031299259210066,-32.92163947487087,-10.667480331836133,-0.6091405541462042
2002-03-08,-52.44301162579423,-31.084873202203116,-9.430705162636146,0.693724202998698
2002-03-09,-52.22781291864263,-31.708110250167735,-10.123698898543154,1.0754120279429964
2002-03-10,-51.62470776033969,-31.267157851608086,-10.718228206740372,2.7984209761808234
2002-03-11,-51.6469091762226,-31.059970291252743,-10.675442328249332,3.4306078928963535
2002-03-12,-53.480382753774265,-32.51910803959103,-11.939342304822429,3.147747875158657
2002-03-13,-55.0371181858141,-32.637834048804194,-12.209973999932581,2.875077229897408
2002-03-14,-55.46783619044386,-30.847064818253365,-12.51428331210701,3.317798705959663
2002-03-15,-54.77001629041018,-29.01618430408278,-11.49309616212085,1.8029655725150098
2002-03-16,-54.788271292802214,-29.06227332881267,-10.076447701693215,3.4703492844574635
2002-03-17,-54.009641963389306,-29.341149021185696,-10.993467385785703,3.942859816723532
2002-03-18,-53.25569733837854,-26.72120158522607,-11.170536923772756,3.8158539094977124
2002-03-19,-52.27461004526245,-25.71109923114296,-11.812849353989343,4.27776613762193
2002-03-20,-52.792098246267216,-24.143536172234516,-11.624755061219899,4.996783257609093
2002-03-21,-51.80926870634383,-26.28789218247147,-10.325346654539114,4.544595006867975
2002-03-22,-51.569131361953836,-25.92698742402947,-12.20564915561858,3.950534266913169
2002-03-23,-52.13755247773902,-25.50241916763612,-13.19599126613949,3.0062631067369576
2002-03-24,-52.45885388841362,-25.317803195033722,-14.191498204052833,4.055177090366804
2002-03-25,-51.38736639589369,-25.681398111685635,-15.27320183448002,3.2518600951818653
2002-03-26,-50.61135015319931,-26.116407163220416,-16.097595305671952,3.0762998418117604
2002-03-27,-52.69927797142065,-26.981864044666526,-15.02216541488028,4.129439828844379
2002-03-28,-52.50509544725442,-26.927578081163634,-14.365562748524646,4.9814717011344385
2002-03-29,-52.50798318291623,-27.97093746215805,-13.903314263354593,4.021994446227639
2002-03-30,-51.6591506553368,-29.36122777023555,-13.32603944326702,4.51702057774895
2002-03-31,-52.683966694785,-30.715375174083622,-12.898958615870793,5.133435012388092
2002-04-01,-52.289600232033884,-28.787390699543938,-12.633199149621904,5.591448690841719
2002-04-02,-52.384179010400366,-28.38050350630163,-10.858728811053622,5.3411551531401
2002-04-03,-51.06038444745719,-27.837964091357836,-11.525933274372587,5.597010104902469
2002-04-04,-50.14342195873285,-27.04172377982509,-10.050724177071418,6.2443043064229675
2002-04-05,-50.71243736263971,-27.100566200137834,-10.640635166208241,8.272637289707381
2002-04-06,-52.74726166571965,-25.930856480884923,-10.589660960459582,7.207450808366576
2002-04-07,-52.947059676429184,-25.024472867509928,-10.823452437085134,5.1044141456631245
2002-04-08,-53.82845958105389,-25.491043642135303,-10.482004433258217,3.216277209436896
2002-04-09,-52.828727560885014,-26.09049552344438,-11.135112283830374,3.0273400044133605
2002-04-10,-54.53421058122143,-27.47375677029193,-11.745584708820521,1.3167577309130691
2002-04-11,-53.62275442451152,-27.407314395519222,-11.235276973979797,0.7009906581681519
2002-04-12,-52.66530945058823,-27.48076248647689,-10.309208822681358,1.5369758948118621
2002-04-13,-52.91470355074591,-26.721187010423247,-9.688233682316588,2.937954124719468
2002-04-14,-54.26774503817421,-28.665181315728965,-8.396680729413946,4.270548476372363
2002-04-15,-54.059748286344266,-29.472577586904993,-10.527294990084524,5.808655759701781
2002-04-16,-55.53440653270936,-31.536699280092094,-10.968699388612709,5.463937514637738
2002-04-17,-55.96244087568376,-31.86124526471626,-13.69683652000106,4.806373770899517
2002-04-18,-55.7017037122343,-30.58310190308231,-13.403390223198304,3.8650922983987748
2002-04-19,-54.79580236190475,-31.206682902306927,-13.704445959830553,2.8940971273718388
2002-04-20,-54.58358155300503,-30.751001538372318,-14.716347451053942,3.3712705432116215
2002-04-21,-55.74128230294583,-31.22118367925641,-14.31999174191912,4.330813936152187
2002-04-22,-55.15881078761915,-31.429938162089623,-13.887459187354839,3.1026808691463694
2002-04-23,-55.98637700967214,-33.83177001850514,-13.295292852517848,3.4719986183811655
2002-04-24,-54.941449815924905,-32.27704163025051,-13.346244233874339,1.8751182487335234
2002-04-25,-53.88180923721617,-33.843280293466954,-13.492038160334639,2.6887676759605785
2002-04-26,-52.89623859069615,-32.05656863901285,-12.04283973591329,2.1719541323441947
2002-04-27,-51.66435306394427,-31.460438237825315,-12.072550328314144,1.7213669958240732
2002-04-28,-50.79508246274784,-30.735179084201107,-11.54323017449375,0.7361959874624807
2002-04-29,-51.49283854634012,-30.69058347408356,-12.464319646894271,0.153241454525462
2002-04-30,-50.6688230661195,-30.262054801611207,-10.85372364042102,-1.7339820362791376
2002-05-01,-49.18357348670019,-29.629522390429635,-12.63274537450979,-1.136559569615681
2002-05-02,-49.716192437171166,-30.604084752249367,-13.30431353185976,-1.3953884657952274
2002-05-03,-51.3872091046967,-31.619822443665967,-12.25552357127636,-2.8250715426038164
2002-05-04,-49.86975192984632,-30.002057166244327,-9.75473312759178,-2.9381085516709335
2002-05-05,-50.61948375035834,-31.067355038549305,-9.454031405419663,-1.2086325799401103
2002-05-06,-50.519498374212105,-31.66113442591791,-8.654333090551868,-1.6924091797611505
2002-05-07,-49.72411461880852,-31.348529448320804,-8.226000485285407,-2.3358234578127592
2002-05-08,-49.33210625077036,-31.39009164699207,-7.257627565225846,-3.390020752072625
2002-05-09,-48.70204355111294,-30.8467178175518,-7.955874199674733,-1.6651133595155345
2002-05-10,-49.05098196781329,-28.96905493768105,-6.9914732492633025,-1.5859538819538208
2002-05-11,-48.404259671289516,-28.830197822454277,-6.708504438340852,-1.261095944921894
2002-05-12,-47.52643650822486,-29.34472615301137,-7.546880666677856,-1.5178881897217165
2002-05-13,-49.09723632429912,-28.265439708336157,-7.8071361732189075,-1.7700946750320845
2002-05-14,-50.37924989100102,-26.612752141017513,-7.4235128344828025,-2.1817075232366525
2002-05-15,-50.487899859685854,-26.29565912115448,-5.57334758837874,-0.6221919211609912
2002-05-16,-50.60576399965907,-27.705924685713285,-5.453389167727372,-1.7547186733288271
2002-05-17,-51.408454585439245,-26.90850973369526,-5.132473667674589,0.008415810688773284
2002-05-18,-50.56803088192568,-26.596401673175258,-4.9254650285701835,-0.2364952703121153
2002-05-19,-50.90648600536265,-27.348295456426108,-6.486130086374597,0.2714710864854843
2002-05-20,-50.26660983048127,-29.424679163612787,-4.603923954018317,0.31252093744032416
2002-05-21,-50.07973010783181,-27.927094455011563,-5.700853745108711,0.39818478008194547
2002-05-22,-50.35752187668246,-27.067631844527938,-5.059014900585775,0.6682346963731345
2002-05-23,-52.31146966001499,-26.861424929573527,-5.8266755089479085,1.385178695738066
2002-05-24,-51.98647319310554,-26.438458683113502,-4.266268411948323,0.9261391156607905
2002-05-25,-52.48412045884954,-24.835583064428324,-3.4663028323343,-0.20742914161179082
2002-05-26,-52.67593493312439,-23.351105909645295,-3.528859642180643,1.7106870766498532
2002-05-27,-52.22873506870829,-24.001018080555117,-5.2862146184157215,1.227176384324653
2002-05-28,-52.75328396079655,-23.924957955017835,-7.076698971769378,-0.12674473305991274
2002-05-29,-53.385770606135786,-23.902965305820896,-5.894398480659538,0.4769499661481307
2002-05-30,-54.4755009037302,-22.66031193708472,-6.588408874393297,-0.3584811485268369
2002-05-31,-55.6845511296753,-22.269175094048034,-7.616478758324174,-0.2651674299869342
2002-06-01,-56.47025680873032,-24.810674010510763,-7.094217294349339,-0.1545382026362369
2002-06-02,-57.74940298532493,-24.027669218144315,-6.891356186151506,-0.1884262528989603
2002-06-03,-58.940887861600864,-24.42645368474599,-7.581249402910978,-0.858975692588659
2002-06-04,-55.874005506361414,-24.26852498338652,-9.28293936200563,-1.6276373461621383
2002-06-05,-56.753700237400466,-25.613336744124698,-7.636443004442596,-1.6263960109404356
2002-06-06,-57.274321398769395,-24.733218084166573,-7.799126415613624,-1.0963264500202108
2002-06-07,-58.202000456754305,-23.418736737308365,-8.089040246648052,-0.2839773308269651
2002-06-08,-57.149560867279554,-22.75146967056755,-7.58877636603155,-0.7797229282813138
2002-06-09,-55.51447424704093,-24.02785564721409,-6.6658048993512065,-0.7323936127207008
2002-06-10,-55.87544670063002,-23.687632004823424,-8.028049685644456,-0.4499648720207973
2002-06-11,-55.22204434177039,-22.805638202549588,-7.782877864781016,1.136405546673222
2002-06-12,-54.971880233907335,-21.71779797883395,-7.2795382451810715,0.509115385442125
2002-06-13,-55.49698322705076,-20.011011306383022,-7.6910089353637465,1.7481002908238432
2002-06-14,-56.77431113715594,-20.000582755906663,-6.227327465129424,2.595850952171404
2002-06-15,-57.69534098542202,-20.205494376296024,-6.521572187772978,2.2665807422615685
2002-06-16,-56.34753690193528,-20.29640073387033,-5.083329946572128,1.4790863907361775
2002-06-17,-56.55794741748706,-20.568351734697906,-6.846145600189067,1.5774371669536764
2002-06-18,-57.85676479262928,-20.02735314566266,-7.449278488124247,1.1132904799210495
2002-06-19,-57.218736382403506,-20.545308059750212,-6.376038728325682,1.5176839008412915
2002-06-20,-56.388376583031224,-22.296434744945003,-4.346810677594671,0.9550865261889685
2002-06-21,-54.99481444277683,-22.338102991485282,-3.9500441361962966,-0.26863140027402155
2002-06-22,-54.823912744037656,-21.127033812989545,-2.8322846989752115,0.7686947936759247
2002-06-23,-55.231112893075796,-20.73720528422078,-2.010415005523526,1.0319634844334051
2002-06-24,-56.04371783752543,-20.291152404112605,-3.2746677429637363,2.298011270974089
2002-06-25,-58.300941100564195,-17.700169810149873,-3.452599060108293,2.3442671556082475
2002-06-26,-59.45846217042017,-18.267125665687253,-4.470385908355126,2.997973776735687
2002-06-27,-58.48748257687599,-17.105442307022006,-5.012536846053578,3.203140919898018
2002-06-28,-57.5524548211365,-17.217019230240727,-5.0325239814925755,3.2367508244112266
2002-06-29,-57.30743511087326,-16.669492266881328,-6.3420106512053005,1.1825297080102937
2002-06-30,-56.681260187122554,-16.204641768255296,-6.319208785753911,2.0352579182859714
2002-07-01,-56.6774092825248,-16.11098883707815,-5.684560356255101,3.435462491925419
2002-07-02,-55.319704210200584,-16.575818564298224,-5.976381843627293,3.618718452947493
2002-07-03,-54.32224342152963,-16.647400472097278,-6.5466764093372625,2.4932704947265485
2002-07-04,-54.03661556554923,-16.050048112288053,-5.373759108343137,-0.21485240890904445
2002-07-05,-52.943662374061255,-16.623842962082925,-6.483750634628265,-0.06121052461930182
2002-07-06,-53.21713598229614,-14.345638550447951,-6.692927378079446,0.635168605345231
2002-07-07,-52.70487731573859,-15.014410637412688,-7.130032899993626,0.8029632223636893
2002-07-08,-53.1586831170312,-15.0670267511028,-5.792476393585874,0.6440363868166505
2002-07-09,-52.99993880820664,-14.767048656052406,-5.510025645545269,1.5140209321013607
2002-07-10,-52.526789295077045,-15.113030398472215,-3.6331097708638618,1.4398474683025277
2002-07-11,-50.27336926573082,-15.97032697071976,-4.06782414147497,1.1550497871611773
2002-07-12,-53.69346719759717,-14.823435570398363,-3.860835530859356,0.740676582713008
2002-07-13,-55.83239312376931,-14.321330986768823,-3.4998388471579136,1.738907492472845
2002-07-14,-57.40789634021556,-13.94186684378394,-3.0212991427177,1.6342311536736365
2002-07-15,-57.82505980350751,-12.607486658979548,-2.1017941947212595,0.978885788463761
2002-07-16,-57.96163365114391,-12.2603897450141,-0.5390097231539264,1.118281481536596
2002-07-17,-56.0984232767775,-12.953740018186988,-1.080575379852169,0.56285612291134
2002-07-18,-54.43292855240297,-12.163483708261591,-0.6175477498577937,0.0636714592103404
2002-07-19,-55.9192761141633,-12.716678273056322,-1.5702842589334591,0.14903766437535068
2002-07-20,-55.07393135476635,-13.490130043419054,-3.073105013332648,-2.7952886790586184
2002-07-21,-53.97394265753887,-13.361628545783391,-1.9791185044233042,-3.1210057188726945
2002-07-22,-52.26343276816044,-11.43222442218575,-2.2518265227402487,-3.238555366105273
2002-07-23,-52.79380600634562,-11.101239201485312,-3.1535421019312504,-2.411277044240288
2002-07-24,-52.54731187687587,-10.897032917171417,-3.7252631923245145,-2.4798925593181873
2002-07-25,-52.04912683395347,-12.496250443426629,-4.745466558757235,-2.542898184479509
2002-07-26,-51.69626474860801,-12.155977749346102,-5.89869173073952,-2.6624441829843275
2002-07-27,-51.20064949743441,-13.56059540911022,-6.772391862692884,-3.1982259279634406
2002-07-28,-51.48629135990147,-13.365898881077209,-4.871527553774679,-3.8004555630137555
2002-07-29,-52.009002945924415,-14.23880030734529,-4.145165737830615,-3.148970677104458
2002-07-30,-52.61751915277785,-17.410564165902272,-5.6346675157799915,-4.108193103142863
2002-07-31,-53.13677731626275,-18.138283211151336,-6.0033765257725475,-4.404659032842198
2002-08-01,-52.90958936053266,-18.191026925418612,-7.080369515353652,-3.519176352689339
2002-08-02,-52.79046108423425,-18.636258895748007,-7.203027774030209,-4.6397570887367365
2002-08-03,-53.89736383259829,-18.27435765690792,-6.733241869800605,-1.906483023082766
2002-08-04,-55.41184918295276,-18.787681034874105,-6.633565170629892,-1.486737383633651
2002-08-05,-55.14294705033771,-19.514337872078087,-6.6581312172032066,-1.2535066769347356
2002-08-06,-56.55840242649756,-18.77995624712851,-6.998701313522094,-1.6256553637686337
2002-08-07,-56.78742911542565,-18.22659255462166,-7.292968477893837,-1.8807488703429371
2002-08-08,-56.58393412968622,-16.824166367583555,-8.739490866709902,-1.4791734205420413
2002-08-09,-55.17026537246244,-16.420125267452118,-8.984140215544324,-1.049440185963448
2002-08-10,-56.266921693404896,-18.754269072851706,-7.743754288785754,0.37036546684407323
2002-08-11,-57.43911998353788,-18.193731672505987,-7.207701872856512,1.5780509532256088
2002-08-12,-55.67438415760408,-18.340320127111777,-5.486169854234573,1.4244986480443864
2002-08-13,-55.689437543549246,-16.919768707356884,-5.334910639679846,0.9184938264104651
2002-08-14,-56.3951140526618,-17.409070927742004,-7.794621243344906,-0.1739465087000157
2002-08-15,-55.73146642504513,-17.447841857301402,-7.534157126171247,-0.2354319185897221
2002-08-16,-56.84861869548361,-17.11158730272593,-7.677078476467429,0.8013523035373299
2002-08-17,-56.173444631183585,-17.154191996684503,-8.148363915776036,2.240911009126293
2002-08-18,-56.16262825257324,-16.457014430773476,-7.491282121161644,1.5501312834802268
2002-08-19,-57.102527052412086,-15.864404962765505,-8.41724202470902,2.574831706393452
2002-08-20,-57.6937114056545,-15.191886251263703,-11.317018466585775,3.932437309461454
2002-08-21,-58.57399069456674,-14.806001529112702,-10.32200113036035,1.9753687212865862
2002-08-22,-57.59047806651396,-13.697315661473281,-11.368396989602413,2.202143051294516
2002-08-23,-56.643071090333486,-12.380314185236609,-13.74567501392774,3.7964267606082114
2002-08-24,-56.20230110426682,-12.962666051655312,-13.376558799776316,2.6491422064550534
2002-08-25,-55.95413555753756,-13.128789286711871,-13.244003536483117,4.05571966643733
2002-08-26,-56.470809118221396,-13.013430816152491,-14.363570044022376,2.332036691284599
2002-08-27,-56.142821556026036,-10.933655090444962,-14.456245919109731,3.920377236599016
2002-08-28,-57.58424343397447,-9.703031559563223,-15.321336765324345,3.3990944143316626
2002-08-29,-56.554626883957184,-9.994662384962746,-14.348459058143888,0.4144850136047098
2002-08-30,-57.72471322854738,-10.909157454792076,-13.45847767823974,0.5186665501812313
2002-08-31,-57.88024755895655,-11.1316920753344,-13.997658850063557,0.74470029061371
2002-09-01,-55.60479390705439,-9.337852855428551,-15.190672988112519,0.17138853898269435
2002-09-02,-54.83672715885016,-10.261618016361883,-16.499346330833987,0.46320924536386726
2002-09-03,-53.45022790918162,-10.848504779569133,-15.647875660957862,-1.28758916249554
2002-09-04,-54.59031732721729,-11.876242538109375,-14.58245801271058,-2.1852361862405396
2002-09-05,-54.68115629606427,-11.451132462450461,-15.754826926590637,-1.970010652314994
2002-09-06,-53.384155917963916,-11.915928174247703,-14.210138177549409,-1.7557387251232524
2002-09-07,-52.45735842818764,-11.749442651588113,-14.178665036753245,-0.8897189470526808
2002-09-08,-52.29194022839462,-12.355192653394006,-16.163177066365144,0.16052785097431677
2002-09-09,-53.56432566887568,-13.22665200581358,-15.491634283737989,1.4276266089768566
2002-09-10,-53.57012684726471,-12.707536007771322,-16.705492681894917,0.4244692943683879
2002-09-11,-54.44844854538749,-14.153298755258934,-16.797457916281612,0.9324626354899379
2002-09-12,-54.222170660617785,-14.22784298843093,-15.584239287739118,0.03421566450715152
2002-09-13,-54.35317550416288,-14.319639143267539,-14.024336893476635,1.3692104043128372
2002-09-14,-54.55329654917551,-15.404577083259708,-13.875925157661078,0.8084239120663816
2002-09-15,-54.69735321664319,-15.190898988312371,-13.829085511716944,0.26907924252104654
2002-09-16,-55.73428768006606,-15.275302037649004,-14.176360268575195,1.0035900523716992
2002-09-17,-55.844296296653226,-14.392555933552796,-15.599138344580146,0.7814629537801056
2002-09-18,-57.27543454012052,-16.091976697536175,-15.537415437484023,-0.25556225114396314
2002-09-19,-57.75845986663006,-15.25624176327497,-15.026380666801213,0.9011005365197441
2002-09-20,-57.39029070590761,-14.161147110643283,-14.527853196466687,1.2410652739192456
2002-09-21,-56.35894448364915,-12.403703248115727,-14.526131612308411,0.2646962383032374
2002-09-22,-56.7169680617492,-13.08397473721157,-13.327553770050864,-0.8231771014516744
2002-09-23,-56.67199862538533,-13.784119274747164,-14.062121589871847,-0.5058184260488554
2002-09-24,-58.05110888613497,-12.876772395221165,-13.139177046882692,1.5183101519851938
2002-09-25,-58.081552273944546,-12.608995180316292,-13.770732684465425,-0.21606950576056905
2002-09-26,-59.15889912776994,-12.46940518092851,-14.654253496316183,-0.294146304292914
