itemcode,etfTabCode,itemname,nowVal,risefall,changeVal,changeRate,nav,threeMonthEarnRate,quant,amonut,marketSum
069500,1,KODEX 200,38595,5,-400,-1.03,38604.0,-10.3399,694077,26883,52933
371460,4,TIGER 차이나전기차SOLACTIVE,19565,5,-70,-0.36,,10.0616,448092,8772,23149
252670,3,KODEX 200선물인버스2X,2325,2,45,1.97,2326.0,22.252,51724896,119297,21881
102110,1,TIGER 200,38605,5,-405,-1.04,38622.0,-10.3116,122483,4746,20750
153130,6,KODEX 단기채권,102950,2,5,0.0,102947.0,0.0875,958,98,20148
122630,3,KODEX 레버리지,22635,5,-465,-2.01,22650.0,-19.8474,5310870,121010,17565
102780,2,KODEX 삼성그룹,9705,5,-115,-1.17,9720.0,-8.9054,50993,496,16207
214980,6,KODEX 단기채권PLUS,103225,2,5,0.0,103225.0,0.0581,147989,15276,16076
157450,6,TIGER 단기통안채,100395,3,0,0.0,100395.0,0.1396,520,52,16033
133690,4,TIGER 미국나스닥100,86450,5,-345,-0.4,,12.4214,58920,5095,15993
278540,1,KODEX MSCI Korea TR,12350,5,-160,-1.28,12373.0,-10.4831,292507,3626,15191
273130,6,KODEX 종합채권(AA-이상)액티브,107580,2,205,0.19,107595.0,-2.2264,226,24,15096
310970,1,TIGER MSCI Korea TR,15545,5,-160,-1.02,15532.0,-10.5893,749,11,13602
305720,2,KODEX 2차전지산업,23280,5,-145,-0.62,23341.0,11.6805,2444376,57360,13083
305540,2,TIGER 2차전지테마,22955,5,-85,-0.37,23027.0,13.8621,645465,14914,12774
278530,1,KODEX 200TR,12665,5,-150,-1.17,12679.0,-10.2906,16372,207,12462
292150,2,TIGER TOP10,13310,5,-215,-1.59,13315.0,-10.2522,70387,939,12378
114800,3,KODEX 인버스,4145,2,45,1.1,4145.0,10.8108,10785888,44520,11793
148020,1,KBSTAR 200,38690,5,-405,-1.04,38751.0,-10.2771,12862,499,10524
139260,2,TIGER 200 IT,34670,5,-500,-1.42,34724.0,-10.4064,76207,2654,9486
381170,4,TIGER 미국테크TOP10 INDXX,13000,5,-35,-0.27,,14.8458,449577,5842,8593
360750,4,TIGER 미국S&P500,13955,2,15,0.11,,10.0149,173496,2420,7926
091180,2,KODEX 자동차,21690,5,-170,-0.78,21728.0,-6.7407,36225,786,7808
152100,1,ARIRANG 200,39285,5,-320,-0.81,39265.0,-10.1622,3406,133,7661
233740,1,KODEX 코스닥150 레버리지,15195,5,-595,-3.77,15362.0,-1.4358,2888411,44766,7187
394670,4,TIGER 글로벌리튬&2차전지SOLACTIVE(합성),12520,5,-60,-0.48,,14.1043,235593,2948,7161
105190,1,KINDEX 200,38875,5,-350,-0.89,38865.0,-10.2916,738,28,6725
381180,4,TIGER 미국필라델피아반도체나스닥,11960,2,95,0.8,,11.6705,383324,4582,6267
293180,1,HANARO 200,38620,5,-390,-1.0,38633.0,-10.3343,7887,305,5909
364980,2,TIGER KRX2차전지K-뉴딜,17550,5,-185,-1.04,17561.0,1.4008,308495,5443,5651
069660,1,KOSEF 200,38580,5,-420,-1.08,38621.0,-10.3346,558,21,5536
314250,4,KODEX 미국FANG플러스(H),31380,5,-370,-1.17,,11.56,84406,2650,4848
251340,3,KODEX 코스닥150선물인버스,4280,2,80,1.9,4286.0,-1.6394,9529369,40381,4802
315930,2,KODEX Top5PlusTR,18045,5,-180,-0.99,18010.0,-8.532,619,11,4692
294400,1,KOSEF 200TR,46040,5,-500,-1.07,46088.0,-10.293,1044,48,4650
360200,4,KINDEX 미국S&P500,14045,3,0,0.0,,10.2692,90489,1271,4424
196230,6,KBSTAR 단기통안채,104650,2,15,0.01,104656.0,0.1243,171587,17957,3780
364960,2,TIGER KRX BBIG K-뉴딜,11785,5,-360,-2.96,11806.0,-11.8651,150398,1783,3759
385540,6,KBSTAR KIS종합채권(A-이상)액티브,99355,2,240,0.24,99293.0,-2.1425,1,0,3758
226490,1,KODEX 코스피,29550,5,-370,-1.24,29569.0,-9.0163,7671,227,3694
251350,4,KODEX 선진국MSCI World,21435,5,-20,-0.09,,7.8411,5965,127,3558
229200,1,KODEX 코스닥 150,14530,5,-270,-1.82,14699.0,-0.5377,711550,10411,3465
332500,1,KINDEX 200TR,23650,5,-215,-0.9,23632.0,-10.3831,92,2,3429
091170,2,KODEX 은행,7310,5,-90,-1.22,7313.0,0.8174,583996,4265,3406
290130,2,KBSTAR ESG사회책임투자,12625,5,-100,-0.79,12636.0,-9.8158,42385,535,3289
371160,4,TIGER 차이나항셍테크,8200,5,-130,-1.56,,-2.8005,75519,619,3255
367770,2,KBSTAR Fn수소경제테마,11800,5,-125,-1.05,11812.0,-4.5237,47101,556,3245
367380,4,KINDEX 미국나스닥100,14845,5,-45,-0.3,,12.3264,76525,1135,3147
143850,4,TIGER 미국S&P500선물(H),54805,2,95,0.17,,6.4396,28429,1558,2836
275980,4,TIGER 글로벌4차산업혁신기술(합성 H),19680,5,-35,-0.18,,2.4954,7212,141,2598
357870,7,TIGER CD금리투자KIS(합성),50490,2,15,0.03,50474.0,0.1885,11,0,2577
272560,6,KBSTAR 단기국공채액티브,102175,2,30,0.03,102166.0,0.044,1339,136,2554
385550,6,KBSTAR KIS단기종합채권(AA-이상)액티브,100095,2,5,0.0,100088.0,0.0799,6,0,2547
332940,1,HANARO MSCI Korea TR,15495,5,-210,-1.34,15520.0,-10.5638,9,0,2510
295040,1,SOL 200TR,13225,5,-90,-0.68,13195.0,-10.3066,7566,100,2440
108450,2,KINDEX 삼성그룹섹터가중,16140,5,-190,-1.16,16172.0,-8.1553,2664,43,2373
132030,5,KODEX 골드선물(H),12260,2,110,0.91,,-0.978,48153,590,2305
192090,4,TIGER 차이나CSI300,11860,5,-60,-0.5,,2.8472,8671,102,2301
091160,2,KODEX 반도체,33320,5,-540,-1.59,33339.0,-13.1907,37614,1257,2299
245710,4,KINDEX 베트남VN30(합성),23350,5,-100,-0.43,,8.4142,9667,225,2288
168580,4,KINDEX 중국본토CSI300,31440,5,-390,-1.23,,2.4625,162,5,2232
148070,6,KOSEF 국고채10년,118665,2,360,0.3,118632.0,-3.4994,1130,134,2195
161510,2,ARIRANG 고배당주,12500,5,-85,-0.68,12496.0,0.0397,39796,498,2081
326240,2,KBSTAR IT플러스,21375,5,-245,-1.13,21445.0,-7.1705,1234,26,2048
332930,1,HANARO 200TR,46105,5,-490,-1.05,46116.0,-10.2649,12,0,1983
329750,6,TIGER 미국달러단기채권액티브,10130,5,-15,-0.15,,3.6791,12711,128,1920
261220,5,KODEX WTI원유선물(H),12545,2,440,3.63,,17.3533,123040,1538,1919
272580,6,TIGER 단기채권액티브,50200,2,10,0.02,50193.0,0.1296,902,45,1906
190620,6,KINDEX 단기통안채,100550,2,5,0.0,100547.0,0.1543,103,10,1844
379810,4,KODEX 미국나스닥100TR,12705,5,-45,-0.35,,12.2853,130223,1654,1842
400970,2,TIGER Fn메타버스,12045,2,75,0.63,12092.0,,480493,5768,1759
390950,6,HANARO 단기채권액티브,100225,3,0,0.0,100231.0,0.1248,0,0,1748
325020,2,KODEX 배당가치,12815,5,-100,-0.77,12816.0,-5.7644,268,3,1743
379800,4,KODEX 미국S&P500TR,12225,2,5,0.04,,10.239,90926,1111,1736
182480,7,TIGER 미국MSCI리츠(합성 H),15720,2,95,0.61,,4.3127,4325,68,1729
302450,1,KBSTAR 코스피,29585,5,-355,-1.19,29579.0,-9.1764,32,0,1672
394660,4,TIGER 글로벌자율주행&전기차SOLACTIVE,12125,5,-10,-0.08,,14.7517,103636,1258,1649
278240,1,KBSTAR 코스닥150선물레버리지,15655,5,-610,-3.75,15628.0,-0.6111,8927,142,1622
270810,1,KBSTAR 코스닥150,14475,5,-295,-2.0,14636.0,-0.371,2274,33,1586
232080,1,TIGER 코스닥150,14750,5,-305,-2.03,14909.0,-0.4299,9223,137,1572
372330,4,KODEX 차이나항셍테크,8215,5,-135,-1.62,,-2.9634,49035,402,1553
385560,6,KBSTAR KIS국고채30년Enhanced,99010,2,1215,1.24,99031.0,-9.8714,308,30,1545
368590,4,KBSTAR 미국나스닥100,14390,5,-60,-0.42,,12.3639,40514,583,1525
401470,2,KODEX K-메타버스액티브,12590,2,15,0.12,12606.0,,412374,5178,1460
143860,2,TIGER 헬스케어,35830,5,-1820,-4.83,36000.0,-15.7624,24150,875,1448
228800,2,TIGER 여행레저,5375,2,155,2.97,5376.0,-4.5704,1019337,5506,1411
150460,2,TIGER 중국소비테마,8375,2,45,0.54,8392.0,-8.6623,2909,24,1410
252710,3,TIGER 200선물인버스2X,2420,2,50,2.11,2419.0,22.4806,2645192,6345,1362
138540,2,TIGER 현대차그룹+펀더멘털,24860,5,-190,-0.76,24884.0,-7.5987,7756,193,1347
219480,4,KODEX 미국S&P500선물(H),22580,2,55,0.24,,6.5263,11036,249,1344
091230,2,TIGER 반도체,34205,5,-630,-1.81,34247.0,-12.9125,15008,517,1320
267770,3,TIGER 200선물레버리지,17010,5,-370,-2.13,17027.0,-20.1837,270683,4668,1259
322400,2,HANARO e커머스,18580,5,-55,-0.3,18626.0,-9.2967,5342,99,1208
309230,2,KINDEX 미국WideMoat가치주,18450,2,45,0.24,,6.1418,128001,2360,1199
204480,4,TIGER 차이나CSI300레버리지(합성),31445,5,-280,-0.88,,4.3585,4230,132,1163
395750,2,ARIRANG ESG가치주액티브,9200,5,-80,-0.86,9212.0,-8.391,322,2,1159
261240,7,KODEX 미국달러선물,10465,5,-20,-0.19,10472.0,3.4533,26083,272,1156
367760,2,KBSTAR Fn5G테크,9905,5,-20,-0.2,9920.0,-14.5134,17603,174,1144
273140,6,KODEX 단기변동금리부채권액티브,102790,5,-5,0.0,102791.0,0.1558,11,1,1142
130730,6,KOSEF 단기자금,101265,3,0,0.0,101267.0,0.1037,93012,9419,1117
329200,2,TIGER 부동산인프라고배당,5930,5,-5,-0.08,5948.0,3.0024,56071,332,1109
298770,4,KODEX 한국대만IT프리미어,19665,5,-65,-0.33,,-5.3036,2324,45,1101
228810,2,TIGER 미디어컨텐츠,10260,2,80,0.79,10261.0,16.21,220993,2253,1093
114260,6,KODEX 국고채3년,57455,2,65,0.11,57421.0,-1.1029,163,9,1065
139220,2,TIGER 200 건설,3115,5,-35,-1.11,3123.0,-5.5473,172940,539,1053
325010,2,KODEX Fn성장,17435,2,25,0.14,17154.0,-9.2047,277,4,1046
225040,4,TIGER 미국S&P500레버리지(합성 H),37110,2,110,0.3,,11.8838,7596,281,1039
328370,1,ARIRANG 코스피TR,14835,5,-155,-1.03,14817.0,-8.9584,5,0,1031
329650,7,KODEX TRF3070,11515,2,25,0.22,11486.0,0.657,9555,110,1025
283580,4,KODEX 차이나CSI300,14360,5,-130,-0.9,,2.8753,1449,20,1005
144600,5,KODEX 은선물(H),4945,2,50,1.02,,-6.4054,32271,159,1004
136340,6,KBSTAR 중기우량회사채,103990,2,10,0.01,104050.0,-1.1832,47,4,978
157490,2,TIGER 소프트웨어,17240,5,-160,-0.92,17279.0,-10.0311,40999,712,976
364970,2,TIGER KRX바이오K-뉴딜,8270,5,-615,-6.92,8292.0,-17.1562,402744,3373,910
117700,2,KODEX 건설,3510,5,-25,-0.71,3517.0,-7.9428,111059,389,906
371470,4,TIGER 차이나바이오테크SOLACTIVE,10675,5,-140,-1.29,,-17.1265,10338,110,901
122260,6,KOSEF 통안채1년,101180,2,45,0.04,101188.0,-0.1038,6,0,901
304940,4,KODEX 미국나스닥100선물(H),20685,5,-50,-0.24,,8.3616,7539,156,900
139280,2,TIGER 경기방어,10920,5,-255,-2.28,10931.0,-10.6358,3894,42,889
306520,3,HANARO 200선물인버스,9545,2,95,1.01,9544.0,10.8504,1468,13,854
195930,4,TIGER 유로스탁스50(합성 H),14810,2,5,0.03,,5.0,1968,29,844
387270,4,TIGER 글로벌BBIG액티브,12685,5,-55,-0.43,,9.2624,24945,316,844
266160,2,KBSTAR 고배당,12250,5,-45,-0.37,12260.0,-4.9479,6213,76,790
174360,4,KBSTAR 중국본토대형주CSI100,21150,5,-230,-1.08,,4.2926,991,20,783
195980,4,ARIRANG 신흥국MSCI(합성 H),12125,3,0,0.0,,-2.9612,4776,57,754
227830,1,ARIRANG 코스피,30200,5,-360,-1.18,30163.0,-8.4208,181,5,740
385510,2,KODEX K-신재생에너지액티브,12100,2,55,0.46,12110.0,11.065,18745,227,732
387280,2,TIGER 퓨처모빌리티액티브,11565,5,-30,-0.26,11569.0,4.3654,23492,273,722
245340,4,TIGER 미국다우존스30,21785,2,110,0.51,,7.5682,2546,55,719
376410,2,TIGER 탄소효율그린뉴딜,9440,5,-85,-0.89,9453.0,-9.0953,6518,61,708
123310,3,TIGER 인버스,4590,2,45,0.99,4594.0,10.8536,62347,285,707
385520,2,KODEX K-미래차액티브,10990,2,30,0.27,11009.0,0.137,20346,223,703
404540,2,TIGER KRX기후변화솔루션,9865,5,-130,-1.3,9902.0,,10622,105,691
305080,6,TIGER 미국채10년선물,12090,2,25,0.21,,1.0892,8474,102,689
114820,6,TIGER 국채3년,109265,2,95,0.09,109297.0,-1.1455,112,12,688
130680,5,TIGER 원유선물Enhanced(H),3800,2,140,3.83,,17.3076,83519,316,654
396510,4,TIGER 차이나클린에너지SOLACTIVE,11020,5,-100,-0.9,,,17147,189,652
256750,4,KODEX 차이나심천ChiNext(합성),15120,5,-10,-0.07,,-0.2308,680,10,650
302190,6,TIGER 중장기국채,51600,2,50,0.1,51673.0,-2.2935,58,2,650
365000,2,TIGER KRX인터넷K-뉴딜,11830,5,-145,-1.21,11848.0,-6.9903,19797,235,645
363510,6,SOL KIS단기통안채,100500,3,0,0.0,100495.0,0.1594,0,0,633
277630,1,TIGER 코스피,29900,5,-300,-0.99,29878.0,-8.9539,301,9,628
245360,4,TIGER 차이나HSCEI,11000,5,-175,-1.57,,-0.9309,1052,11,627
233160,1,TIGER 코스닥150 레버리지,16215,5,-645,-3.83,16363.0,-1.0854,28550,469,624
379780,4,KBSTAR 미국S&P500,12130,3,0,0.0,,10.0226,17973,217,619
368190,2,HANARO Fn K-뉴딜디지털플러스,11980,5,-315,-2.56,12002.0,-10.1572,5750,69,617
354350,4,HANARO 글로벌럭셔리S&P(합성),20275,2,220,1.1,,8.9945,17515,355,598
139230,2,TIGER 200 중공업,3435,5,-25,-0.72,3433.0,-7.2387,136626,469,596
200250,4,KOSEF 인도Nifty50(합성),19475,2,45,0.23,,13.8921,6735,131,594
395760,2,ARIRANG ESG성장주액티브,9410,5,-70,-0.74,9406.0,-6.555,10,0,574
102970,2,KODEX 증권,7870,5,-65,-0.82,7887.0,-4.5701,41853,330,551
315960,2,KBSTAR 대형고배당10TR,15350,5,-145,-0.94,15330.0,-8.9868,5538,84,545
371450,4,TIGER 글로벌클라우드컴퓨팅INDXX,13265,5,-235,-1.74,,15.3846,12235,162,541
385720,1,TIMEFOLIO Kstock액티브,10380,5,-20,-0.19,10389.0,-0.1441,88,0,540
363580,2,KODEX 200IT TR,13100,5,-170,-1.28,13130.0,-10.1558,10,0,537
266360,2,KODEX 미디어&엔터테인먼트,25375,5,-175,-0.68,25400.0,-2.3319,12988,331,533
289260,2,TIGER MSCI KOREA ESG리더스,11150,5,-95,-0.84,11163.0,-8.3164,47926,534,518
337160,2,KODEX 200ESG,13850,5,-145,-1.04,13868.0,-9.7097,158,2,512
114460,6,KINDEX 국고채3년,105355,3,0,0.0,105405.0,-1.0752,3,0,506
388280,2,KBSTAR Fn컨택트대표,10175,2,115,1.14,10189.0,1.7189,26719,271,501
336160,6,KBSTAR 금융채액티브,102095,2,90,0.09,102065.0,-1.0477,1,0,500
117680,2,KODEX 철강,8385,5,-140,-1.64,8404.0,-16.626,74186,624,493
404260,2,KODEX KRX기후변화솔루션,9845,5,-85,-0.86,9862.0,,3729,36,492
363570,6,KODEX 장기종합채권(AA-이상)액티브KAP,93940,3,0,0.0,94732.0,-4.1869,0,0,492
099140,4,KODEX 차이나H,18810,5,-190,-1.0,,-0.8092,1045,19,489
219390,4,KBSTAR 미국S&P원유생산기업(합성 H),4885,2,135,2.84,,30.1369,96459,471,489
266370,2,KODEX IT,19790,5,-230,-1.15,19820.0,-7.8482,673,13,475
256440,4,KINDEX 인도네시아MSCI(합성),9295,5,-45,-0.48,,16.8961,3236,30,474
356540,6,KINDEX KIS종합채권(AA-이상)액티브,97110,5,-10,-0.01,97376.0,-2.2643,1,0,471
228790,2,TIGER 화장품,3135,5,-35,-1.1,3139.0,-15.1272,91561,287,460
304780,1,HANARO 200선물레버리지,24700,5,-515,-2.04,24679.0,-20.2814,165,4,457
375770,2,KODEX 탄소효율그린뉴딜,9460,5,-60,-0.63,9469.0,-9.2037,975,9,454
292190,1,KODEX KRX300,18000,5,-185,-1.02,17987.0,-9.2112,1486,26,450
361580,1,KBSTAR 200TR,19865,5,-205,-1.02,19880.0,-10.3017,1318,26,437
341850,7,TIGER KIS부동산인프라채권TR,5710,5,-35,-0.61,5730.0,1.9339,1445,8,434
203780,4,TIGER 미국나스닥바이오,21540,5,-690,-3.1,,-0.3586,7056,151,431
391600,4,KINDEX 미국친환경그린테마INDXX,11720,5,-85,-0.72,,19.4233,38227,449,410
269540,4,ARIRANG 미국S&P500(H),19385,2,50,0.26,,7.1784,7024,136,407
243880,2,TIGER 200IT레버리지,53350,5,-1565,-2.85,53566.0,-20.8033,1906,102,400
204450,4,KODEX 차이나H레버리지(H),4620,5,-40,-0.86,,-10.0387,20865,96,397
280930,4,KODEX 미국러셀2000(H),15800,2,160,1.02,,9.6389,18239,288,379
326230,2,KBSTAR 내수주플러스,10065,5,-80,-0.79,10092.0,-9.2171,2,0,376
396500,2,TIGER Fn반도체TOP10,8505,5,-160,-1.85,8527.0,,86132,736,374
276970,4,KODEX 미국S&P고배당커버드콜(합성 H),10390,2,15,0.14,,1.5762,2133,22,374
139270,2,TIGER 200 금융,6840,5,-95,-1.37,6859.0,-1.0135,17855,122,372
276650,4,KBSTAR 글로벌4차산업IT(합성 H),24685,2,35,0.14,,4.5155,12525,310,370
396520,4,TIGER 차이나반도체FACTSET,9730,5,-90,-0.92,,,10277,99,370
304770,1,HANARO 코스닥150,14540,5,-300,-2.02,14701.0,-0.4695,11,0,369
123320,3,TIGER 레버리지,21495,5,-445,-2.03,21486.0,-20.1747,16697,360,365
400570,4,KODEX 유럽탄소배출권선물ICE(H),9615,5,-50,-0.52,,,25413,244,364
252420,3,KBSTAR 200선물인버스2X,2320,2,50,2.2,2323.0,21.7158,190477,439,355
138230,7,KOSEF 미국달러선물,12430,5,-30,-0.24,12443.0,3.5743,3292,40,352
385600,2,네비게이터 친환경자동차밸류체인액티브,11170,2,5,0.04,11152.0,2.7611,207,2,346
279530,2,KODEX 고배당,10130,5,-50,-0.49,10139.0,1.9529,621,6,344
364990,2,TIGER KRX게임K-뉴딜,11870,5,-100,-0.84,11906.0,-4.5455,23962,285,338
385710,2,TIMEFOLIO BBIG액티브,11510,5,-240,-2.04,11521.0,3.6612,9588,110,334
282000,3,KBSTAR 국고채3년선물인버스,101045,5,-140,-0.14,101029.0,1.3623,1,0,333
114470,6,KOSEF 국고채3년,110990,2,175,0.16,110960.0,-1.2256,21,2,333
310960,1,TIGER 200TR,20660,5,-210,-1.01,20652.0,-10.2945,173,3,331
385590,2,네비게이터 ESG액티브,9360,5,-50,-0.53,9340.0,-7.6999,141,1,328
359210,1,KODEX 코스피TR,13635,5,-130,-0.94,13623.0,-9.4706,54,0,327
287180,4,ARIRANG 미국나스닥기술주,26720,5,-60,-0.22,,11.0512,1758,46,321
332620,6,ARIRANG 미국장기우량회사채,104705,2,100,0.1,,1.6618,256,26,319
337140,2,KODEX 코스피대형주,13640,5,-125,-0.91,13653.0,-10.3258,122,1,314
169950,4,KODEX 차이나A50,22345,5,-115,-0.51,,5.4955,448,10,313
272570,6,KBSTAR 중장기국공채액티브,101975,3,0,0.0,102129.0,-1.815,0,0,311
244580,2,KODEX 바이오,12895,5,-525,-3.91,12976.0,-12.4593,18576,242,309
390390,4,KODEX 미국반도체MV,11870,2,10,0.08,,12.684,20772,246,309
225800,3,KOSEF 미국달러선물레버리지,9595,5,-25,-0.26,9602.0,6.8888,41554,398,304
217780,4,TIGER 차이나CSI300인버스(합성),7480,2,45,0.61,,-3.2531,93,0,299
236350,4,TIGER 인도니프티50레버리지(합성),27160,2,155,0.57,,27.0524,273,7,299
227540,2,TIGER 200 헬스케어,21750,5,-1125,-4.92,21756.0,-12.7075,17651,387,296
319640,4,TIGER 골드선물(H),13120,2,130,1.0,,-0.764,7931,104,289
381560,2,HANARO Fn전기&수소차,9930,5,-70,-0.7,9927.0,-5.5713,18893,187,288
181480,7,KINDEX 미국다우존스리츠(합성 H),99795,5,-300,-0.3,,4.0921,1249,124,279
137610,5,TIGER 농산물선물Enhanced(H),6520,5,-25,-0.38,,0.5376,2747,17,274
213630,4,ARIRANG 미국다우존스고배당주(합성 H),15825,2,170,1.09,,2.2534,2325,36,274
354500,1,KINDEX 코스닥150,14830,5,-130,-0.87,14699.0,0.268,31,0,267
277540,4,KINDEX S&P아시아TOP50,14750,5,-55,-0.37,,-0.8705,509,7,266
252410,3,KBSTAR 200선물인버스,5345,2,40,0.75,5356.0,10.8672,2569,13,262
239660,6,ARIRANG 우량회사채50 1년,108410,2,25,0.02,108424.0,-0.175,168,18,260
152870,1,파워 200,39565,5,-340,-0.85,39533.0,-9.984,28,1,257
331910,2,KOSEF Fn중소형,24185,5,-65,-0.27,24148.0,-9.4474,8,0,256
266420,2,KODEX 헬스케어,15680,5,-765,-4.65,15770.0,-15.8609,8898,140,251
253250,3,KOSEF 200선물레버리지,20300,5,-435,-2.1,20302.0,-20.4031,748,15,248
160580,5,TIGER 구리실물,10500,5,-120,-1.13,,5.7242,5237,54,247
252400,3,KBSTAR 200선물레버리지,20560,5,-470,-2.23,20612.0,-20.341,3287,68,247
218420,4,KODEX 미국S&P에너지(합성),8095,2,115,1.44,,21.5536,15430,125,246
248270,4,TIGER S&P글로벌헬스케어(합성),18600,5,-200,-1.06,,4.4154,1454,26,242
250780,3,TIGER 코스닥150선물인버스,4390,2,85,1.97,4391.0,-1.6,205041,892,239
261250,7,KODEX 미국달러선물레버리지,10075,5,-30,-0.3,10086.0,6.7617,28588,287,238
365040,1,TIGER AI코리아그로스액티브,13050,5,-120,-0.91,13047.0,-8.9527,226,2,235
114100,6,KBSTAR 국고채3년,111485,2,45,0.04,111505.0,-1.0434,57,6,234
176950,6,KODEX 국채선물10년인버스,47920,5,-150,-0.31,47926.0,3.7108,9,0,233
292160,1,TIGER KRX300,17910,5,-140,-0.78,17936.0,-9.4649,224,4,233
332610,6,ARIRANG 미국단기우량회사채,100090,5,-180,-0.18,,3.116,278,27,230
230480,3,KOSEF 미국달러선물인버스2X,7780,2,25,0.32,7774.0,-7.1258,50,0,230
266410,2,KODEX 필수소비재,8795,5,-20,-0.23,8800.0,-10.9596,1504,13,229
304660,6,KODEX 미국채울트라30년선물(H),12640,2,130,1.04,,-2.2657,3417,43,228
322410,2,HANARO 고배당,11035,5,-30,-0.27,11048.0,-2.8108,68,0,226
168300,1,KTOP 코스피50,27325,5,-270,-0.98,27304.0,-10.3913,17,0,225
276990,4,KODEX 글로벌4차산업로보틱스(합성),19940,5,-215,-1.07,,12.0967,8679,173,223
225130,4,KINDEX 골드선물 레버리지(합성 H),17145,2,345,2.05,,-2.8341,6718,115,223
285690,2,FOCUS ESG리더스,11100,5,-50,-0.45,11126.0,-7.6987,69,0,216
329660,7,KODEX TRF5050,12620,5,-5,-0.04,12664.0,2.7257,25699,324,215
237370,7,KODEX 배당성장채권혼합,11895,5,-60,-0.5,11946.0,-2.0082,588,7,214
377990,2,TIGER Fn신재생에너지,10105,5,-35,-0.35,10125.0,-2.6872,10955,110,212
397410,6,KBSTAR 국채선물5년추종인버스,51005,5,-105,-0.21,50993.0,,1,0,211
210780,2,TIGER 코스피고배당,15245,5,-95,-0.62,15246.0,3.0844,965,14,210
329670,7,KODEX TRF7030,13845,3,0,0.0,13849.0,5.0853,1877,25,208
138520,2,TIGER 삼성그룹펀더멘털,11520,5,-85,-0.73,11532.0,-10.5933,690,7,207
227570,2,TIGER 우량가치,12210,5,-70,-0.57,12213.0,-4.9168,25,0,201
152380,6,KODEX 국채선물10년,68385,2,260,0.38,68376.0,-3.6218,233,15,201
371130,4,KINDEX 블룸버그베트남VN30선물레버리지(H),22280,2,175,0.79,,8.1193,589,13,201
138910,5,KODEX 구리선물(H),8005,2,115,1.46,,-0.8794,8699,69,200
278620,6,ARIRANG 단기채권액티브,105825,3,0,0.0,105853.0,-0.1981,0,0,200
211900,2,KODEX 배당성장,15330,5,-115,-0.74,15331.0,-4.0386,403,6,199
404120,2,TIMEFOLIO 탄소중립액티브,9880,5,-60,-0.6,9888.0,,1310,12,198
352560,7,KODEX 다우존스미국리츠(H),15000,2,75,0.5,,3.7899,11999,179,195
238720,4,KINDEX 일본Nikkei225(H),19485,5,-10,-0.05,,7.4696,71,1,195
388420,2,KBSTAR 비메모리반도체액티브,9650,5,-105,-1.08,9657.0,-8.0151,8384,81,193
368680,2,KODEX Fn K-뉴딜디지털플러스,12050,5,-225,-1.83,12020.0,-10.0733,194,2,193
337150,2,KODEX 200exTOP,13680,3,0,0.0,13516.0,-8.311,0,0,192
140710,2,KODEX 운송,5885,2,35,0.6,5892.0,-15.2174,39674,234,188
117460,2,KODEX 에너지화학,19160,5,-165,-0.85,19183.0,-2.325,1921,36,188
143460,2,KINDEX 밸류대형,9385,5,-60,-0.64,9390.0,-8.301,11,0,188
292730,1,FOCUS KRX300,18220,3,0,0.0,18067.0,-9.3758,0,0,182
400590,4,SOL 글로벌탄소배출권선물IHS(합성),10090,5,-75,-0.74,,,3823,38,182
139250,2,TIGER 200 에너지화학,19540,5,-230,-1.16,19553.0,-4.8376,49194,961,180
306950,3,KODEX KRX300레버리지,17885,5,-280,-1.54,18011.0,-18.8701,1663,29,179
289040,2,KODEX MSCI KOREA ESG유니버설,11670,5,-35,-0.3,11605.0,-9.7533,15,0,175
280320,4,KINDEX 미국IT인터넷S&P(합성 H),21515,2,130,0.61,,1.0155,146,3,172
211560,2,TIGER 배당성장,18995,5,-75,-0.39,18990.0,-4.6262,477,9,171
300640,2,KBSTAR 게임테마,20045,3,0,0.0,20066.0,25.3595,26558,529,170
091220,2,TIGER 은행,7620,5,-115,-1.49,7628.0,1.0318,183754,1398,169
225050,4,TIGER 유로스탁스레버리지(합성 H),11140,2,75,0.68,,8.4803,146,1,167
390400,4,KODEX 미국스마트모빌리티S&P,10400,5,-10,-0.1,,12.419,2979,31,166
140700,2,KODEX 보험,6635,5,-45,-0.67,6634.0,-1.3294,29122,193,166
276000,4,TIGER 글로벌자원생산기업(합성 H),13730,5,-5,-0.04,,3.193,174,2,165
241180,4,TIGER 일본니케이225,18300,3,0,0.0,,7.2056,964,17,165
395290,2,HANARO Fn K-POP&미디어,11335,2,35,0.31,11391.0,14.8957,79958,905,164
360140,2,KODEX 200롱코스닥150숏선물,10255,5,-20,-0.19,10373.0,-11.5369,72,0,164
292500,1,SOL KRX300,18140,5,-40,-0.22,18012.0,-9.2588,10,0,163
237350,1,KODEX 코스피100,29645,5,-260,-0.87,29660.0,-10.4909,255,7,163
316670,1,KOSEF 코스닥150,7225,5,-155,-2.1,7313.0,-0.8065,7049,51,160
245350,4,TIGER 유로스탁스배당30,13305,5,-35,-0.26,,4.048,362,4,160
304760,1,HANARO KRX300,17695,5,-195,-1.09,17734.0,-9.3535,6,0,159
102960,2,KODEX 기계장비,6005,5,-40,-0.66,6015.0,-1.7872,4575,27,159
284430,6,KODEX 200미국채혼합,13105,5,-55,-0.42,13086.0,-3.4129,3767,49,157
272910,6,KINDEX 중장기국공채액티브,99755,2,180,0.18,99744.0,-1.562,1,0,157
138530,2,TIGER LG그룹+펀더멘털,10545,5,-75,-0.71,10563.0,-10.2283,6768,71,156
253160,3,ARIRANG 200선물인버스2X,4655,2,85,1.86,4665.0,21.8666,23662,109,156
182490,6,TIGER 단기선진하이일드(합성 H),12565,5,-5,-0.04,,0.56,40,0,151
394350,4,KOSEF 릭소글로벌퓨처모빌리티MSCI,12480,5,-35,-0.28,,16.2024,15468,193,150
269420,4,KODEX S&P글로벌인프라(합성),12810,2,75,0.59,,7.3324,3026,38,149
365780,6,KINDEX 국고채10년,95540,2,300,0.31,95588.0,-3.3342,7967,760,149
183700,7,KBSTAR 채권혼합,62020,3,0,0.0,62018.0,-4.2606,0,0,149
241390,7,KBSTAR V&S셀렉트밸류채권혼합,12190,3,0,0.0,12198.0,-4.5793,1105,13,146
367740,2,HANARO Fn5G산업,12690,5,-95,-0.74,12715.0,-6.8489,794,10,146
153270,1,KOSEF 코스피100,29140,5,-310,-1.05,29125.0,-10.4238,40,1,146
223190,2,KODEX 200가치저변동,10390,5,-95,-0.91,10404.0,-9.1422,29,0,145
361590,2,KBSTAR 코스피ex200,14015,5,-115,-0.81,13995.0,-6.6711,1,0,140
289250,2,TIGER MSCI KOREA ESG유니버설,11660,5,-130,-1.1,11646.0,-9.4818,9,0,140
139240,2,TIGER 200 철강소재,8570,5,-130,-1.49,8595.0,-15.0391,7026,60,139
292050,1,KBSTAR KRX300,18165,5,-160,-0.87,18138.0,-9.1473,1,0,136
360150,2,KODEX 코스닥150롱코스피200숏선물,9035,5,-75,-0.82,9035.0,11.6421,3,0,136
402520,1,FOCUS 혁신기업액티브,9600,3,0,0.0,9585.0,,0,0,134
195920,4,TIGER 일본TOPIX(합성 H),16775,5,-50,-0.3,,5.9175,158,2,134
219900,4,KINDEX 중국본토CSI300레버리지(합성),5550,5,-25,-0.45,,5.5871,18,0,133
375760,2,HANARO 탄소효율그린뉴딜,9425,5,-85,-0.89,9423.0,-9.0214,612,5,132
140950,1,파워 코스피100,29720,5,-120,-0.4,29647.0,-10.0691,1,0,131
391590,4,KINDEX 미국스팩&IPO INDXX,10885,2,35,0.32,,10.0963,8420,91,131
308620,6,KODEX 미국채10년선물,11845,2,25,0.21,,0.5529,1181,14,130
122090,1,ARIRANG 코스피50,27065,5,-235,-0.86,27005.0,-10.4037,32,0,130
300950,2,KODEX 게임산업,16230,2,80,0.5,16231.0,17.1138,12346,199,130
399110,4,SOL 미국S&P500ESG,10775,5,-25,-0.23,,,9631,103,129
229720,1,KODEX KTOP30,21360,5,-155,-0.72,21336.0,-10.4102,169,3,128
265690,4,KINDEX 러시아MSCI(합성),36450,2,450,1.25,,16.618,1742,63,128
139660,7,KOSEF 미국달러선물인버스,10080,2,20,0.2,10073.0,-3.5937,1,0,127
251590,2,ARIRANG 고배당저변동50,11500,5,-55,-0.48,11492.0,0.4345,909,10,127
200030,4,KODEX 미국S&P산업재(합성),21930,2,130,0.6,,5.7225,35257,772,126
307010,3,KBSTAR KRX300레버리지,17870,5,-220,-1.22,17949.0,-18.9335,51,0,125
253150,3,ARIRANG 200선물레버리지,40995,5,-645,-1.55,40949.0,-20.6026,430,17,123
401170,2,KBSTAR iSelect메타버스,11785,2,75,0.64,11793.0,,165650,1946,123
251600,7,ARIRANG 고배당주채권혼합,11110,5,-15,-0.13,11100.0,-0.714,1101,12,122
104520,2,KOSEF 블루칩,9970,5,-40,-0.4,9965.0,-7.3578,7,0,120
279540,2,KODEX 최소변동성,11950,3,0,0.0,11860.0,-7.0763,0,0,120
310080,4,KBSTAR 중국MSCI China(H),11880,5,-30,-0.25,,-4.0291,3,0,119
253230,3,KOSEF 200선물인버스2X,2290,2,30,1.33,2315.0,22.1621,42672,97,118
208470,4,SOL 선진국MSCI World(합성 H),19695,2,20,0.1,,4.5708,10,0,118
253290,7,KBSTAR 헬스케어채권혼합,11775,5,-165,-1.38,11794.0,-5.2757,1645,19,118
248260,4,TIGER 일본TOPIX헬스케어(합성),11615,3,0,0.0,,6.5596,0,0,116
196030,4,KINDEX 일본TOPIX레버리지(H),23220,5,-30,-0.13,,13.4976,42,0,116
244620,2,KODEX 모멘텀Plus,12865,3,0,0.0,12905.0,-6.5044,0,0,116
271050,5,KODEX WTI원유선물인버스(H),7125,5,-230,-3.13,,-16.5627,13413,95,116
139290,2,TIGER 200 경기소비재,17935,2,20,0.11,17980.0,-7.2723,39,0,115
316300,7,KINDEX 싱가포르리츠,12480,5,-5,-0.04,,1.8352,94,1,112
395160,2,KODEX Fn시스템반도체,9185,5,-110,-1.18,9184.0,-7.9703,8518,78,110
100910,1,KOSEF KRX100,6100,5,-70,-1.13,6100.0,-9.9139,72,0,110
185680,4,KODEX 미국S&P바이오(합성),33780,5,-270,-0.79,,8.8381,927,31,110
395150,2,KODEX Fn웹툰&드라마,9945,5,-105,-1.04,9961.0,2.3942,6341,63,109
292750,1,ARIRANG KRX300,17970,5,-165,-0.91,17942.0,-9.325,4,0,108
244670,2,KODEX 밸류Plus,9770,3,0,0.0,9825.0,-11.1415,0,0,107
403790,1,마이다스 KoreaStock액티브,20230,5,-110,-0.54,20220.0,,96,1,106
352540,7,KODEX TSE일본리츠(H),13045,5,-115,-0.87,,-3.7308,3,0,104
101280,4,KODEX 일본TOPIX100,17345,2,35,0.2,,7.6157,218,3,104
399580,4,KBSTAR 글로벌클린에너지S&P,10355,5,-155,-1.47,,,18387,190,104
270800,2,KBSTAR KQ고배당,14765,5,-185,-1.24,14808.0,-12.5476,13,0,103
261070,2,TIGER 코스닥150바이오테크,10515,5,-485,-4.41,10650.0,-14.9266,9045,95,103
402970,4,KINDEX 미국고배당S&P,10260,2,30,0.29,,,16162,165,103
225030,4,TIGER 미국S&P500선물인버스(H),3565,5,-10,-0.28,,-6.168,42543,151,102
342140,7,KINDEX 모닝스타싱가포르리츠채권혼합,10045,3,0,0.0,,-0.8391,0,0,100
401590,4,HANARO 글로벌탄소배출권선물ICE(합성),10000,5,-40,-0.4,,,3525,35,100
381570,2,HANARO Fn친환경에너지,10505,5,-35,-0.33,10513.0,1.1031,441,4,100
261060,2,TIGER 코스닥150IT,16610,5,-115,-0.69,16577.0,-4.4013,587,9,100
375270,7,KBSTAR 글로벌데이터센터리츠나스닥(합성),12375,5,-130,-1.04,,3.7328,107,1,99
108590,1,TREX 200,39560,5,-360,-0.9,39533.0,-9.9583,4,0,99
145850,2,TREX 펀더멘탈 200,39535,3,0,0.0,39261.0,-7.7148,0,0,99
395170,2,KODEX Fn Top10동일가중,8895,5,-225,-2.47,8898.0,-10.3245,2018,18,98
226380,2,KINDEX Fn성장소비주도주,8120,5,-45,-0.55,8180.0,-3.0861,166,1,97
275290,2,KODEX MSCI밸류,12175,5,-75,-0.61,12199.0,-8.2741,8,0,97
337120,2,KODEX Fn멀티팩터,13900,3,0,0.0,13748.0,-9.4463,0,0,97
271060,5,KODEX 3대농산물선물(H),10780,5,-95,-0.87,,-0.7303,8971,97,97
368200,2,KBSTAR Fn K-뉴딜디지털플러스,12045,5,-210,-1.71,12019.0,-10.4494,16,0,96
285000,2,KBSTAR 200IT,15535,5,-120,-0.77,15491.0,-10.5429,3,0,96
400580,4,SOL 유럽탄소배출권선물S&P(H),9585,5,-65,-0.67,,,1399,13,96
225060,4,TIGER 이머징마켓MSCI레버리지(합성 H),13460,5,-10,-0.07,,-6.2957,1,0,94
105780,2,KBSTAR 5대그룹주,7820,5,-125,-1.57,7820.0,-8.8354,1764,13,94
189400,4,ARIRANG 글로벌MSCI(합성 H),18365,3,0,0.0,,3.7863,5,0,94
250730,4,KBSTAR 차이나HSCEI(H),10220,5,-10,-0.1,,-4.2135,1,0,92
402460,2,HANARO Fn K-메타버스MZ,11435,2,65,0.57,11449.0,,14556,166,91
256450,4,ARIRANG 심천차이넥스트(합성),15080,3,0,0.0,,-0.6588,1,0,90
156080,1,KODEX MSCI Korea,18030,5,-95,-0.52,18023.0,-10.6703,259,4,90
364690,1,KODEX 혁신기술테마액티브,12815,5,-90,-0.7,12812.0,-10.1636,397,5,90
394340,4,KOSEF 릭소글로벌디지털경제MSCI,11200,2,5,0.04,,9.3261,25,0,90
152500,3,KINDEX 레버리지,8945,5,-190,-2.08,8946.0,-19.9738,8895,80,89
272230,2,KINDEX 스마트밸류,14805,5,-50,-0.34,14738.0,-10.6467,10,0,89
354240,7,KBSTAR 미국고정배당우선증권ICE TR,11000,2,10,0.09,,3.9735,485,5,88
261120,7,TIGER 미국달러선물인버스2X,8790,5,-5,-0.06,8810.0,-6.9805,2,0,88
243890,2,TIGER 200에너지화학레버리지,19530,5,-470,-2.35,19501.0,-10.0518,2001,39,88
167860,6,KOSEF 국고채10년레버리지,125110,2,890,0.72,125043.0,-6.9514,136,17,88
140570,2,KBSTAR 수출주,12360,3,0,0.0,12268.0,-9.7481,0,0,87
137930,3,마이다스 200커버드콜5%OTM,14410,5,-70,-0.48,14330.0,-8.9881,10,0,86
322150,2,KINDEX 스마트하이베타,14330,5,-60,-0.42,14242.0,-10.0906,10,0,86
300610,2,TIGER K게임,17180,2,145,0.85,17170.0,26.9847,6968,118,86
333970,2,ARIRANG KS밸류가중TR,15615,5,-80,-0.51,15598.0,-8.2701,4,0,86
395280,2,HANARO Fn K-게임,9490,5,-85,-0.89,9504.0,1.1087,3919,37,85
277650,2,TIGER 코스피중형주,17080,5,-105,-0.61,17130.0,-6.2211,3,0,85
131890,2,KINDEX 삼성그룹동일가중,17045,5,-45,-0.26,16979.0,-6.9679,112,1,85
251890,1,KINDEX 코스닥(합성),14195,5,-190,-1.32,14201.0,-5.393,9,0,85
226980,1,KODEX 200 중소형,14185,5,-85,-0.6,14224.0,-6.9146,188,2,85
266390,2,KODEX 경기소비재,12135,2,95,0.79,12130.0,-10.9138,298,3,85
104530,2,KOSEF 고배당,9415,5,-5,-0.05,9410.0,1.5414,346,3,85
291130,4,KINDEX 멕시코MSCI(합성),10560,2,150,1.44,,3.7886,39,0,84
380340,2,KINDEX Fn5G플러스,8425,5,-50,-0.59,8408.0,-11.303,76,0,84
289670,6,ARIRANG 국채선물10년,55395,2,220,0.4,55372.0,-3.5824,1,0,84
183710,7,KBSTAR 주식혼합,42055,3,0,0.0,41984.0,-8.277,0,0,84
261140,2,TIGER 우선주,13550,2,10,0.07,13532.0,-7.7783,55,0,84
272220,2,KINDEX 스마트모멘텀,16655,5,-50,-0.3,16582.0,-9.5806,10,0,83
159800,1,마이티 코스피100,29655,3,0,0.0,29363.0,-10.3673,0,0,83
315270,2,TIGER 200커뮤니케이션서비스,31905,5,-210,-0.65,31918.0,-8.7772,2,0,83
292560,7,TIGER 일본엔선물,10265,2,15,0.15,10270.0,-0.4855,803,8,82
252000,1,TIGER 200동일가중,12585,3,0,0.0,12555.0,-6.9845,0,0,82
307510,2,TIGER 의료기기,18105,5,-335,-1.82,18090.0,-16.3719,796,14,81
322130,2,KINDEX 스마트로우볼,16240,5,-205,-1.25,16266.0,-9.018,1828,29,81
291630,3,KOSEF 코스닥150선물레버리지,6685,5,-280,-4.02,6697.0,-0.3577,414,2,81
261260,7,KODEX 미국달러선물인버스2X,8850,2,20,0.23,8847.0,-6.709,3441,30,80
404650,2,SOL KRX기후변화솔루션,9860,5,-75,-0.75,9865.0,,147,1,79
403990,2,KBSTAR KRX기후변화솔루션,9855,5,-105,-1.05,9864.0,,290,2,79
404470,2,HANARO KRX기후변화솔루션,9850,5,-105,-1.05,9861.0,,524,5,79
275280,2,KODEX MSCI모멘텀,12980,3,0,0.0,12853.0,-9.1355,0,0,78
139320,5,TIGER 금은선물(H),9590,2,85,0.89,,-1.7064,1813,17,77
234310,2,KBSTAR V&S셀렉트밸류,15270,3,0,0.0,15231.0,-8.3984,0,0,76
319870,2,KBSTAR KRX300미국달러선물혼합,15185,5,-150,-0.98,15282.0,-6.4654,3,0,76
305050,1,KINDEX 코스피,29915,5,-165,-0.55,29756.0,-9.3976,12,0,75
205720,4,KINDEX 일본TOPIX인버스(합성 H),4100,2,30,0.74,,-7.7098,168,0,74
244660,2,KODEX 퀄리티Plus,10530,3,0,0.0,10518.0,-9.4973,0,0,74
252650,1,KODEX 200동일가중,12285,5,-75,-0.61,12290.0,-7.2073,20,0,74
379790,4,KBSTAR 유로스탁스50(H),11215,2,75,0.67,,5.3427,1952,21,73
166400,3,TIGER 200커버드콜5%OTM,14575,3,0,0.0,14454.0,-10.0587,0,0,73
213610,2,KODEX 삼성그룹밸류,9060,5,-80,-0.88,9074.0,-9.3704,220,1,72
373790,4,KOSEF 미국방어배당성장나스닥,12060,5,-30,-0.25,,5.2952,7,0,72
395270,2,HANARO Fn K-반도체,9020,5,-120,-1.31,9044.0,-10.5676,2194,19,72
304670,4,KODEX 미국채울트라30년선물인버스(H),7215,5,-70,-0.96,,1.6039,7254,52,72
368470,2,KINDEX Fn K-뉴딜디지털플러스,14420,5,-240,-1.64,14351.0,-10.3639,20,0,72
298340,6,ARIRANG 국채선물3년,52875,3,0,0.0,52956.0,-1.2144,0,0,72
252730,2,KBSTAR 모멘텀로우볼,15940,3,0,0.0,15822.0,-7.9943,0,0,72
117690,4,TIGER 차이나항셍25,15900,5,-25,-0.16,,0.4098,434,6,72
261110,7,TIGER 미국달러선물레버리지,10170,5,-15,-0.15,10164.0,6.761,558,5,71
277640,2,TIGER 코스피대형주,14220,5,-105,-0.73,14208.0,-10.452,72,1,71
322120,2,KINDEX 스마트퀄리티,17640,5,-90,-0.51,17508.0,-10.6576,10,0,71
371150,4,KBSTAR 차이나항셍테크,8275,5,-80,-0.96,,-2.3949,480,3,70
391670,1,HK 베스트일레븐액티브,9375,5,-135,-1.42,9376.0,-4.8049,111,1,70
306530,3,HANARO 코스닥150선물레버리지,13520,5,-525,-3.74,13534.0,-0.6016,608,8,70
333960,2,ARIRANG KS모멘텀가중TR,15355,5,-135,-0.87,15319.0,-9.1496,4,0,69
314700,2,HANARO 농업융복합산업,12550,5,-80,-0.63,12584.0,-6.7897,137,1,69
269370,4,TIGER S&P글로벌인프라(합성),11450,2,105,0.93,,7.3422,213,2,69
333950,2,ARIRANG KS로우사이즈가중TR,16925,5,-75,-0.44,16899.0,-7.4579,4,0,68
237440,7,TIGER 경기방어채권혼합,9590,5,-40,-0.42,9591.0,-4.2744,583,5,67
391680,1,HK 하이볼액티브,8920,5,-105,-1.16,8917.0,-8.7924,946,8,67
373530,4,ARIRANG 신흥국MSCI인버스(합성 H),9270,2,60,0.65,,0.9868,20,0,67
238670,7,ARIRANG 스마트베타Quality채권혼합,10985,5,-15,-0.14,10983.0,-4.5139,5,0,66
145670,3,KINDEX 인버스,5065,2,45,0.9,5079.0,10.8167,4807,24,66
289480,2,TIGER 200커버드콜ATM,10945,3,0,0.0,10893.0,-6.0112,0,0,66
105010,4,TIGER 라틴35,3275,2,35,1.08,,-11.4755,2297,7,66
195970,4,ARIRANG 선진국MSCI(합성 H),12515,5,-35,-0.28,,1.3322,1710,21,65
192720,2,파워 고배당저변동성,30290,5,-60,-0.2,30368.0,-5.5195,7,0,64
138920,5,KODEX 콩선물(H),10540,5,-115,-1.08,,-8.8927,196,2,63
301440,2,ARIRANG 코스피중형주,12580,5,-55,-0.44,12566.0,-6.4421,4,0,63
269530,4,ARIRANG S&P글로벌인프라,12455,2,275,2.26,,5.867,1791,22,62
275300,2,KODEX MSCI퀄리티,10305,5,-135,-1.29,10330.0,-8.5414,500,5,62
140580,2,KBSTAR 우량업종,12300,3,0,0.0,12218.0,-7.5188,0,0,62
376250,2,ARIRANG 탄소효율그린뉴딜,9450,5,-85,-0.89,9443.0,-8.9738,96,0,61
281990,2,KBSTAR 중소형고배당,12270,3,0,0.0,12219.0,-3.6892,0,0,61
373490,2,KODEX K-이노베이션액티브,11150,5,-70,-0.62,11179.0,-3.1507,3976,44,61
307520,2,TIGER 지주회사,11045,5,-115,-1.03,11051.0,-11.8484,513,5,61
261920,4,KINDEX 필리핀MSCI(합성),15120,2,20,0.13,,17.3727,100,1,60
292340,2,마이티 200커버드콜ATM레버리지,10010,3,0,0.0,9893.0,-12.5383,0,0,60
333940,2,ARIRANG KS로우볼가중TR,13340,5,-70,-0.52,13319.0,-7.5492,14,0,60
176710,6,파워 중기국고채,98795,3,0,0.0,98896.0,-1.0517,0,0,59
267440,4,KBSTAR 미국장기국채선물(H),11745,2,110,0.95,,-2.391,429,5,59
215620,2,HK S&P코리아로우볼,12225,3,0,0.0,12160.0,-4.3802,0,0,59
228820,1,TIGER KTOP30,10585,5,-105,-0.98,10591.0,-10.2058,984,10,58
174350,2,TIGER 로우볼,12105,5,-35,-0.29,12135.0,-3.9177,3,0,58
290080,2,KBSTAR 200고배당커버드콜ATM,8290,2,25,0.3,8284.0,-1.2545,1,0,58
253280,2,KBSTAR 헬스케어,13750,5,-620,-4.31,13734.0,-14.7687,624,8,55
220130,4,SOL 중국본토 중소형 CSI500(합성 H),6100,5,-10,-0.16,,4.4444,14,0,55
321410,7,KODEX 멀티에셋하이인컴(H),10930,3,0,0.0,,-0.2283,0,0,55
292770,6,KODEX 국채선물3년인버스,50430,3,0,0.0,50365.0,1.3464,0,0,51
098560,2,TIGER 방송통신,9790,2,10,0.1,9810.0,-6.5903,411,4,51
295820,1,ARIRANG 200동일가중,11310,5,-70,-0.62,11289.0,-7.0642,44,0,51
301410,3,ARIRANG 코스닥150선물인버스,6770,2,110,1.65,6786.0,-1.4793,313,2,51
299080,6,KINDEX 국채선물3년인버스,100940,3,0,0.0,100784.0,1.3606,0,0,50
291680,4,KBSTAR 차이나H선물인버스(H),11025,3,0,0.0,,4.2553,0,0,50
371870,4,KINDEX 차이나항셍테크,8170,5,-50,-0.61,,-2.7795,585,4,49
139310,5,TIGER 금속선물(H),6990,2,50,0.72,,-0.2157,1786,12,49
299070,6,KINDEX 국채선물10년인버스,97780,3,0,0.0,97283.0,4.1597,0,0,49
227550,2,TIGER 200 산업재,6200,2,25,0.4,6201.0,-17.1141,534,3,48
261270,7,KODEX 미국달러선물인버스,9670,2,5,0.05,9674.0,-3.4466,2544,24,48
275750,1,KBSTAR 코스닥150선물인버스,4520,2,80,1.8,4515.0,-1.6612,2813,12,47
295000,6,KBSTAR 국채선물10년,54470,2,170,0.31,54473.0,-3.5696,205,11,47
334690,5,KBSTAR 팔라듐선물(H),11675,2,45,0.39,,-23.2344,127,1,47
157500,2,TIGER 증권,4625,5,-40,-0.86,4637.0,-4.0124,243,1,46
346000,6,HANARO KAP초장기국고채,45055,2,345,0.77,45067.0,-5.8499,430,19,46
333980,2,ARIRANG KS퀄리티가중TR,15200,5,-160,-1.04,15176.0,-7.7201,6,0,46
280920,2,ARIRANG 주도업종,11220,5,-70,-0.62,11193.0,-8.8414,14,0,45
285010,2,KBSTAR 200중공업,10680,5,-75,-0.7,10659.0,-6.6407,54,0,45
253240,3,KOSEF 200선물인버스,5350,2,45,0.85,5369.0,10.636,1546,8,44
147970,2,TIGER 모멘텀,24165,5,-60,-0.25,24203.0,-6.5394,35,0,43
287300,2,KBSTAR 200건설,12670,5,-95,-0.74,12678.0,-5.5494,32,0,43
280940,4,KODEX 골드선물인버스(H),7160,5,-45,-0.62,,-0.2078,1231,8,43
266550,2,ARIRANG 중형주저변동50,12060,2,10,0.08,12058.0,-2.2313,10,0,42
295020,6,KBSTAR 국채선물10년인버스,48490,5,-215,-0.44,48517.0,3.749,11,0,42
309210,2,ARIRANG KRX300헬스케어,10890,5,-520,-4.56,10976.0,-16.103,474,5,41
342600,6,KBSTAR KRX국채선물3년10년스티프너2X,51705,2,10,0.02,51693.0,0.1258,1,0,41
291620,3,KOSEF 코스닥150선물인버스,7780,2,145,1.9,7788.0,-1.5474,947,7,41
342500,6,KBSTAR KRX국채선물3년10년스티프너,51165,2,15,0.03,51148.0,0.1468,1,0,41
291890,4,KODEX MSCI EM선물(H),10150,5,-25,-0.25,,-2.6782,126,1,41
302170,6,TIGER 국채선물3년인버스,50525,3,0,0.0,50443.0,1.354,0,0,40
227560,2,TIGER 200 생활소비재,10610,5,-10,-0.09,10602.0,-8.9585,523,5,40
342610,6,KBSTAR KRX국채선물3년10년플래트너,49970,5,-5,-0.01,49952.0,0.2608,1,0,40
217770,4,TIGER 원유선물인버스(H),4985,5,-185,-3.58,,-16.0033,13515,67,40
302180,6,TIGER 국채선물10년인버스,49445,3,0,0.0,49275.0,3.8106,0,0,40
342620,6,KBSTAR KRX국채선물3년10년플래트너2X,49400,2,30,0.06,49349.0,0.3455,1,0,40
267490,4,KBSTAR 미국장기국채선물레버리지(합성 H),13080,2,130,1.0,,-9.1547,399,5,39
267450,4,KBSTAR 미국장기국채선물인버스(H),7835,5,-65,-0.82,,1.4771,170,1,39
278420,2,ARIRANG ESG우수기업,9330,5,-65,-0.69,9327.0,-5.1968,33,0,37
315480,2,KBSTAR 200커뮤니케이션서비스,19930,5,-80,-0.4,19866.0,-8.6719,1,0,36
217790,2,TIGER 가격조정,23265,5,-225,-0.96,23222.0,-12.0555,100,2,33
267500,4,KBSTAR 미국장기국채선물인버스2X(합성 H),5895,5,-105,-1.75,,4.0763,2825,16,32
284980,2,KBSTAR 200금융,8760,5,-125,-1.41,8769.0,-0.7263,445,3,30
301400,1,ARIRANG 코스닥150,14555,5,-195,-1.32,14673.0,-0.8737,6176,91,29
252720,2,KBSTAR 모멘텀밸류,13965,3,0,0.0,13907.0,-9.0821,0,0,28
397420,6,KBSTAR 국채선물5년추종,49085,2,110,0.22,49061.0,,1,0,24
284990,2,KBSTAR 200에너지화학,13015,5,-100,-0.76,13011.0,-5.1014,171,2,23
285020,2,KBSTAR 200철강소재,8305,5,-120,-1.42,8307.0,-14.7268,703,5,23
334700,5,KBSTAR 팔라듐선물인버스(H),5460,5,-25,-0.46,,21.3495,150,0,22
287330,2,KBSTAR 200생활소비재,8090,2,15,0.19,8092.0,-9.3715,28,0,21
287310,2,KBSTAR 200경기소비재,11120,5,-5,-0.04,11139.0,-7.2144,1,0,16
287320,2,KBSTAR 200산업재,11160,2,65,0.59,11099.0,-16.579,2,0,13
