종목명,현재가,전일비,등락률,매수호가,매도호가,거래량,거래대금,전일거래량,조회일자,종목코드,매출액,영업이익,당기순이익,영업이익률,순이익률,ROE(지배주주),부채비율,당좌비율,유보율,EPS(원)_x,PER(배)_x,BPS(원)_x,PBR(배)_x,상장주식수,외국인한도주식수(A),외국인보유주식수(B),외국인소진율(B/A),동일업종 PER,동일업종 등락률,코스피/코스닥,시가총액(억원),시가총액순위(전처리),52주최고,52주최저,현재-최고가,현재/최고가비율,52주차액,52주차액비율,목표주가,투자의견,매수매도,PER,EPS,PER(배)_y,EPS(원)_y,PBR(배)_y,BPS(원)_y,배당수익률%
HLB생명과학 *,17900.0,1500.0,+9.15%,17850.0,17900.0,1861058.0,32448.0,1680209.0,2022-05-22,067630,155.0,-101.0,-646.0,-65.16,-416.31,-18.43,9.81,524.8,402.43,-676.0,-23.93,2578.0,4.83,95498081,95498081,5822144,6.10%,81.13,+1.95%,코스닥,17094,23,23000,9310,-5100.0,0.7782608695652173,13690,2.4704618689581097,,,,,-520원,,-520.0,6.94,2578.0,
엔지켐생명과학 *,22700.0,1400.0,+6.57%,22600.0,22700.0,124769.0,2794.0,107956.0,2022-05-22,183490,65.0,-52.0,-73.0,-80.25,-112.7,-37.87,78.25,188.91,1595.41,-660.0,-21.68,6739.0,8.16,13933768,13933768,1625024,11.66%,81.13,+1.95%,코스닥,3163,276,100375,19150,-77675.0,0.2261519302615193,81225,5.241514360313316,,,,,"-2,532원",,-2532.0,3.37,6739.0,
HK이노엔 *,40450.0,2450.0,+6.45%,40450.0,40500.0,236154.0,9429.0,74531.0,2022-05-22,195940,2094.0,173.0,90.0,8.24,4.32,2.61,59.65,83.63,3948.64,313.0,53.55,39819.0,1.32,28904499,28904499,853773,2.95%,81.13,+1.95%,코스닥,11692,41,80300,37300,-39850.0,0.5037359900373599,43000,2.1528150134048256,53000.0,4.0,매수,41.28배,980원,41.28,980.0,1.02,39819.0,0.79
바이젠셀 *,23000.0,1300.0,+5.99%,22950.0,23000.0,83231.0,1886.0,22072.0,2022-05-22,308080,,-38.0,-37.0,,,,11.53,654.83,1979.98,-393.0,,11108.0,3.32,9503030,9503030,33554,0.35%,81.13,+1.95%,코스닥,2186,433,78000,19950,-55000.0,0.2948717948717949,58050,3.9097744360902253,,,,,"-1,347원",,-1347.0,2.07,11108.0,
압타바이오 *,18450.0,1000.0,+5.73%,18400.0,18450.0,194644.0,3547.0,253791.0,2022-05-22,293780,-,-30,-23,-23686.15,-18795.4,-15.99,5.26,1976.55,450.22,-105.0,-77.23,2778.0,13.39,22298866,22298866,1034815,4.64%,81.13,+1.95%,코스닥,4114,194,62100,15950,-43650.0,0.2971014492753623,46150,3.8934169278996866,,,,,-482원,,-482.0,6.64,2778.0,
셀트리온헬스케어 *,57400.0,3100.0,+5.71%,57400.0,57500.0,708671.0,40164.0,564511.0,2022-05-22,091990,4157.0,450.0,436.0,10.83,10.48,8.23,85.77,61.51,1345.0,276.0,62.41,13091.0,4.97,158154885,158154885,23819594,15.06%,80.19,+1.95%,코스닥,9781,3,123383,53800,-65983.0,0.46521806083496103,69583,2.293364312267658,82333.0,4.0,매수,55.14배,"1,041원",55.14,1041.0,4.38,13091.0,0.44
JW중외제약2우B,70000.0,3700.0,+5.58%,66700.0,70000.0,227.0,15.0,64.0,2022-05-22,001067,1563.0,133.0,94.0,8.52,6.04,2.25,233.65,102.47,264.95,407.0,140.34,8745.0,3.13,102927,102927,248,0.24%,81.13,+1.95%,코스피,72,1647,78720,46649,-8720.0,0.8892276422764228,32071,1.6874959806212353,36333.0,4.0,매수,,-41원,,-41.0,8.09,8652.0,0.46
휴온스글로벌 *,25650.0,1300.0,+5.34%,25600.0,25650.0,39833.0,1006.0,88563.0,2022-05-22,084110,1592.0,142.0,-126.0,8.92,-7.9,0.84,50.83,104.58,9274.73,-1134.0,121.65,43321.0,0.89,12621492,12621492,1243959,9.86%,81.13,+1.95%,코스닥,3237,269,74213,24350,-48563.0,0.34562677697977445,49863,3.0477618069815193,,,,81.17배,316원,81.17,316.0,0.59,43321.0,1.86
지놈앤컴퍼니 *,20700.0,1000.0,+5.08%,20650.0,20700.0,40664.0,832.0,24145.0,2022-05-22,314130,1.0,-110.0,-113.0,-8256.2,-8469.56,-33.38,21.0,756.14,1023.58,-756.0,-14.22,6593.0,5.26,14066271,14066271,34423,0.24%,81.13,+1.95%,코스닥,2912,308,57600,19300,-36900.0,0.359375,38300,2.9844559585492227,,,,,"-2,439원",,-2439.0,3.14,6593.0,
우진비앤지 *,2315.0,110.0,+4.99%,2310.0,2315.0,1173917.0,2710.0,392307.0,2022-05-22,018620,122.0,12.0,7.0,9.72,6.01,-2.62,67.25,66.79,113.61,13.0,-73.3,1062.0,1.98,28889293,28889293,903439,3.13%,80.19,+1.95%,코스닥,669,1221,3515,1760,-1200.0,0.6586059743954481,1755,1.9971590909090908,,,,,-29원,,-29.0,2.18,1062.0,
브릿지바이오테라퓨틱스 *,11750.0,550.0,+4.91%,11650.0,11750.0,92315.0,1069.0,29063.0,2022-05-22,288330,4.0,-85.0,-85.0,-1892.74,-1896.81,-51.39,8.39,1249.23,265.11,-433.0,-10.56,2184.0,6.5,19866425,19866425,252859,1.27%,81.13,+1.95%,코스닥,2334,398,16250,10300,-4500.0,0.7230769230769231,5950,1.5776699029126213,,,,,"-1,345원",,-1345.0,5.38,2184.0,
SK바이오사이언스,127000.0,5500.0,+4.53%,126500.0,127000.0,276331.0,34636.0,228471.0,2022-05-22,302440,871.0,238.0,278.0,27.27,31.93,23.32,22.51,499.34,4154.57,363.0,35.22,21327.0,7.36,76784046,76784046,3361080,4.38%,80.19,+1.95%,코스피,97516,42,362000,115000,-235000.0,0.35082872928176795,247000,3.1478260869565218,187571.0,4.0,매수,28.49배,"4,457원",28.49,4457.0,5.95,21327.0,
메드팩토 *,29150.0,1250.0,+4.48%,29150.0,29200.0,128792.0,3749.0,96379.0,2022-05-22,235980,,-66.0,-75.0,,,,206.24,12895.44,324.58,-359.0,,2089.0,28.05,21047352,21047352,1353671,6.43%,81.13,+1.95%,코스닥,6135,116,80900,26250,-51750.0,0.36032138442521633,54650,3.0819047619047617,48000.0,4.0,매수,,-820원,,-820.0,13.95,2089.0,
차백신연구소 *,7080.0,290.0,+4.27%,7040.0,7080.0,92527.0,648.0,106628.0,2022-05-22,261780,,,,,,,,,,,,,,26429162,26429162,93348,0.35%,81.13,+1.95%,코스닥,1871,515,14900,6580,-7820.0,0.47516778523489933,8320,2.264437689969605,,,,,,,,,,
바이넥스 *,13950.0,550.0,+4.10%,13900.0,13950.0,159578.0,2213.0,232445.0,2022-05-22,053030,353.0,26.0,18.0,7.35,5.24,6.95,51.28,81.82,1071.22,59.0,40.57,5888.0,2.73,31761048,31761048,2202492,6.93%,80.19,+1.95%,코스닥,4431,178,24850,12050,-10900.0,0.5613682092555332,12800,2.0622406639004147,21667.0,4.0,매수,35.23배,396원,35.23,396.0,2.37,5888.0,
동국제약 *,21850.0,850.0,+4.05%,21650.0,21850.0,102712.0,2228.0,91776.0,2022-05-22,086450,1505.0,163.0,179.0,10.82,11.87,11.63,55.73,129.8,1920.03,341.0,19.59,10165.0,2.14,44460000,44460000,8072501,18.16%,81.13,+1.95%,코스닥,9715,62,29500,19000,-7650.0,0.7406779661016949,10500,1.5526315789473684,27667.0,4.0,매수,19.63배,"1,113원",19.63,1113.0,2.15,10165.0,0.82
비보존 헬스케어 *,1095.0,40.0,+3.79%,1090.0,1095.0,271131.0,291.0,356829.0,2022-05-22,082800,208.0,-33.0,-86.0,-16.03,-41.37,-69.46,174.71,34.24,-11.02,-51.0,-2.62,448.0,2.52,234042627,234042627,3167062,1.35%,80.19,+1.95%,코스닥,2563,363,1880,805,-785.0,0.5824468085106383,1075,2.3354037267080745,,,,,-431원,,-431.0,2.44,448.0,
한미사이언스,47350.0,1700.0,+3.72%,47300.0,47350.0,72214.0,3401.0,72170.0,2022-05-22,008930,2634.0,129.0,44.0,4.91,1.68,6.37,37.61,50.23,2104.43,64.0,86.61,10261.0,5.28,68623684,68623684,1138433,1.66%,81.13,+1.95%,코스피,32493,102,91922,40950,-44572.0,0.5151106372794325,50972,2.2447374847374846,,,,75.64배,626원,75.64,626.0,4.61,10261.0,0.41
휴메딕스 *,20050.0,700.0,+3.62%,20000.0,20050.0,28441.0,564.0,17862.0,2022-05-22,200670,304.0,47.0,1.0,15.38,0.36,7.37,52.07,209.2,3043.08,83.0,26.35,13399.0,1.79,9971194,9971194,374617,3.76%,81.13,+1.95%,코스닥,1999,466,39300,18200,-19250.0,0.510178117048346,21100,2.159340659340659,33000.0,4.0,매수,22.06배,909원,22.06,909.0,1.5,13399.0,2.0
애드바이오텍 *,5160.0,180.0,+3.61%,5150.0,5160.0,121951.0,618.0,88063.0,2022-05-22,179530,41.0,-1.0,3.0,-2.9,8.11,,310.52,39.98,52.57,43.0,,664.0,13.71,9140444,9140444,282171,3.09%,81.13,+1.95%,코스닥,472,1392,32900,4655,-27740.0,0.15683890577507598,28245,7.067669172932331,,,,,-347원,,-347.0,7.77,664.0,
셀트리온제약 *,76500.0,2600.0,+3.52%,76500.0,76600.0,98112.0,7478.0,136326.0,2022-05-22,068760,1235.0,85.0,51.0,6.9,4.13,10.93,92.15,102.82,1740.18,135.0,135.39,8836.0,14.08,37647257,37647257,2798947,7.43%,81.13,+1.95%,코스닥,28800,7,174569,72300,-98069.0,0.43822213565982504,102269,2.414508990318119,,,,83.24배,919원,83.24,919.0,8.66,8836.0,
부광약품,10700.0,350.0,+3.38%,10650.0,10700.0,301833.0,3199.0,325839.0,2022-05-22,003000,539.0,54.0,14.0,9.93,2.62,-0.35,41.9,481.53,747.38,27.0,-1000.1,3938.0,3.28,71063049,71063049,3070072,4.32%,81.13,+1.95%,코스피,7604,274,23500,9940,-12800.0,0.4553191489361702,13560,2.3641851106639837,,,,,-13원,,-13.0,2.72,3938.0,0.94
녹십자홀딩스,20450.0,650.0,+3.28%,20400.0,20450.0,48345.0,980.0,54562.0,2022-05-22,005250,5024.0,492.0,108.0,9.79,2.15,4.15,83.76,94.99,3708.47,-39.0,29.54,22231.0,1.08,47028210,47028210,2475910,5.26%,81.13,+1.95%,코스피,9617,234,41500,19500,-21050.0,0.4927710843373494,22000,2.128205128205128,,,,18.32배,"1,116원",18.32,1116.0,0.91,22586.0,1.96
파마리서치 *,81600.0,2500.0,+3.16%,81500.0,81600.0,41635.0,3367.0,70497.0,2022-05-22,214450,453.0,152.0,99.0,33.65,21.76,15.33,31.88,146.56,6126.65,921.0,21.22,30893.0,2.97,10111930,10111930,1272471,12.58%,80.19,+1.95%,코스닥,8251,81,101700,72500,-20100.0,0.8023598820058997,29200,1.4027586206896552,113333.0,4.0,매수,18.86배,"4,327원",18.86,4327.0,2.64,30893.0,0.74
휴온스 *,38700.0,1150.0,+3.06%,38600.0,38700.0,22852.0,875.0,26669.0,2022-05-22,243070,1137.0,44.0,-16.0,3.84,-1.44,12.18,61.43,114.49,4896.9,-86.0,18.51,22484.0,2.12,11935549,11935549,2612503,21.89%,81.13,+1.95%,코스닥,4619,168,60812,37450,-22112.0,0.6363875550878116,23362,1.623818424566088,64000.0,4.0,매수,15.02배,"2,577원",15.02,2577.0,1.72,22484.0,1.41
한올바이오파마,16100.0,450.0,+2.88%,16100.0,16150.0,142107.0,2277.0,147448.0,2022-05-22,009420,240.0,-6.0,-1.0,-2.47,-0.34,2.69,22.76,155.26,532.45,-2.0,242.45,3049.0,6.53,52240638,52240638,3022017,5.78%,81.13,+1.95%,코스피,8411,258,27250,15450,-11150.0,0.5908256880733945,11800,1.7637540453074434,27667.0,4.0,매수,94.71배,170원,94.71,170.0,5.04,3193.0,
셀트리온,145000.0,4000.0,+2.84%,144500.0,145000.0,434121.0,62769.0,540337.0,2022-05-22,068270,5506.0,1423.0,1212.0,25.84,22.02,13.78,45.28,175.23,2788.51,842.0,48.24,27110.0,6.33,140767851,140767851,27561316,19.58%,81.13,+1.95%,코스피,204113,16,294935,139000,-149935.0,0.49163374980928,155935,2.1218345323741006,206000.0,4.0,매수,35.44배,"4,091원",35.44,4091.0,5.13,28276.0,0.51
박셀바이오 *,45600.0,1250.0,+2.82%,45600.0,45650.0,329125.0,15003.0,392677.0,2022-05-22,323990,,-19.0,-14.0,,,-14.71,3.98,7187.7,294.07,-89.0,-138.35,1976.0,21.96,15223000,15223000,395000,2.59%,81.13,+1.95%,코스닥,6942,93,104800,31750,-59200.0,0.4351145038167939,73050,3.3007874015748033,,,,,-314원,,-314.0,23.08,1976.0,
네오이뮨텍 *,6670.0,180.0,+2.77%,6650.0,6670.0,761568.0,5093.0,787025.0,2022-05-22,950220,,-135.0,-143.0,,,-32.65,18.73,651.95,5763132.5,-145.0,-12.87,1550.0,4.69,98741510,98741510,9345928,9.47%,81.13,+1.95%,코스닥,6586,103,12750,5930,-6080.0,0.5231372549019608,6820,2.1500843170320403,,,,,-549원,,-549.0,4.06,1644.0,
국전약품 *,7700.0,200.0,+2.67%,7700.0,7720.0,103502.0,796.0,112888.0,2022-05-22,307750,253.0,21.0,14.0,8.2,5.5,7.25,34.03,248.97,1612.93,28.0,106.26,1713.0,5.61,49069269,49069269,530868,1.08%,80.19,+1.95%,코스닥,3778,218,24900,4230,-17200.0,0.3092369477911647,20670,5.886524822695035,,,,85.56배,90원,85.56,90.0,4.5,1713.0,0.13
삼천당제약 *,42750.0,1100.0,+2.64%,42400.0,42750.0,111818.0,4759.0,262707.0,2022-05-22,000250,437.0,-1.0,-37.0,-0.34,-8.42,-9.18,37.41,240.83,1428.66,-254.0,-59.62,7889.0,5.5,22768041,22768041,1256780,5.52%,81.13,+1.95%,코스닥,9733,61,64600,31800,-21850.0,0.6617647058823529,32800,2.0314465408805034,,,,,-727원,,-727.0,5.42,7889.0,
이글벳 *,7380.0,190.0,+2.64%,7360.0,7380.0,57939.0,425.0,47468.0,2022-05-22,044960,110.0,3.0,-3.0,2.28,-2.44,9.26,28.83,132.0,580.12,-21.0,27.28,3326.0,2.36,12641883,12641883,263914,2.09%,81.13,+1.95%,코스닥,933,983,9700,6200,-2320.0,0.7608247422680412,3500,1.564516129032258,,,,25.62배,288원,25.62,288.0,2.22,3326.0,0.68
에이비온 *,10500.0,250.0,+2.44%,10500.0,10550.0,442709.0,4570.0,1876341.0,2022-05-22,203400,4.0,-49.0,-29.0,-1167.91,-682.26,-8992.57,36.66,379.53,218.59,-152.0,-4.12,1594.0,6.96,18818187,18818187,69809,0.37%,80.19,+1.95%,코스닥,1976,473,26450,6970,-15950.0,0.39697542533081287,19480,3.7948350071736012,,,,,"-2,695원",,-2695.0,6.59,1594.0,
신풍제약,28250.0,650.0,+2.36%,28200.0,28250.0,244218.0,6909.0,201832.0,2022-05-22,019170,468.0,-70.0,-53.0,-14.92,-11.34,-5.15,11.26,589.94,1259.11,-97.0,-116.31,6792.0,5.7,52984990,52984990,3110807,5.87%,80.19,+1.95%,코스피,14968,175,101500,22850,-73250.0,0.27832512315270935,78650,4.442013129102845,,,,,-333원,,-333.0,4.16,6792.0,
신일제약 *,10100.0,230.0,+2.33%,10100.0,10150.0,42128.0,425.0,14142.0,2022-05-22,012790,168.0,29.0,26.0,17.48,15.27,6.05,13.94,347.05,1939.3,223.0,20.22,10167.0,1.15,11541464,11541464,142441,1.23%,81.13,+1.95%,코스닥,1166,836,19798,8420,-9698.0,0.5101525406606728,11378,2.351306413301663,,,,17.44배,579원,17.44,579.0,0.99,10167.0,0.96
코미팜 *,7900.0,180.0,+2.33%,7890.0,7900.0,119617.0,935.0,180708.0,2022-05-22,041960,103.0,-17.0,-25.0,-16.65,-24.25,-6.25,59.19,105.95,942.84,-33.0,-123.64,1040.0,8.26,64185876,64185876,2798480,4.36%,81.13,+1.95%,코스닥,5071,152,16250,7720,-8350.0,0.48615384615384616,8530,2.104922279792746,,,,,-69원,,-69.0,7.6,1040.0,
내츄럴엔도텍 *,5300.0,120.0,+2.32%,5300.0,5310.0,60264.0,313.0,177746.0,2022-05-22,168330,17.0,-40.0,-49.0,-231.55,-281.3,-16.61,11.85,131.39,218.04,-123.0,-24.13,1408.0,3.22,31754900,31754900,189531,0.60%,81.13,+1.95%,코스닥,1683,570,12000,3985,-6700.0,0.44166666666666665,8015,3.0112923462986196,,,,,-188원,,-188.0,3.76,1408.0,
한독,20350.0,450.0,+2.26%,20300.0,20350.0,17721.0,357.0,26995.0,2022-05-22,002390,1271.0,60.0,3.0,4.71,0.27,0.46,135.3,76.16,5281.3,25.0,172.07,26515.0,0.82,13763533,13763533,213442,1.55%,80.19,+1.95%,코스피,2801,525,29550,19000,-9200.0,0.688663282571912,10550,1.555263157894737,,,,161.51배,126원,161.51,126.0,0.77,26515.0,1.72
보령,11750.0,250.0,+2.17%,11700.0,11750.0,64438.0,750.0,108240.0,2022-05-22,003850,1786.0,170.0,112.0,9.51,6.27,8.25,78.92,167.35,1362.03,163.0,25.87,7266.0,1.82,68690000,68690000,4610665,6.71%,80.19,+1.95%,코스피,8071,267,20785,11350,-9035.0,0.56531152273274,9435,1.8312775330396476,17000.0,4.0,매수,22.95배,512원,22.95,512.0,1.62,7266.0,0.85
안트로젠 *,21250.0,450.0,+2.16%,21250.0,21300.0,25460.0,544.0,16755.0,2022-05-22,065660,17.0,-11.0,-26.0,-66.11,-156.48,-0.31,14.71,275.84,1966.84,-273.0,-740.32,13896.0,1.96,9730373,9730373,935829,9.62%,80.19,+1.95%,코스닥,2068,452,101500,19300,-80250.0,0.20935960591133004,82200,5.259067357512953,,,,,-37원,,-37.0,1.53,13896.0,
제일파마홀딩스,12350.0,250.0,+2.07%,12300.0,12350.0,5204.0,64.0,1479.0,2022-05-22,002620,1948.0,-32.0,-48.0,-1.63,-2.45,-1.6,82.09,72.85,4563.6,-139.0,-33.91,26587.0,0.52,15973355,15973355,1523586,9.54%,80.19,+1.95%,코스피,1973,625,26500,11650,-14150.0,0.4660377358490566,14850,2.274678111587983,,,,,-411원,,-411.0,0.46,26587.0,0.53
대성미생물 *,14900.0,300.0,+2.05%,14850.0,14900.0,12228.0,181.0,9184.0,2022-05-22,036480,64.0,2.0,17.0,3.54,27.16,6.9,69.89,233.48,1923.36,455.0,21.3,10118.0,1.42,3800000,3800000,37030,0.97%,80.19,+1.95%,코스닥,566,1318,23700,11850,-8800.0,0.6286919831223629,11850,2.0,,,,22.04배,676원,22.04,676.0,1.47,10118.0,0.5
JW중외제약우,37450.0,750.0,+2.04%,37400.0,37450.0,664.0,24.0,190.0,2022-05-22,001065,1563.0,133.0,94.0,8.52,6.04,2.25,233.65,102.47,264.95,407.0,140.34,8745.0,3.13,182735,182735,68,0.04%,81.13,+1.95%,코스피,68,1657,57375,27520,-19925.0,0.6527233115468409,29855,2.08484738372093,36333.0,4.0,매수,,-41원,,-41.0,4.33,8652.0,0.93
한미약품,300500.0,6000.0,+2.04%,300000.0,300500.0,18128.0,5441.0,19654.0,2022-05-22,128940,3505.0,427.0,219.0,12.19,6.25,8.74,108.64,69.45,2682.8,1418.0,50.72,65683.0,4.2,12317971,12317971,1627492,13.21%,81.13,+1.95%,코스피,37016,92,371284,232500,-70784.0,0.8093534868187156,138784,1.5969204301075268,358214.0,3.93,매수,55.23배,"5,441원",55.23,5441.0,4.58,65683.0,0.16
CMG제약 *,3075.0,60.0,+1.99%,3070.0,3075.0,255723.0,782.0,423457.0,2022-05-22,058820,191.0,7.0,2.0,3.72,0.99,1.12,13.52,274.71,164.25,1.0,234.69,1333.0,2.61,138892244,138892244,8932053,6.43%,80.19,+1.95%,코스닥,4271,187,5610,2955,-2535.0,0.5481283422459893,2655,1.898477157360406,,,,205.00배,15원,205.0,15.0,2.31,1333.0,
제일바이오 *,2320.0,45.0,+1.98%,2315.0,2320.0,135348.0,312.0,181440.0,2022-05-22,052670,42.0,-11.0,-23.0,-25.06,-55.71,-1.89,4.9,942.38,180.51,-81.0,-131.87,1321.0,2.44,29129064,29129064,504644,1.73%,81.13,+1.95%,코스닥,676,1212,4530,2185,-2210.0,0.5121412803532008,2345,2.073226544622426,,,,,-24원,,-24.0,1.76,1321.0,
녹십자,181500.0,3500.0,+1.97%,181000.0,181500.0,18206.0,3299.0,17998.0,2022-05-22,006280,4169.0,418.0,180.0,10.04,4.32,9.66,66.45,115.58,2113.64,547.0,20.56,110167.0,1.83,11686538,11686538,2632959,22.53%,80.19,+1.95%,코스피,21211,138,398000,165000,-216500.0,0.45603015075376885,233000,2.412121212121212,236667.0,4.0,매수,18.47배,"9,827원",18.47,9827.0,1.65,110167.0,1.1
하이텍팜 *,10850.0,200.0,+1.88%,10750.0,10850.0,10396.0,112.0,41336.0,2022-05-22,106190,116.0,-15.0,-13.0,-12.67,-11.32,-1.42,30.94,100.34,2548.83,-186.0,-72.21,13244.0,1.03,7088782,7088782,3106447,43.82%,81.13,+1.95%,코스닥,769,1137,23850,10350,-13000.0,0.4549266247379455,13500,2.3043478260869565,,,,,-173원,,-173.0,0.82,13244.0,0.46
에스티팜 *,94200.0,1700.0,+1.84%,94100.0,94200.0,41402.0,3885.0,54405.0,2022-05-22,237690,517.0,-6.0,-50.0,-1.09,-9.59,1.07,52.92,203.44,3310.2,-242.0,784.24,17171.0,8.11,18808775,18808775,0,0.00%,81.13,+1.95%,코스닥,17718,21,150800,82100,-56600.0,0.6246684350132626,68700,1.8367844092570036,141875.0,4.0,매수,532.20배,177원,532.2,177.0,5.49,17171.0,0.53
KPX생명과학 *,5580.0,100.0,+1.82%,5570.0,5580.0,50577.0,279.0,64214.0,2022-05-22,114450,79.0,-18.0,-15.0,-22.2,-19.36,-5.42,27.85,105.93,648.48,-102.0,-48.31,3753.0,2.69,15000000,15000000,104361,0.70%,81.13,+1.95%,코스닥,837,1086,12700,5290,-7120.0,0.4393700787401575,7410,2.4007561436672966,,,,,-209원,,-209.0,1.49,3753.0,
아이큐어 *,11400.0,200.0,+1.79%,11350.0,11400.0,25550.0,289.0,61766.0,2022-05-22,175250,147.0,-119.0,-160.0,-80.64,-108.36,-36.71,118.28,65.59,934.79,-856.0,-8.67,5106.0,3.57,19001657,19001657,167544,0.88%,81.13,+1.95%,코스닥,2166,435,24985,10950,-13585.0,0.45627376425855515,14035,2.2817351598173516,,,,,"-2,098원",,-2098.0,2.23,5106.0,
유유제약1우,9370.0,160.0,+1.74%,9360.0,9370.0,6627.0,61.0,9216.0,2022-05-22,000225,355.0,6.0,-1.0,1.61,-0.21,-2.37,54.7,222.18,460.34,-15.0,-56.9,6335.0,1.28,2266930,2266930,24567,1.08%,80.19,+1.95%,코스피,212,1264,17200,7370,-7830.0,0.5447674418604651,9830,2.333785617367707,,,,,-142원,,-142.0,1.48,6335.0,1.17
바이온 *,1490.0,25.0,+1.71%,1480.0,1490.0,64281.0,94.0,176943.0,2022-05-22,032980,18.0,-12.0,-10.0,-64.38,-57.17,-37.95,39.36,165.67,-13.5,-29.0,-3.99,966.0,1.65,33450388,33450388,667769,2.00%,80.19,+1.95%,코스닥,498,1376,3711,1320,-2221.0,0.4015090272163837,2391,2.8113636363636365,,,,,-401원,,-401.0,1.54,966.0,
종근당,90400.0,1500.0,+1.69%,90400.0,90500.0,24287.0,2191.0,41429.0,2022-05-22,185750,3414.0,251.0,175.0,7.34,5.12,8.09,88.93,108.68,1916.49,1454.0,26.16,48208.0,2.04,11988038,11988038,844173,7.04%,81.13,+1.95%,코스피,1837,221,137454,87400,-47054.0,0.65767456749167,50054,1.572700228832952,121250.0,4.0,매수,25.36배,"3,564원",25.36,3564.0,1.88,47964.0,1.05
대한약품 *,28900.0,450.0,+1.58%,28750.0,28900.0,8447.0,244.0,7206.0,2022-05-22,023910,447.0,74.0,49.0,16.49,11.0,11.79,34.38,272.55,6660.27,819.0,7.6,33801.0,0.85,6000000,6000000,929038,15.48%,81.13,+1.95%,코스닥,1734,556,36300,25850,-7400.0,0.7961432506887053,10450,1.4042553191489362,40000.0,4.0,매수,7.65배,"3,778원",7.65,3778.0,0.86,33801.0,1.38
삼성바이오로직스,808000.0,12000.0,+1.51%,807000.0,808000.0,38779.0,31268.0,42562.0,2022-05-22,207940,5113.0,1764.0,1469.0,34.5,28.74,10.68,85.07,65.13,2518.3,2194.0,115.48,64542.0,12.81,71174000,71174000,7363402,10.35%,80.19,+1.95%,코스피,575086,4,1034746,684889,-226746.0,0.7808679617993208,349857,1.510822921670519,1092308.0,4.0,매수,112.82배,"7,162원",112.82,7162.0,12.52,64542.0,
JW신약 *,4425.0,65.0,+1.49%,4425.0,4430.0,754573.0,3407.0,407210.0,2022-05-22,067290,262.0,13.0,3.0,5.12,0.98,1.58,66.72,96.42,2.63,6.0,210.86,1205.0,3.35,46127437,46127437,1027965,2.23%,81.13,+1.95%,코스닥,2041,460,6250,3192,-1825.0,0.708,3058,1.9580200501253133,,,,232.89배,19원,232.89,19.0,3.67,1205.0,
대화제약 *,7630.0,110.0,+1.46%,7620.0,7630.0,13431.0,102.0,26244.0,2022-05-22,067080,297.0,5.0,-25.0,1.6,-8.26,2.74,112.64,45.63,854.64,-124.0,78.24,4548.0,2.05,18616650,18616650,304525,1.64%,81.13,+1.95%,코스닥,1420,675,13600,7420,-5970.0,0.5610294117647059,6180,1.8328840970350404,,,,64.12배,119원,64.12,119.0,1.68,4548.0,1.97
안국약품 *,9940.0,140.0,+1.43%,9930.0,9940.0,14575.0,144.0,39170.0,2022-05-22,001540,471.0,-15.0,30.0,-3.18,6.41,2.72,45.95,126.21,2197.23,241.0,35.43,12726.0,0.84,13042420,13042420,556535,4.27%,81.13,+1.95%,코스닥,1296,753,15000,8810,-5060.0,0.6626666666666666,6190,1.7026106696935301,,,,32.91배,302원,32.91,302.0,0.78,12726.0,2.21
테라젠이텍스 *,4965.0,70.0,+1.43%,4955.0,4965.0,73089.0,359.0,81508.0,2022-05-22,066700,479.0,16.0,53.0,3.31,10.98,-2.58,51.92,113.32,693.23,153.0,-28.3,5381.0,1.0,32474435,32474435,635191,1.96%,80.19,+1.95%,코스닥,1612,595,9280,4670,-4315.0,0.5350215517241379,4610,1.9871520342612419,,,,,-189원,,-189.0,0.92,5381.0,
씨티씨바이오 *,10750.0,150.0,+1.42%,10750.0,10800.0,456086.0,4978.0,400745.0,2022-05-22,060590,502.0,87.0,67.0,17.35,13.27,-2.62,86.11,87.38,740.59,283.0,-101.85,4066.0,2.53,24181020,24181020,664797,2.75%,80.19,+1.95%,코스닥,2599,356,14500,6410,-3750.0,0.7413793103448276,8090,2.2620904836193447,,,,,-101원,,-101.0,2.64,4066.0,
드림씨아이에스 *,11400.0,150.0,+1.33%,11350.0,11400.0,2687.0,30.0,2396.0,2022-05-22,223250,86.0,22.0,19.0,26.11,22.32,8.67,49.3,255.76,1317.37,338.0,22.58,6957.0,1.86,5925720,5925720,15609,0.26%,81.13,+1.95%,코스닥,676,1213,20000,9850,-8600.0,0.57,10150,2.030456852791878,,,,19.86배,574원,19.86,574.0,1.64,6957.0,
녹십자홀딩스2우,38800.0,500.0,+1.31%,38700.0,38800.0,78.0,3.0,245.0,2022-05-22,005257,5024.0,492.0,108.0,9.79,2.15,4.15,83.76,94.99,3708.47,-39.0,29.54,22231.0,1.08,845990,845990,1593,0.19%,81.13,+1.95%,코스피,328,1156,100000,38000,-61200.0,0.388,62000,2.6315789473684212,,,,34.77배,"1,116원",34.77,1116.0,1.72,22586.0,1.03
유나이티드제약,27400.0,350.0,+1.29%,27400.0,27450.0,26775.0,732.0,24941.0,2022-05-22,033270,636.0,111.0,115.0,17.47,18.03,10.52,29.36,240.44,3944.19,706.0,23.31,20701.0,2.14,16244822,16244822,1227950,7.56%,81.13,+1.95%,코스피,4451,384,64000,26200,-36600.0,0.428125,37800,2.4427480916030535,,,,15.53배,"1,764원",15.53,1764.0,1.35,20259.0,1.35
대한뉴팜 *,11800.0,150.0,+1.29%,11800.0,11850.0,108879.0,1284.0,109524.0,2022-05-22,054670,456.0,71.0,116.0,15.61,25.48,30.71,74.98,91.45,1102.81,809.0,7.59,6369.0,1.92,14354920,14354920,96363,0.67%,80.19,+1.95%,코스닥,1694,567,14400,9790,-2600.0,0.8194444444444444,4610,1.4708886618998978,,,,7.26배,"1,625원",7.26,1625.0,1.85,6369.0,0.68
경남제약 *,2785.0,35.0,+1.27%,2780.0,2785.0,79458.0,220.0,184418.0,2022-05-22,053950,133.0,-14.0,-23.0,-10.39,-17.32,-5.25,72.77,159.87,620.46,-101.0,-24.4,3198.0,1.22,30849565,30849565,386239,1.25%,81.13,+1.95%,코스닥,859,1063,8612,2695,-5827.0,0.3233859730608453,5917,3.195547309833024,,,,,-160원,,-160.0,0.87,3198.0,
삼성제약,3825.0,45.0,+1.19%,3825.0,3830.0,247331.0,958.0,112620.0,2022-05-22,001360,140.0,-75.0,-133.0,-53.69,-94.82,-32.33,14.29,353.8,242.03,-198.0,-8.12,1896.0,2.6,67162079,67162079,3192098,4.75%,81.13,+1.95%,코스피,2569,555,12350,3570,-8525.0,0.3097165991902834,8780,3.4593837535014007,,,,,-607원,,-607.0,2.02,1896.0,
환인제약,17150.0,200.0,+1.18%,17000.0,17150.0,14472.0,246.0,30167.0,2022-05-22,016580,488.0,97.0,83.0,19.89,16.93,8.07,10.63,453.58,3302.37,448.0,13.44,21009.0,0.86,18600070,18600070,2701824,14.53%,80.19,+1.95%,코스피,3190,474,23550,15950,-6400.0,0.7282377919320594,7600,1.4764890282131662,22000.0,4.0,매수,12.74배,"1,346원",12.74,1346.0,0.82,21009.0,1.75
퓨쳐켐 *,17300.0,200.0,+1.17%,17300.0,17350.0,58905.0,1011.0,55695.0,2022-05-22,220100,26.0,-25.0,-28.0,-97.51,-110.32,-16.7,49.05,60.32,623.19,-206.0,-24.65,3664.0,4.48,13691971,13691971,173396,1.27%,80.19,+1.95%,코스닥,2369,392,25900,13100,-8600.0,0.667953667953668,12800,1.9770992366412214,,,,,-665원,,-665.0,4.72,3664.0,
경보제약,7900.0,90.0,+1.15%,7900.0,7920.0,15601.0,122.0,32683.0,2022-05-22,214390,419.0,-33.0,-31.0,-7.9,-7.36,-4.97,62.65,60.23,1126.49,-129.0,-34.29,6095.0,1.76,23906860,23906860,191726,0.80%,81.13,+1.95%,코스피,1889,637,15300,7730,-7400.0,0.5163398692810458,7570,1.9793014230271668,,,,,-314원,,-314.0,1.3,6095.0,0.63
팜스빌 *,13350.0,150.0,+1.14%,13300.0,13350.0,9845.0,131.0,18392.0,2022-05-22,318010,66.0,3.0,-2.0,4.23,-2.97,8.71,25.3,537.07,1432.14,-25.0,21.73,7545.0,1.82,7929338,7929338,45185,0.57%,81.13,+1.95%,코스닥,1059,896,19850,9500,-6500.0,0.672544080604534,10350,2.0894736842105264,,,,21.16배,631원,21.16,631.0,1.77,7545.0,0.75
중앙백신 *,13650.0,150.0,+1.11%,13600.0,13650.0,12810.0,174.0,28053.0,2022-05-22,072020,110.0,5.0,23.0,4.71,21.36,,21.49,152.26,1827.26,235.0,,9528.0,1.57,9960000,9960000,175941,1.77%,81.13,+1.95%,코스닥,1360,708,19750,12700,-6100.0,0.6911392405063291,7050,1.5551181102362204,,,,17.89배,763원,17.89,763.0,1.43,9528.0,0.73
콜마비앤에이치 *,28450.0,300.0,+1.07%,28400.0,28450.0,85406.0,2418.0,75926.0,2022-05-22,200130,1441.0,240.0,183.0,16.68,12.67,19.67,39.12,148.69,2504.81,612.0,13.13,13051.0,2.38,29543558,29543558,537119,1.82%,81.13,+1.95%,코스닥,8405,79,55800,25800,-27350.0,0.5098566308243727,30000,2.1627906976744184,47000.0,4.0,매수,12.03배,"2,365원",12.03,2365.0,2.18,13051.0,1.35
제일약품,24000.0,250.0,+1.05%,24000.0,24200.0,9158.0,219.0,10716.0,2022-05-22,271980,1800.0,-35.0,-44.0,-1.93,-2.47,-8.89,163.88,80.47,1904.32,-267.0,-27.26,11183.0,2.5,14704872,14704872,442170,3.01%,80.19,+1.95%,코스피,3529,442,47000,23500,-23000.0,0.5106382978723404,23500,2.0,,,,,"-1,025원",,-1025.0,2.15,11183.0,0.27
에스텍파마 *,9180.0,90.0,+0.99%,9160.0,9180.0,23563.0,216.0,3718.0,2022-05-22,041910,167.0,1.0,-3.0,0.82,-1.62,5.74,8.97,686.39,2006.99,-23.0,16.61,10556.0,0.91,11898263,11898263,206516,1.74%,81.13,+1.95%,코스닥,1092,883,13650,8050,-4470.0,0.6725274725274726,5600,1.6956521739130435,,,,15.88배,578원,15.88,578.0,0.87,10556.0,1.09
대봉엘에스 *,9270.0,90.0,+0.98%,9270.0,9290.0,10740.0,99.0,21783.0,2022-05-22,078140,224.0,23.0,23.0,10.26,10.12,6.37,18.69,159.83,1897.84,131.0,13.73,9993.0,0.84,11086579,11086579,241214,2.18%,81.13,+1.95%,코스닥,1028,916,13000,7450,-3730.0,0.713076923076923,5550,1.74496644295302,12000.0,4.0,매수,15.15배,612원,15.15,612.0,0.93,9993.0,0.54
신풍제약우,47000.0,450.0,+0.97%,47000.0,47100.0,3921.0,185.0,5325.0,2022-05-22,019175,468.0,-70.0,-53.0,-14.92,-11.34,-5.15,11.26,589.94,1259.11,-97.0,-116.31,6792.0,5.7,2200000,2200000,8706,0.40%,80.19,+1.95%,코스피,1034,856,146500,30950,-99500.0,0.32081911262798635,115550,4.733441033925686,,,,,-333원,,-333.0,6.92,6792.0,
티움바이오 *,15950.0,150.0,+0.95%,15900.0,15950.0,21547.0,342.0,30387.0,2022-05-22,321550,-1.0,-105.0,-117.0,8075.48,8929.62,-37.2,25.91,938.02,562.35,-444.0,-14.8,3462.0,5.57,23976226,23976226,29527,0.12%,81.13,+1.95%,코스닥,3824,216,27500,15600,-11550.0,0.58,11900,1.7628205128205128,,,,,"-1,304원",,-1304.0,4.61,3462.0,
휴럼 *,1595.0,15.0,+0.95%,1590.0,1595.0,690316.0,1110.0,553428.0,2022-05-22,353190,138.0,-11.0,-43.0,-8.03,-31.15,,32.93,245.59,856.06,-118.0,,956.0,1.78,38380420,38380420,222246,0.58%,81.13,+1.95%,코스닥,612,1274,4135,1430,-2540.0,0.3857315598548972,2705,2.8916083916083917,,,,,-216원,,-216.0,1.67,956.0,
고려제약 *,8660.0,80.0,+0.93%,8650.0,8660.0,9155.0,79.0,15045.0,2022-05-22,014570,223.0,48.0,34.0,21.64,15.27,12.26,15.55,334.17,1323.19,310.0,10.86,7112.0,1.26,11000000,11000000,174934,1.59%,81.13,+1.95%,코스닥,953,969,12150,7650,-3490.0,0.7127572016460906,4500,1.588235294117647,,,,10.54배,822원,10.54,822.0,1.22,7112.0,1.96
대웅제약,163500.0,1500.0,+0.93%,163500.0,164000.0,20794.0,3419.0,28798.0,2022-05-22,069620,2984.0,230.0,131.0,7.72,4.39,10.73,103.8,74.78,2076.05,1175.0,30.95,53627.0,3.06,11586575,11586575,869625,7.51%,81.13,+1.95%,코스피,18944,149,188500,127000,-25000.0,0.8673740053050398,61500,1.484251968503937,217909.0,4.0,매수,76.83배,"2,128원",76.83,2128.0,3.16,51816.0,0.37
현대약품,4945.0,45.0,+0.92%,4945.0,4950.0,53487.0,263.0,60405.0,2022-05-22,004310,375.0,26.0,12.0,6.88,3.14,-1.18,84.19,145.23,539.78,37.0,-152.0,3115.0,1.58,32000000,32000000,521387,1.63%,80.19,+1.95%,코스피,1582,688,7470,4645,-2525.0,0.6619812583668006,2825,1.6081808396124866,,,,,-32원,,-32.0,1.59,3115.0,0.61
초록뱀헬스케어,1110.0,10.0,+0.91%,1110.0,1115.0,210773.0,233.0,556584.0,2022-05-22,118000,24.0,-2.0,23.0,-7.21,94.52,,47.66,147.78,193.75,28.0,,1468.0,1.03,84704985,84704985,1056713,1.25%,81.13,+1.95%,코스피,940,885,2325,1065,-1215.0,0.4774193548387097,1260,2.183098591549296,,,,9.82배,113원,9.82,113.0,0.76,1468.0,
유유제약,7030.0,60.0,+0.86%,7030.0,7040.0,43882.0,308.0,52003.0,2022-05-22,000220,355.0,6.0,-1.0,1.61,-0.21,-2.37,54.7,222.18,460.34,-15.0,-56.9,6335.0,1.28,17232351,17232351,377041,2.19%,80.19,+1.95%,코스피,1211,773,12200,6220,-5170.0,0.5762295081967214,5980,1.9614147909967845,,,,,-142원,,-142.0,1.11,6335.0,1.49
씨엔알리서치 *,1925.0,15.0,+0.79%,1925.0,1930.0,40608.0,78.0,62960.0,2022-05-22,359090,-,-,-,,,-0.03,14.53,,1743.97,,-4654.98,,1.44,53222419,53222419,35201,0.07%,81.13,+1.95%,코스닥,1025,919,4242,1595,-2317.0,0.4537953795379538,2647,2.659561128526646,,,,,-66원,,-66.0,,,
종근당홀딩스,64500.0,500.0,+0.78%,64500.0,64700.0,5090.0,326.0,3930.0,2022-05-22,001630,2377.0,-11.0,20.0,-0.47,0.82,2.35,62.9,67.32,4282.91,589.0,28.5,108546.0,0.66,5009861,5009861,314204,6.27%,81.13,+1.95%,코스피,3231,470,111500,63300,-47000.0,0.57847533632287,48200,1.7614533965244865,,,,20.21배,"3,192원",20.21,3192.0,0.59,109358.0,2.17
마이더스AI *,2585.0,20.0,+0.78%,2585.0,2590.0,4177973.0,10885.0,28054892.0,2022-05-22,222810,179.0,14.0,-20.0,7.97,-11.03,-25.03,64.12,88.14,176.6,-49.0,-5.01,1331.0,1.39,34484867,34484867,0,0.00%,81.13,+1.95%,코스닥,891,1026,2985,1035,-400.0,0.8659966499162479,1950,2.8840579710144927,,,,,-370원,,-370.0,1.94,1331.0,
하나제약,19550.0,150.0,+0.77%,19500.0,19550.0,5320.0,103.0,8390.0,2022-05-22,293480,507.0,81.0,61.0,15.87,12.02,12.42,34.73,134.16,2754.72,343.0,11.6,14393.0,1.34,17772946,17772946,198260,1.12%,81.13,+1.95%,코스피,3475,447,23900,17750,-4350.0,0.8179916317991632,6150,1.3464788732394366,28000.0,4.0,매수,12.40배,"1,576원",12.4,1576.0,1.34,14561.0,2.61
대웅,28600.0,200.0,+0.70%,28600.0,28650.0,37184.0,1071.0,35024.0,2022-05-22,003090,4051.0,469.0,457.0,11.57,11.28,11.13,67.13,116.12,2700.41,523.0,22.91,17576.0,1.77,58141980,58141980,2640877,4.54%,81.13,+1.95%,코스피,16629,163,49550,23850,-20950.0,0.5771947527749748,25700,2.0775681341719077,,,,21.11배,"1,355원",21.11,1355.0,1.63,17576.0,0.35
서울제약 *,6140.0,40.0,+0.66%,6140.0,6160.0,23310.0,144.0,22534.0,2022-05-22,018680,115.0,-18.0,-51.0,-15.96,-44.21,-40.53,228.36,63.66,344.78,-599.0,-6.91,2224.0,3.53,8524523,8524523,182213,2.14%,81.13,+1.95%,코스닥,523,1361,12250,5760,-6110.0,0.5012244897959184,6490,2.126736111111111,,,,,"-1,137원",,-1137.0,2.76,2224.0,
한국파마 *,31500.0,200.0,+0.64%,31500.0,31650.0,16942.0,534.0,30572.0,2022-05-22,032300,186.0,13.0,5.0,7.2,2.93,11.58,123.63,333.76,905.29,50.0,72.2,5264.0,7.59,10906701,10906701,32002,0.29%,80.19,+1.95%,코스닥,3436,246,85500,28800,-54000.0,0.3684210526315789,56700,2.96875,,,,56.96배,553원,56.96,553.0,5.98,5264.0,0.16
위더스제약 *,9450.0,60.0,+0.64%,9440.0,9450.0,16407.0,155.0,34852.0,2022-05-22,330350,176.0,28.0,22.0,15.93,12.53,6.34,45.02,175.09,3002.19,167.0,27.99,6256.0,1.73,13192778,13192778,86024,0.65%,80.19,+1.95%,코스닥,1247,780,17200,9010,-7750.0,0.5494186046511628,8190,1.9089900110987792,,,,24.48배,386원,24.48,386.0,1.51,6256.0,0.51
JW중외제약,24300.0,150.0,+0.62%,24250.0,24300.0,65376.0,1598.0,97851.0,2022-05-22,001060,1563.0,133.0,94.0,8.52,6.04,2.25,233.65,102.47,264.95,407.0,140.34,8745.0,3.13,22178081,22178081,1823490,8.22%,81.13,+1.95%,코스피,5389,333,31900,18200,-7600.0,0.7617554858934169,13700,1.7527472527472527,36333.0,4.0,매수,,-41원,,-41.0,2.81,8652.0,1.3
이연제약,26350.0,150.0,+0.57%,26350.0,26450.0,72417.0,1904.0,126120.0,2022-05-22,102460,372.0,30.0,19.0,7.96,5.1,2.73,96.33,229.78,2579.88,102.0,85.34,13291.0,2.25,17998577,17998577,271223,1.51%,81.13,+1.95%,코스피,4743,364,77700,23950,-51350.0,0.33912483912483915,53750,3.244258872651357,,,,86.39배,305원,86.39,305.0,1.96,13436.0,0.95
알리코제약 *,7040.0,40.0,+0.57%,7010.0,7040.0,20327.0,142.0,26487.0,2022-05-22,260660,429.0,33.0,29.0,7.69,6.73,7.0,65.35,157.68,1016.47,189.0,21.63,5527.0,1.45,15327021,15327021,206245,1.35%,80.19,+1.95%,코스닥,1079,889,11750,6280,-4710.0,0.5991489361702128,5470,1.8710191082802548,,,,19.08배,369원,19.08,369.0,1.27,5527.0,0.99
유한양행우,56900.0,300.0,+0.53%,56700.0,56900.0,494.0,28.0,371.0,2022-05-22,000105,4240.0,48.0,157.0,1.12,3.71,5.45,27.27,188.33,2687.89,230.0,45.05,28159.0,2.21,1180940,1180940,0,0.00%,81.13,+1.95%,코스피,672,976,72800,53501,-15900.0,0.7815934065934066,19299,1.3607222294910375,83318.0,4.0,매수,41.26배,"1,379원",41.26,1379.0,2.02,28159.0,0.72
신신제약 *,5740.0,30.0,+0.53%,5720.0,5740.0,5651.0,32.0,7555.0,2022-05-22,002800,181.0,2.0,-1.0,1.23,-0.63,-2.66,108.59,76.9,624.18,-8.0,-66.3,3621.0,1.78,15170500,15170500,114974,0.76%,81.13,+1.95%,코스닥,871,1048,9170,5140,-3430.0,0.6259541984732825,4030,1.784046692607004,,,,,-97원,,-97.0,1.59,3621.0,
유한양행,58500.0,300.0,+0.52%,58400.0,58500.0,167939.0,9815.0,161514.0,2022-05-22,000100,4240.0,48.0,157.0,1.12,3.71,5.45,27.27,188.33,2687.89,230.0,45.05,28159.0,2.21,73231476,73231476,13085921,17.87%,81.13,+1.95%,코스피,42840,80,67200,54500,-8700.0,0.8705357142857143,12700,1.2330275229357799,83318.0,4.0,매수,42.42배,"1,379원",42.42,1379.0,2.08,28159.0,0.65
경동제약 *,10050.0,50.0,+0.50%,10050.0,10100.0,86273.0,869.0,491570.0,2022-05-22,011040,469.0,17.0,20.0,3.67,4.33,4.86,12.17,209.76,1674.7,66.0,27.8,9540.0,1.2,30768766,30768766,1558150,5.06%,81.13,+1.95%,코스닥,3092,284,17650,9700,-7600.0,0.5694050991501416,7950,1.8195876288659794,,,,24.39배,412원,24.39,412.0,1.05,9540.0,4.97
일양약품,23850.0,100.0,+0.42%,23850.0,23900.0,21213.0,506.0,20081.0,2022-05-22,007570,857.0,111.0,97.0,12.96,11.33,9.25,71.75,76.02,254.96,308.0,26.45,12149.0,2.23,19085664,19085664,2005415,10.51%,80.19,+1.95%,코스피,4552,372,39800,21600,-15950.0,0.5992462311557789,18200,1.8425925925925926,,,,23.29배,"1,024원",23.29,1024.0,1.96,12149.0,0.84
이수앱지스 *,7140.0,30.0,+0.42%,7140.0,7150.0,95527.0,682.0,74361.0,2022-05-22,086890,76.0,-43.0,88.0,-56.8,115.75,1.44,109.99,869.25,315.43,266.0,340.81,2168.0,4.05,33182668,33182668,177907,0.54%,81.13,+1.95%,코스닥,2369,391,17400,6220,-10260.0,0.4103448275862069,11180,2.797427652733119,,,,274.62배,26원,274.62,26.0,3.29,2168.0,
SK바이오팜,86300.0,300.0,+0.35%,86300.0,86400.0,77071.0,6653.0,100423.0,2022-05-22,326030,411.0,-371.0,-352.0,-90.26,-85.56,-21.62,50.91,317.89,917.87,-450.0,-70.78,5251.0,17.1,78313250,78313250,4738226,6.05%,81.13,+1.95%,코스피,67584,53,137500,73000,-51200.0,0.6276363636363637,64500,1.8835616438356164,120000.0,4.0,매수,104.23배,828원,104.23,828.0,15.22,5672.0,
영진약품,4400.0,15.0,+0.34%,4400.0,4405.0,239977.0,1061.0,483257.0,2022-05-22,003520,523.0,-8.0,-15.0,-1.51,-2.78,-10.42,96.45,96.62,13.09,-8.0,-84.45,565.0,9.2,182892731,182892731,7618321,4.17%,80.19,+1.95%,코스피,8047,269,6450,4015,-2050.0,0.6821705426356589,2435,1.6064757160647571,,,,,-62원,,-62.0,7.79,565.0,
녹십자웰빙 *,8980.0,30.0,+0.34%,8960.0,8980.0,11414.0,102.0,13541.0,2022-05-22,234690,252.0,6.0,5.0,2.2,1.99,7.82,57.43,69.56,899.16,28.0,26.88,4974.0,2.04,17752276,17752276,239489,1.35%,81.13,+1.95%,코스닥,1594,601,14100,8300,-5120.0,0.6368794326241135,5800,1.6987951807228916,,,,23.76배,378원,23.76,378.0,1.81,4974.0,0.89
진양제약 *,6790.0,20.0,+0.30%,6750.0,6790.0,34405.0,233.0,28895.0,2022-05-22,007370,175.0,25.0,27.0,14.08,15.43,16.57,50.8,106.51,883.01,225.0,8.98,5844.0,1.2,12000000,12000000,409619,3.41%,81.13,+1.95%,코스닥,815,1100,9230,5840,-2440.0,0.7356446370530878,3390,1.5804794520547945,,,,8.54배,795원,8.54,795.0,1.16,5844.0,1.47
명문제약,3495.0,10.0,+0.29%,3490.0,3495.0,21959.0,76.0,43935.0,2022-05-22,017180,345.0,1.0,9.0,0.16,2.59,-7.71,157.43,35.95,225.59,28.0,-21.26,2402.0,1.7,33953454,33953454,444659,1.31%,80.19,+1.95%,코스피,1187,785,6400,3300,-2905.0,0.54609375,3100,1.9393939393939394,,,,,-192원,,-192.0,1.46,2402.0,
일동홀딩스,40200.0,100.0,+0.25%,40200.0,40250.0,608236.0,24198.0,578896.0,2022-05-22,000230,1506.0,-269.0,-1074.0,-17.83,-71.28,-80.54,402.22,50.99,327.64,-4352.0,-2.41,4723.0,3.13,11540400,11540400,120768,1.05%,81.13,+1.95%,코스피,4639,369,59200,10950,-19000.0,0.6790540540540541,48250,5.406392694063927,,,,,"-6,143원",,-6143.0,8.51,4723.0,0.25
JW홀딩스,3955.0,10.0,+0.25%,3955.0,3990.0,23516.0,93.0,68328.0,2022-05-22,096760,2314.0,269.0,-158.0,11.61,-6.85,-2.74,249.64,60.3,225.94,-157.0,-86.97,1356.0,2.53,70444706,70444706,1673696,2.38%,81.13,+1.95%,코스피,2786,527,4687,3069,-732.0,0.84382334115639,1618,1.527207559465624,,,,,-39원,,-39.0,2.92,1356.0,2.21
바이오플러스 *,24300.0,50.0,+0.21%,24300.0,24350.0,65184.0,1586.0,82053.0,2022-05-22,099430,111.0,46.0,32.0,41.53,28.83,18.78,9.86,663.33,1104.64,228.0,35.5,5617.0,4.9,14482716,14482716,167193,1.15%,81.13,+1.95%,코스닥,3519,242,43000,20350,-18700.0,0.5651162790697675,22650,2.113022113022113,35333.0,4.0,매수,29.45배,825원,29.45,825.0,4.33,5617.0,
일양약품우,26000.0,50.0,+0.19%,25900.0,26000.0,504.0,12.0,91.0,2022-05-22,007575,857.0,111.0,97.0,12.96,11.33,9.25,71.75,76.02,254.96,308.0,26.45,12149.0,2.23,445080,445080,1172,0.26%,80.19,+1.95%,코스피,116,1441,41400,24000,-15400.0,0.6280193236714976,17400,1.725,,,,25.39배,"1,024원",25.39,1024.0,2.14,12149.0,0.87
진바이오텍 *,5370.0,10.0,+0.19%,5370.0,5420.0,505366.0,2692.0,329413.0,2022-05-22,086060,191.0,5.0,4.0,2.63,1.9,0.77,40.39,194.12,721.03,42.0,125.52,5124.0,0.96,8610587,8610587,46494,0.54%,80.19,+1.95%,코스닥,462,1398,8220,4310,-2850.0,0.6532846715328468,3910,1.9071925754060324,,,,137.69배,39원,137.69,39.0,1.05,5124.0,
동아에스티,64500.0,100.0,+0.16%,64500.0,64600.0,4644.0,299.0,17748.0,2022-05-22,170900,1563.0,82.0,17.0,5.22,1.11,2.15,81.22,115.29,1102.97,206.0,42.86,76946.0,0.91,8446510,8446510,1689902,20.01%,81.13,+1.95%,코스피,5448,332,101000,63300,-36500.0,0.6386138613861386,37700,1.5955766192733016,82750.0,4.0,매수,42.49배,"1,518원",42.49,1518.0,0.83,77762.0,1.55
종근당바이오,32700.0,50.0,+0.15%,32700.0,33200.0,7875.0,259.0,7038.0,2022-05-22,063160,469.0,-3.0,-12.0,-0.63,-2.57,-3.57,85.17,90.36,1068.81,-220.0,-34.35,29223.0,1.25,5485962,5485962,54222,0.99%,81.13,+1.95%,코스피,1794,649,64000,31000,-31300.0,0.5109375,33000,2.064516129032258,,,,,"-1,199원",,-1199.0,1.11,29437.0,0.31
삼일제약,8160.0,10.0,+0.12%,8160.0,8170.0,33018.0,269.0,23129.0,2022-05-22,000520,459.0,23.0,3.0,5.12,0.73,-8.66,268.47,56.54,919.22,25.0,-21.08,5179.0,1.7,13701645,13701645,411023,3.00%,80.19,+1.95%,코스피,1118,822,11700,7110,-3540.0,0.6974358974358974,4590,1.6455696202531647,,,,,-416원,,-416.0,1.58,5179.0,0.98
동성제약,7980.0,0.0,0.00%,7970.0,7980.0,14999.0,119.0,17775.0,2022-05-22,002210,208.0,-27.0,-30.0,-12.93,-14.27,-8.51,125.2,86.37,108.23,-114.0,-50.72,2008.0,4.17,26100970,26100970,1262281,4.84%,81.13,+1.95%,코스피,2083,613,11600,7440,-3620.0,0.6879310344827586,4160,1.5591397849462365,,,,,-165원,,-165.0,3.97,2008.0,
HLB제약 *,18000.0,0.0,0.00%,18000.0,18050.0,1869638.0,33661.0,12880932.0,2022-05-22,047920,176.0,-9.0,16.0,-4.89,8.99,-21.5,62.83,85.96,471.49,63.0,-23.55,3004.0,4.49,26775321,26775321,111611,0.42%,81.13,+1.95%,코스닥,4820,162,30200,7860,-12200.0,0.5960264900662252,22340,3.842239185750636,,,,,-573원,,-573.0,5.99,3004.0,
한국유니온제약 *,8380.0,0.0,0.00%,8380.0,8410.0,17428.0,146.0,12219.0,2022-05-22,080720,115.0,-73.0,-66.0,-63.84,-57.62,-18.41,127.44,108.0,1340.17,-836.0,-7.22,6934.0,1.46,7903728,7903728,54724,0.69%,81.13,+1.95%,코스닥,662,1226,16400,8110,-8020.0,0.5109756097560976,8290,2.0221948212083847,,,,,"-1,406원",,-1406.0,1.21,6934.0,
코오롱생명과학 *,33750.0,0.0,0.00%,33700.0,33750.0,15724.0,530.0,23880.0,2022-05-22,102940,445.0,-12.0,-84.0,-2.67,-18.85,-1.75,136.05,54.49,1814.13,-734.0,-358.99,8720.0,4.96,11412356,11412356,241148,2.11%,81.13,+1.95%,코스닥,3852,215,46450,23150,-12700.0,0.7265877287405813,23300,2.0064794816414686,,,,,-120원,,-120.0,3.87,8720.0,
비씨월드제약 *,11800.0,0.0,0.00%,11750.0,11800.0,13437.0,159.0,10516.0,2022-05-22,200780,159.0,11.0,6.0,6.69,3.61,2.43,103.25,31.49,5779.34,63.0,47.79,12164.0,1.11,8892384,8892384,256506,2.88%,80.19,+1.95%,코스닥,1049,902,23050,11350,-11250.0,0.5119305856832972,11700,2.0308370044052864,,,,41.99배,281원,41.99,281.0,0.97,12164.0,0.85
지엘팜텍 *,1035.0,0.0,0.00%,1030.0,1035.0,648993.0,665.0,1024311.0,2022-05-22,204840,42,-,-4,-0.07,-10.45,-23.92,82.47,203.12,169.46,-8.0,-18.47,272.0,4.55,62104061,62104061,219859,0.35%,81.13,+1.95%,코스닥,643,1247,1690,801,-655.0,0.6124260355029586,889,2.1098626716604243,,,,,-67원,,-67.0,3.81,272.0,
뉴트리 *,16700.0,0.0,0.00%,16650.0,16700.0,13518.0,225.0,14800.0,2022-05-22,270870,518.0,8.0,28.0,1.58,5.5,24.05,56.35,280.56,2029.33,304.0,10.16,10475.0,2.1,9200224,9200224,282805,3.07%,81.13,+1.95%,코스닥,1536,628,40650,16500,-23950.0,0.4108241082410824,24150,2.463636363636364,,,,7.73배,"2,161원",7.73,2161.0,1.59,10475.0,1.5
씨케이에이치 *,259.0,0.0,0.00%,259.0,261.0,348876.0,91.0,744722.0,2022-05-22,900120,213.0,-5.0,-3.0,-2.23,-1.4,1.17,2.76,710.22,4968.75,-2.0,6.71,3290.0,0.08,123012232,123012232,25270419,20.54%,80.19,+1.95%,코스닥,319,1468,445,210,-186.0,0.5820224719101124,235,2.119047619047619,,,,7.00배,37원,7.0,37.0,0.08,3290.0,
일성신약,81700.0,100.0,-0.12%,81600.0,81700.0,1149.0,93.0,614.0,2022-05-22,003120,151.0,3.0,5.0,2.21,3.52,1.41,8.19,1076.16,3144.57,199.0,43.7,229136.0,0.34,2660000,2660000,51471,1.94%,80.19,+1.95%,코스피,2173,605,92500,68900,-10800.0,0.8832432432432432,23600,1.3425253991291728,,,,45.19배,"1,808원",45.19,1808.0,0.36,229136.0,0.92
에이디엠코리아 *,4070.0,5.0,-0.12%,4070.0,4075.0,162134.0,661.0,265210.0,2022-05-22,187660,40.0,7.0,5.0,18.51,12.77,,14.67,705.22,1482.01,26.0,,1538.0,3.86,21836250,21836250,102491,0.47%,81.13,+1.95%,코스닥,889,1030,11000,3925,-6930.0,0.37,7075,2.8025477707006368,,,,42.40배,96원,42.4,96.0,2.65,1538.0,
광동제약,6780.0,10.0,-0.15%,6780.0,6800.0,68816.0,467.0,77302.0,2022-05-22,009290,3608.0,123.0,69.0,3.41,1.9,4.92,67.64,101.55,931.76,126.0,16.22,12151.0,0.61,52420851,52420851,9923545,18.93%,81.13,+1.95%,코스피,3554,440,9900,6390,-3120.0,0.6848484848484848,3510,1.5492957746478873,,,,14.80배,458원,14.8,458.0,0.56,12151.0,1.48
코스맥스엔비티 *,5860.0,10.0,-0.17%,5810.0,5860.0,52653.0,307.0,49857.0,2022-05-22,222040,713.0,8.0,-15.0,1.13,-2.08,-11.3,431.47,54.05,432.07,-56.0,-18.65,2684.0,2.15,20628000,20628000,290639,1.41%,81.13,+1.95%,코스닥,1209,803,12900,4670,-7040.0,0.4542635658914729,8230,2.7623126338329764,11000.0,4.0,매수,,-310원,,-310.0,2.18,2684.0,
카이노스메드 *,2405.0,5.0,-0.21%,2400.0,2405.0,148720.0,358.0,150353.0,2022-05-22,284620,13.0,-14.0,-28.0,-113.88,-221.03,-132.58,187.37,143.72,-6.66,-26.0,-16.59,110.0,23.14,110565888,110565888,4115977,3.72%,81.13,+1.95%,코스닥,2659,342,4480,1725,-2075.0,0.5368303571428571,2755,2.597101449275362,,,,,-153원,,-153.0,21.86,110.0,
한창바이오텍 *,1715.0,5.0,-0.29%,1705.0,1715.0,54896.0,94.0,125900.0,2022-05-22,043090,17.0,-4.0,17.0,-22.96,101.16,0.38,74.45,69.07,120.4,45.0,638.94,929.0,2.13,37789743,37789743,164945,0.44%,80.19,+1.95%,코스닥,648,1237,3400,1180,-1685.0,0.5044117647058823,2220,2.8813559322033897,,,,171.50배,10원,171.5,10.0,1.85,929.0,
옵티팜 *,9470.0,30.0,-0.32%,9460.0,9470.0,17406.0,164.0,38380.0,2022-05-22,153710,42,-4,-,-8.85,0.77,-9.52,32.99,310.9,294.28,2.0,-44.47,2122.0,4.44,14669958,14669958,60159,0.41%,81.13,+1.95%,코스닥,1389,690,17950,8700,-8480.0,0.5275766016713092,9250,2.0632183908045976,,,,,-212원,,-212.0,4.46,2122.0,
삼진제약,24750.0,100.0,-0.40%,24750.0,25000.0,24336.0,602.0,15655.0,2022-05-22,005500,608.0,51.0,36.0,8.38,5.97,11.52,55.88,101.1,1717.78,261.0,13.9,18529.0,1.36,13900000,13900000,1123886,8.09%,80.19,+1.95%,코스피,3440,450,30500,23400,-5750.0,0.8114754098360656,7100,1.3034188034188035,34000.0,4.0,매수,13.64배,"1,815원",13.64,1815.0,1.34,18529.0,3.23
아미노로직스 *,2490.0,10.0,-0.40%,2490.0,2500.0,3820470.0,9686.0,4620539.0,2022-05-22,074430,65.0,9.0,-10.0,14.03,-15.51,9.49,9.85,594.72,579.19,-12.0,35.97,676.0,3.25,87826844,87826844,737859,0.84%,81.13,+1.95%,코스닥,2187,432,4005,1805,-1515.0,0.6217228464419475,2200,2.218836565096953,,,,40.82배,61원,40.82,61.0,3.68,676.0,
코스맥스비티아이,12000.0,50.0,-0.41%,12000.0,12100.0,5149.0,61.0,6602.0,2022-05-22,044820,1517.0,21.0,17.0,1.4,1.14,4.29,176.18,50.77,7025.38,315.0,9.89,32816.0,0.41,9603921,9603921,460314,4.79%,81.13,+1.95%,코스피,1152,802,21550,10850,-9550.0,0.5568445475638051,10700,1.9861751152073732,,,,8.15배,"1,472원",8.15,1472.0,0.37,32252.0,2.17
동화약품,11850.0,50.0,-0.42%,11800.0,11850.0,93155.0,1108.0,93821.0,2022-05-22,000020,853.0,91.0,58.0,10.61,6.8,5.22,27.69,240.82,1138.96,187.0,21.59,12519.0,1.09,27931470,27931470,1085662,3.89%,80.19,+1.95%,코스피,3310,462,21550,11250,-9700.0,0.5498839907192575,10300,1.9155555555555555,,,,18.75배,632원,18.75,632.0,0.95,12519.0,1.52
에스씨엠생명과학 *,10700.0,50.0,-0.47%,10700.0,10750.0,37398.0,398.0,59776.0,2022-05-22,298060,1.0,-15.0,-67.0,-1277.94,-5716.27,-41.82,21.14,230.01,626.99,-557.0,-10.34,3711.0,5.24,12120570,12120570,764922,6.31%,81.13,+1.95%,코스닥,1297,752,35250,10000,-24550.0,0.30354609929078014,25250,3.525,,,,,"-1,882원",,-1882.0,2.88,3711.0,
큐라클 *,21400.0,100.0,-0.47%,21350.0,21400.0,148160.0,3195.0,300952.0,2022-05-22,365270,63.0,19.0,21.0,30.06,33.64,,19.11,1528.27,679.79,155.0,,4020.0,5.64,13785968,13785968,67529,0.49%,81.13,+1.95%,코스닥,2950,302,62400,11850,-41000.0,0.34294871794871795,50550,5.265822784810126,,,,,-541원,,-541.0,5.32,4019.0,
에이치엘사이언스 *,38800.0,200.0,-0.51%,38700.0,38800.0,2526.0,98.0,7590.0,2022-05-22,239610,199.0,23.0,29.0,11.8,14.82,,9.73,685.75,4067.82,547.0,,20444.0,1.75,5392115,5392115,31695,0.59%,81.13,+1.95%,코스닥,2092,447,40500,26750,-1700.0,0.9580246913580247,13750,1.514018691588785,,,,15.45배,"2,511원",15.45,2511.0,1.9,20444.0,1.03
화일약품 *,2845.0,15.0,-0.52%,2845.0,2850.0,316118.0,904.0,643678.0,2022-05-22,061250,317.0,18.0,20.0,5.6,6.38,2.18,7.28,636.3,451.26,30.0,58.88,2781.0,1.29,68052006,68052006,683190,1.00%,80.19,+1.95%,코스닥,1936,483,4360,1970,-1515.0,0.6525229357798165,2390,2.213197969543147,,,,46.64배,61원,46.64,61.0,1.02,2781.0,
유유제약2우B,18650.0,100.0,-0.53%,18650.0,18700.0,498.0,9.0,791.0,2022-05-22,000227,355.0,6.0,-1.0,1.61,-0.21,-2.37,54.7,222.18,460.34,-15.0,-56.9,6335.0,1.28,325560,325560,80,0.02%,80.19,+1.95%,코스피,61,1696,37600,15050,-18950.0,0.49601063829787234,22550,2.4983388704318936,,,,,-142원,,-142.0,2.94,6335.0,0.59
국제약품,5550.0,30.0,-0.54%,5550.0,5580.0,47767.0,265.0,127487.0,2022-05-22,002720,333.0,31.0,21.0,9.3,6.45,-0.37,106.52,63.44,126.73,106.0,-422.02,3660.0,1.51,20195149,20195149,393411,1.95%,80.19,+1.95%,코스피,1121,818,9051,4559,-3501.0,0.6131919124958568,4492,1.9853037946918184,,,,,-13원,,-13.0,1.52,3660.0,
대원제약,16800.0,100.0,-0.59%,16800.0,16850.0,107648.0,1821.0,110052.0,2022-05-22,003220,1171.0,139.0,102.0,11.89,8.69,11.96,100.55,105.48,2017.75,481.0,15.37,10611.0,1.7,21842836,21842836,3295447,15.09%,81.13,+1.95%,코스피,3670,432,23712,13341,-6912.0,0.708502024291498,10371,1.7773780076456038,23538.0,4.0,매수,52.50배,320원,52.5,320.0,1.63,10335.0,1.16
동구바이오제약 *,7230.0,50.0,-0.69%,7220.0,7230.0,42386.0,307.0,38088.0,2022-05-22,006620,402.0,24.0,19.0,6.09,4.66,,54.59,72.91,633.9,66.0,,3571.0,2.3,28464992,28464992,234150,0.82%,81.13,+1.95%,코스닥,2058,456,10900,6450,-3670.0,0.6633027522935779,4450,1.689922480620155,,,,22.04배,328원,22.04,328.0,2.02,3571.0,1.38
비엘팜텍 *,1185.0,10.0,-0.84%,1185.0,1190.0,326290.0,388.0,426341.0,2022-05-22,065170,252.0,-26.0,-65.0,-10.27,-25.73,-32.44,98.97,93.29,40.03,-74.0,-5.69,658.0,1.99,88970559,88970559,4643458,5.22%,81.13,+1.95%,코스닥,1054,899,2155,1120,-970.0,0.5498839907192575,1035,1.9241071428571428,,,,,-230원,,-230.0,1.8,657.0,
팜젠사이언스,8200.0,70.0,-0.85%,8200.0,8250.0,108648.0,892.0,116245.0,2022-05-22,004720,410.0,32.0,579.0,7.86,141.43,45.95,69.15,95.6,2306.54,3757.0,2.08,12225.0,0.78,15477041,15477041,232675,1.50%,81.13,+1.95%,코스피,1269,759,15900,7310,-7700.0,0.5157232704402516,8590,2.1751025991792066,,,,3.73배,"2,200원",3.73,2200.0,0.98,8356.0,
디에이치피코리아 *,7120.0,70.0,-0.97%,7120.0,7130.0,22163.0,158.0,17159.0,2022-05-22,131030,136.0,22.0,35.0,15.92,25.82,8.04,10.25,714.07,1472.32,212.0,11.34,7918.0,0.85,16153162,16153162,668366,4.14%,81.13,+1.95%,코스닥,1150,850,8600,6420,-1480.0,0.827906976744186,2180,1.3395638629283488,,,,11.93배,597원,11.93,597.0,0.9,7918.0,1.4
동아쏘시오홀딩스,101000.0,1000.0,-0.98%,101000.0,102000.0,2808.0,285.0,1578.0,2022-05-22,000640,2341.0,176.0,-189.0,7.52,-8.06,6.5,71.71,50.4,3414.36,-3010.0,11.96,154410.0,0.74,6348913,6348913,787777,12.41%,81.13,+1.95%,코스피,6412,306,140000,92100,-39000.0,0.7214285714285714,47900,1.520086862106406,152500.0,4.0,매수,10.50배,"9,615원",10.5,9615.0,0.65,154410.0,1.49
조아제약 *,3385.0,35.0,-1.02%,3385.0,3390.0,1370152.0,4733.0,2587886.0,2022-05-22,034940,150.0,-20.0,-35.0,-13.46,-23.31,-14.87,66.41,137.53,224.95,-107.0,-14.48,1611.0,2.33,30979827,30979827,373764,1.21%,81.13,+1.95%,코스닥,1049,904,5420,2945,-2035.0,0.6245387453874539,2475,1.8404074702886248,,,,,-260원,,-260.0,2.1,1611.0,
프롬바이오 *,8600.0,90.0,-1.04%,8600.0,8610.0,42624.0,368.0,44580.0,2022-05-22,377220,305.0,-1.0,23.0,-0.47,7.62,,14.2,436.08,5863.89,164.0,,5964.0,1.83,14155000,14155000,31200,0.22%,81.13,+1.95%,코스닥,1217,796,24250,7880,-15650.0,0.354639175257732,16370,3.0774111675126905,,,,9.51배,904원,9.51,904.0,1.44,5964.0,
삼아제약 *,17750.0,200.0,-1.11%,17750.0,17800.0,12916.0,231.0,18939.0,2022-05-22,009300,179.0,37.0,30.0,20.72,16.93,2.0,9.97,500.29,2578.48,477.0,36.34,28185.0,0.69,6370000,6370000,278406,4.37%,81.13,+1.95%,코스닥,1131,858,27100,15250,-9350.0,0.6549815498154982,11850,1.777049180327869,,,,33.36배,532원,33.36,532.0,0.63,28185.0,1.41
HLB테라퓨틱스 *,12900.0,200.0,-1.53%,12850.0,12900.0,1904319.0,25086.0,9936604.0,2022-05-22,115450,123.0,-29.0,-66.0,-23.66,-54.08,-17.14,45.89,195.09,639.57,-222.0,-21.92,3825.0,3.7,31335211,31335211,1452666,4.64%,81.13,+1.95%,코스닥,4042,200,19300,7450,-6400.0,0.6683937823834197,11850,2.5906040268456376,,,,,-623원,,-623.0,3.37,3825.0,
에이프로젠 H&G *,571.0,14.0,-2.39%,571.0,574.0,870121.0,498.0,102846.0,2022-05-22,109960,21.0,-3.0,14.0,-12.51,64.61,1.71,1.84,3479.24,153.13,8.0,28.52,1248.0,0.49,178695217,178695217,1182293,0.66%,80.19,+1.95%,코스닥,1020,925,1130,550,-559.0,0.5053097345132743,580,2.0545454545454547,,,,25.95배,22원,25.95,22.0,0.46,1248.0,
더블유에스아이 *,2530.0,70.0,-2.69%,2530.0,2540.0,70675.0,181.0,60001.0,2022-05-22,299170,74.0,16.0,42.0,21.03,56.44,24.71,57.17,243.57,1022.24,141.0,9.92,1105.0,2.19,30027963,30027963,52433,0.17%,81.13,+1.95%,코스닥,760,1150,3515,2285,-985.0,0.7197724039829303,1230,1.538293216630197,,,,10.33배,245원,10.33,245.0,2.29,1105.0,
JW생명과학,13600.0,400.0,-2.86%,13600.0,13850.0,42867.0,588.0,33224.0,2022-05-22,234080,438.0,68.0,46.0,15.6,10.57,9.12,79.1,66.91,241.36,293.0,19.67,8291.0,1.76,15834554,15834554,423476,2.67%,80.19,+1.95%,코스피,2153,607,19700,12200,-6100.0,0.6903553299492385,7500,1.6147540983606556,,,,18.33배,742원,18.33,742.0,1.64,8291.0,3.68
일동제약,44350.0,1350.0,-2.95%,44350.0,44400.0,1212136.0,54068.0,1106649.0,2022-05-22,249420,1427.0,-185.0,-943.0,-12.95,-66.06,-48.94,341.49,59.3,539.05,-3938.0,-8.02,6429.0,5.23,26803285,26803285,421622,1.57%,81.13,+1.95%,코스피,11887,208,79500,12400,-35150.0,0.5578616352201258,67100,6.411290322580645,,,,,"-4,189원",,-4189.0,6.9,6429.0,
비피도 *,9500.0,330.0,-3.36%,9500.0,9520.0,133940.0,1279.0,125503.0,2022-05-22,238200,36.0,2.0,-6.0,5.15,-15.82,9.44,7.91,629.6,1138.12,-70.0,19.84,6191.0,1.76,8180000,8180000,74530,0.91%,81.13,+1.95%,코스닥,777,1129,19900,8120,-10400.0,0.47738693467336685,11780,2.4507389162561575,,,,17.30배,549원,17.3,549.0,1.53,6191.0,
노바렉스 *,34150.0,1700.0,-4.74%,34100.0,34150.0,83593.0,2882.0,47948.0,2022-05-22,194700,796.0,94.0,80.0,11.75,10.06,20.68,81.93,72.84,2995.42,885.0,13.11,17566.0,2.19,9003740,9003740,214019,2.38%,81.13,+1.95%,코스닥,3075,286,50700,31250,-16550.0,0.6735700197238659,19450,1.6224,54333.0,4.0,매수,11.65배,"2,932원",11.65,2932.0,1.94,17566.0,0.88
에이프로젠제약,642.0,132.0,-17.05%,642.0,643.0,32469227.0,21491.0,238339.0,2022-05-22,003060,169.0,-12.0,34.0,-7.3,19.95,1.77,3.11,3182.25,155.17,7.0,36.43,1279.0,0.64,398575767,398575767,13900721,3.49%,80.19,+1.95%,코스피,2559,556,1365,711,-723.0,0.4703296703296703,654,1.919831223628692,,,,27.91배,23원,27.91,23.0,0.5,1279.0,
프레스티지바이오파마,13550.0,5750.0,-29.79%,0.0,13550.0,3064113.0,42026.0,436132.0,2022-05-22,950210,,-88.0,-139.0,,,,12.12,693.58,-8.63,-231.0,-38.93,9632.0,2.16,60096155,60096155,37272117,62.02%,80.19,+1.95%,코스피,8143,264,40850,12850,-27300.0,0.3317013463892289,28000,3.178988326848249,32000.0,4.0,매수,,-538원,,-538.0,1.41,9632.0,
프레스티지바이오로직스 *,4970.0,2120.0,-29.90%,4970.0,4975.0,3422971.0,17620.0,185727.0,2022-05-22,334970,28.0,-91.0,-147.0,-321.87,-520.17,-74.7,93.55,159.06,343.7,-311.0,-10.85,2263.0,4.24,47320139,47320139,9543895,20.17%,81.13,+1.95%,코스닥,2352,394,17600,6510,-12630.0,0.28238636363636366,11090,2.7035330261136714,,,,,-885원,,-885.0,2.2,2263.0,
