종목명,현재가,전일비,등락률,매수호가,매도호가,거래량,거래대금,전일거래량,조회일자,종목명_전처리,종목코드,매출액,영업이익,당기순이익,영업이익률,순이익률,ROE(지배주주),부채비율,당좌비율,유보율,EPS(원),PER(배),BPS(원),PBR(배),주당배당금(원),시가배당률(%),배당성향(%),시가총액,시가총액순위,상장주식수,액면가l매매단위,외국인한도주식수(A),외국인보유주식수(B),외국인소진율(B/A),투자의견l목표주가,52주최고l최저,PERlEPS(2021.12),추정PERlEPS,PBRlBPS (2021.12),배당수익률,동일업종 PER,동일업종 등락률,배당수익률l2021.12,PERlEPS(2022.03),PBRlBPS (2022.03),PERlEPS(2022.02),PBRlBPS (2022.02),배당수익률l2021.11
HLB생명과학 *,17900.0,1500.0,+9.15%,17850.0,17900.0,1861058.0,32448.0,1680209.0,2022-05-22,HLB생명과학,067630,155.0,-101.0,-646.0,-65.16,-416.31,-18.43,9.81,524.8,402.43,-676.0,-23.93,2578.0,4.83,,,,"1조  7,094  억원",코스닥 23위,95498081,500원  l  1주,95498081,5822144,6.10%,N/A  l  N/A,"23,000  l  9,310",N/A  l  -520원,N/A  l  N/A,"6.94배  l  2,578원",,81.13배,+1.95%,,,,,,
엔지켐생명과학 *,22700.0,1400.0,+6.57%,22600.0,22700.0,124769.0,2794.0,107956.0,2022-05-22,엔지켐생명과학,183490,65.0,-52.0,-73.0,-80.25,-112.7,-37.87,78.25,188.91,1595.41,-660.0,-21.68,6739.0,8.16,,,,"3,163  억원",코스닥 276위,13933768,500원  l  1주,13933768,1625024,11.66%,N/A  l  N/A,"100,375  l  19,150","N/A  l  -2,532원",N/A  l  N/A,"3.37배  l  6,739원",,81.13배,+1.95%,,,,,,
HK이노엔 *,40450.0,2450.0,+6.45%,40450.0,40500.0,236154.0,9429.0,74531.0,2022-05-22,HK이노엔,195940,2094.0,173.0,90.0,8.24,4.32,2.61,59.65,83.63,3948.64,313.0,53.55,39819.0,1.32,,,,"1조  1,692  억원",코스닥 41위,28904499,500원  l  1주,28904499,853773,2.95%,"4.00매수  l  53,000","80,300  l  37,300",41.28배  l  980원,"30.00배  l  1,370원","1.02배  l  39,819원",,81.13배,+1.95%,0.79%,,,,,
바이젠셀 *,23000.0,1300.0,+5.99%,22950.0,23000.0,83231.0,1886.0,22072.0,2022-05-22,바이젠셀,308080,,-38.0,-37.0,,,,11.53,654.83,1979.98,-393.0,,11108.0,3.32,,,,"2,186  억원",코스닥 433위,9503030,500원  l  1주,9503030,33554,0.35%,N/A  l  N/A,"78,000  l  19,950","N/A  l  -1,347원",N/A  l  N/A,"2.07배  l  11,108원",,81.13배,+1.95%,,,,,,
압타바이오 *,18450.0,1000.0,+5.73%,18400.0,18450.0,194644.0,3547.0,253791.0,2022-05-22,압타바이오,293780,-,-30,-23,-23686.15,-18795.40,-15.99,5.26,1976.55,450.22,-105,-77.23,2778,13.39,,,,"4,114  억원",코스닥 194위,22298866,500원  l  1주,22298866,1034815,4.64%,N/A  l  N/A,"62,100  l  15,950",N/A  l  -482원,N/A  l  N/A,"6.64배  l  2,778원",,81.13배,+1.95%,,,,,,
셀트리온헬스케어 *,57400.0,3100.0,+5.71%,57400.0,57500.0,708671.0,40164.0,564511.0,2022-05-22,셀트리온헬스케어,091990,4157.0,450.0,436.0,10.83,10.48,8.23,85.77,61.51,1345.0,276.0,62.41,13091.0,4.97,,,,9조  781  억원,코스닥 3위,158154885,"1,000원  l  1주",158154885,23819594,15.06%,"4.00매수  l  82,333","123,383  l  53,800",,"43.00배  l  1,340원",,,80.19배,+1.95%,0.44%,"55.14배  l  1,041원","4.38배  l  13,091원",,,
JW중외제약2우B,70000.0,3700.0,+5.58%,66700.0,70000.0,227.0,15.0,64.0,2022-05-22,JW중외제약2우B,001067,1563.0,133.0,94.0,8.52,6.04,2.25,233.65,102.47,264.95,407.0,140.34,8745.0,3.13,,,,72  억원,코스피 1647위,102927,"2,500원  l  1주",102927,248,0.24%,"4.00매수  l  36,333","78,720  l  46,649",N/A  l  -41원,"40.00배  l  1,738원","8.09배  l  8,652원",,81.13배,+1.95%,0.46%,,,,,
휴온스글로벌 *,25650.0,1300.0,+5.34%,25600.0,25650.0,39833.0,1006.0,88563.0,2022-05-22,휴온스글로벌,084110,1592.0,142.0,-126.0,8.92,-7.9,0.84,50.83,104.58,9274.73,-1134.0,121.65,43321.0,0.89,,,,"3,237  억원",코스닥 269위,12621492,500원  l  1주,12621492,1243959,9.86%,N/A  l  N/A,"74,213  l  24,350",81.17배  l  316원,N/A  l  N/A,"0.59배  l  43,321원",,81.13배,+1.95%,1.86%,,,,,
지놈앤컴퍼니 *,20700.0,1000.0,+5.08%,20650.0,20700.0,40664.0,832.0,24145.0,2022-05-22,지놈앤컴퍼니,314130,1.0,-110.0,-113.0,-8256.2,-8469.56,-33.38,21.0,756.14,1023.58,-756.0,-14.22,6593.0,5.26,,,,"2,912  억원",코스닥 308위,14066271,500원  l  1주,14066271,34423,0.24%,N/A  l  N/A,"57,600  l  19,300","N/A  l  -2,439원",N/A  l  N/A,"3.14배  l  6,593원",,81.13배,+1.95%,,,,,,
우진비앤지 *,2315.0,110.0,+4.99%,2310.0,2315.0,1173917.0,2710.0,392307.0,2022-05-22,우진비앤지,018620,122.0,12.0,7.0,9.72,6.01,-2.62,67.25,66.79,113.61,13.0,-73.3,1062.0,1.98,,,,669  억원,코스닥 1221위,28889293,500원  l  1주,28889293,903439,3.13%,N/A  l  N/A,"3,515  l  1,760",,N/A  l  N/A,,,80.19배,+1.95%,,N/A  l  -29원,"2.18배  l  1,062원",,,
브릿지바이오테라퓨틱스 *,11750.0,550.0,+4.91%,11650.0,11750.0,92315.0,1069.0,29063.0,2022-05-22,브릿지바이오테라퓨틱스,288330,4.0,-85.0,-85.0,-1892.74,-1896.81,-51.39,8.39,1249.23,265.11,-433.0,-10.56,2184.0,6.5,,,,"2,334  억원",코스닥 398위,19866425,500원  l  1주,19866425,252859,1.27%,N/A  l  N/A,"16,250  l  10,300","N/A  l  -1,345원",N/A  l  N/A,"5.38배  l  2,184원",,81.13배,+1.95%,,,,,,
SK바이오사이언스,127000.0,5500.0,+4.53%,126500.0,127000.0,276331.0,34636.0,228471.0,2022-05-22,SK바이오사이언스,302440,871.0,238.0,278.0,27.27,31.93,23.32,22.51,499.34,4154.57,363.0,35.22,21327.0,7.36,,,,"9조  7,516  억원",코스피 42위,76784046,500원  l  1주,76784046,3361080,4.38%,"4.00매수  l  187,571","362,000  l  115,000",,"22.00배  l  5,832원",,,80.19배,+1.95%,,"28.49배  l  4,457원","5.95배  l  21,327원",,,
메드팩토 *,29150.0,1250.0,+4.48%,29150.0,29200.0,128792.0,3749.0,96379.0,2022-05-22,메드팩토,235980,,-66.0,-75.0,,,,206.24,12895.44,324.58,-359.0,,2089.0,28.05,,,,"6,135  억원",코스닥 116위,21047352,500원  l  1주,21047352,1353671,6.43%,"4.00매수  l  48,000","80,900  l  26,250",N/A  l  -820원,N/A  l  N/A,"13.95배  l  2,089원",,81.13배,+1.95%,,,,,,
차백신연구소 *,7080.0,290.0,+4.27%,7040.0,7080.0,92527.0,648.0,106628.0,2022-05-22,차백신연구소,261780,,,,,,,,,,,,,,,,,"1,871  억원",코스닥 515위,26429162,500원  l  1주,26429162,93348,0.35%,N/A  l  N/A,"14,900  l  6,580",N/A  l  N/A,N/A  l  N/A,N/A  l  N/A,,81.13배,+1.95%,,,,,,
바이넥스 *,13950.0,550.0,+4.10%,13900.0,13950.0,159578.0,2213.0,232445.0,2022-05-22,바이넥스,053030,353.0,26.0,18.0,7.35,5.24,6.95,51.28,81.82,1071.22,59.0,40.57,5888.0,2.73,,,,"4,431  억원",코스닥 178위,31761048,500원  l  1주,31761048,2202492,6.93%,"4.00매수  l  21,667","24,850  l  12,050",,25.00배  l  560원,,,80.19배,+1.95%,,35.23배  l  396원,"2.37배  l  5,888원",,,
동국제약 *,21850.0,850.0,+4.05%,21650.0,21850.0,102712.0,2228.0,91776.0,2022-05-22,동국제약,086450,1505.0,163.0,179.0,10.82,11.87,11.63,55.73,129.8,1920.03,341.0,19.59,10165.0,2.14,,,,"9,715  억원",코스닥 62위,44460000,500원  l  1주,44460000,8072501,18.16%,"4.00매수  l  27,667","29,500  l  19,000","19.63배  l  1,113원","16.00배  l  1,369원","2.15배  l  10,165원",,81.13배,+1.95%,0.82%,,,,,
비보존 헬스케어 *,1095.0,40.0,+3.79%,1090.0,1095.0,271131.0,291.0,356829.0,2022-05-22,비보존 헬스케어,082800,208.0,-33.0,-86.0,-16.03,-41.37,-69.46,174.71,34.24,-11.02,-51.0,-2.62,448.0,2.52,,,,"2,563  억원",코스닥 363위,234042627,500원  l  1주,234042627,3167062,1.35%,N/A  l  N/A,"1,880  l  805",,N/A  l  N/A,,,80.19배,+1.95%,,N/A  l  -431원,2.44배  l  448원,,,
한미사이언스,47350.0,1700.0,+3.72%,47300.0,47350.0,72214.0,3401.0,72170.0,2022-05-22,한미사이언스,008930,2634.0,129.0,44.0,4.91,1.68,6.37,37.61,50.23,2104.43,64.0,86.61,10261.0,5.28,,,,"3조  2,493  억원",코스피 102위,68623684,500원  l  1주,68623684,1138433,1.66%,N/A  l  N/A,"91,922  l  40,950",75.64배  l  626원,N/A  l  N/A,"4.61배  l  10,261원",,81.13배,+1.95%,0.41%,,,,,
휴메딕스 *,20050.0,700.0,+3.62%,20000.0,20050.0,28441.0,564.0,17862.0,2022-05-22,휴메딕스,200670,304.0,47.0,1.0,15.38,0.36,7.37,52.07,209.2,3043.08,83.0,26.35,13399.0,1.79,,,,"1,999  억원",코스닥 466위,9971194,500원  l  1주,9971194,374617,3.76%,"4.00매수  l  33,000","39,300  l  18,200",22.06배  l  909원,N/A  l  N/A,"1.50배  l  13,399원",,81.13배,+1.95%,2.00%,,,,,
애드바이오텍 *,5160.0,180.0,+3.61%,5150.0,5160.0,121951.0,618.0,88063.0,2022-05-22,애드바이오텍,179530,41.0,-1.0,3.0,-2.9,8.11,,310.52,39.98,52.57,43.0,,664.0,13.71,,,,472  억원,코스닥 1392위,9140444,500원  l  1주,9140444,282171,3.09%,N/A  l  N/A,"32,900  l  4,655",N/A  l  -347원,N/A  l  N/A,7.77배  l  664원,,81.13배,+1.95%,,,,,,
셀트리온제약 *,76500.0,2600.0,+3.52%,76500.0,76600.0,98112.0,7478.0,136326.0,2022-05-22,셀트리온제약,068760,1235.0,85.0,51.0,6.9,4.13,10.93,92.15,102.82,1740.18,135.0,135.39,8836.0,14.08,,,,"2조  8,800  억원",코스닥 7위,37647257,500원  l  1주,37647257,2798947,7.43%,N/A  l  N/A,"174,569  l  72,300",83.24배  l  919원,N/A  l  N/A,"8.66배  l  8,836원",,81.13배,+1.95%,,,,,,
부광약품,10700.0,350.0,+3.38%,10650.0,10700.0,301833.0,3199.0,325839.0,2022-05-22,부광약품,003000,539.0,54.0,14.0,9.93,2.62,-0.35,41.9,481.53,747.38,27.0,-1000.1,3938.0,3.28,,,,"7,604  억원",코스피 274위,71063049,500원  l  1주,71063049,3070072,4.32%,N/A  l  N/A,"23,500  l  9,940",N/A  l  -13원,N/A  l  N/A,"2.72배  l  3,938원",,81.13배,+1.95%,0.94%,,,,,
녹십자홀딩스,20450.0,650.0,+3.28%,20400.0,20450.0,48345.0,980.0,54562.0,2022-05-22,녹십자홀딩스,005250,5024.0,492.0,108.0,9.79,2.15,4.15,83.76,94.99,3708.47,-39.0,29.54,22231.0,1.08,,,,"9,617  억원",코스피 234위,47028210,500원  l  1주,47028210,2475910,5.26%,N/A  l  N/A,"41,500  l  19,500","18.32배  l  1,116원",N/A  l  N/A,"0.91배  l  22,586원",,81.13배,+1.95%,1.96%,,,,,
파마리서치 *,81600.0,2500.0,+3.16%,81500.0,81600.0,41635.0,3367.0,70497.0,2022-05-22,파마리서치,214450,453.0,152.0,99.0,33.65,21.76,15.33,31.88,146.56,6126.65,921.0,21.22,30893.0,2.97,,,,"8,251  억원",코스닥 81위,10111930,500원  l  1주,10111930,1272471,12.58%,"4.00매수  l  113,333","101,700  l  72,500",,"15.00배  l  5,405원",,,80.19배,+1.95%,0.74%,"18.86배  l  4,327원","2.64배  l  30,893원",,,
휴온스 *,38700.0,1150.0,+3.06%,38600.0,38700.0,22852.0,875.0,26669.0,2022-05-22,휴온스,243070,1137.0,44.0,-16.0,3.84,-1.44,12.18,61.43,114.49,4896.9,-86.0,18.51,22484.0,2.12,,,,"4,619  억원",코스닥 168위,11935549,500원  l  1주,11935549,2612503,21.89%,"4.00매수  l  64,000","60,812  l  37,450","15.02배  l  2,577원",N/A  l  N/A,"1.72배  l  22,484원",,81.13배,+1.95%,1.41%,,,,,
한올바이오파마,16100.0,450.0,+2.88%,16100.0,16150.0,142107.0,2277.0,147448.0,2022-05-22,한올바이오파마,009420,240.0,-6.0,-1.0,-2.47,-0.34,2.69,22.76,155.26,532.45,-2.0,242.45,3049.0,6.53,,,,"8,411  억원",코스피 258위,52240638,500원  l  1주,52240638,3022017,5.78%,"4.00매수  l  27,667","27,250  l  15,450",94.71배  l  170원,71.00배  l  228원,"5.04배  l  3,193원",,81.13배,+1.95%,,,,,,
셀트리온,145000.0,4000.0,+2.84%,144500.0,145000.0,434121.0,62769.0,540337.0,2022-05-22,셀트리온,068270,5506.0,1423.0,1212.0,25.84,22.02,13.78,45.28,175.23,2788.51,842.0,48.24,27110.0,6.33,,,,"20조  4,113  억원",코스피 16위,140767851,"1,000원  l  1주",140767851,27561316,19.58%,"4.00매수  l  206,000","294,935  l  139,000","35.44배  l  4,091원","36.00배  l  4,078원","5.13배  l  28,276원",,81.13배,+1.95%,0.51%,,,,,
박셀바이오 *,45600.0,1250.0,+2.82%,45600.0,45650.0,329125.0,15003.0,392677.0,2022-05-22,박셀바이오,323990,,-19.0,-14.0,,,-14.71,3.98,7187.7,294.07,-89.0,-138.35,1976.0,21.96,,,,"6,942  억원",코스닥 93위,15223000,500원  l  1주,15223000,395000,2.59%,N/A  l  N/A,"104,800  l  31,750",N/A  l  -314원,N/A  l  N/A,"23.08배  l  1,976원",,81.13배,+1.95%,,,,,,
네오이뮨텍 *,6670.0,180.0,+2.77%,6650.0,6670.0,761568.0,5093.0,787025.0,2022-05-22,네오이뮨텍,950220,,-135.0,-143.0,,,-32.65,18.73,651.95,5763132.5,-145.0,-12.87,1550.0,4.69,,,,"6,586  억원",코스닥 103위,98741510,,98741510,9345928,9.47%,N/A  l  N/A,"12,750  l  5,930",N/A  l  -549원,N/A  l  N/A,"4.06배  l  1,644원",,81.13배,+1.95%,,,,,,
국전약품 *,7700.0,200.0,+2.67%,7700.0,7720.0,103502.0,796.0,112888.0,2022-05-22,국전약품,307750,253.0,21.0,14.0,8.2,5.5,7.25,34.03,248.97,1612.93,28.0,106.26,1713.0,5.61,,,,"3,778  억원",코스닥 218위,49069269,100원  l  1주,49069269,530868,1.08%,N/A  l  N/A,"24,900  l  4,230",,N/A  l  N/A,,,80.19배,+1.95%,0.13%,85.56배  l  90원,"4.50배  l  1,713원",,,
삼천당제약 *,42750.0,1100.0,+2.64%,42400.0,42750.0,111818.0,4759.0,262707.0,2022-05-22,삼천당제약,000250,437.0,-1.0,-37.0,-0.34,-8.42,-9.18,37.41,240.83,1428.66,-254.0,-59.62,7889.0,5.5,,,,"9,733  억원",코스닥 61위,22768041,500원  l  1주,22768041,1256780,5.52%,N/A  l  N/A,"64,600  l  31,800",N/A  l  -727원,N/A  l  N/A,"5.42배  l  7,889원",,81.13배,+1.95%,,,,,,
이글벳 *,7380.0,190.0,+2.64%,7360.0,7380.0,57939.0,425.0,47468.0,2022-05-22,이글벳,044960,110.0,3.0,-3.0,2.28,-2.44,9.26,28.83,132.0,580.12,-21.0,27.28,3326.0,2.36,,,,933  억원,코스닥 983위,12641883,500원  l  1주,12641883,263914,2.09%,N/A  l  N/A,"9,700  l  6,200",25.62배  l  288원,N/A  l  N/A,"2.22배  l  3,326원",,81.13배,+1.95%,0.68%,,,,,
에이비온 *,10500.0,250.0,+2.44%,10500.0,10550.0,442709.0,4570.0,1876341.0,2022-05-22,에이비온,203400,4.0,-49.0,-29.0,-1167.91,-682.26,-8992.57,36.66,379.53,218.59,-152.0,-4.12,1594.0,6.96,,,,"1,976  억원",코스닥 473위,18818187,500원  l  1주,18818187,69809,0.37%,N/A  l  N/A,"26,450  l  6,970",,N/A  l  N/A,,,80.19배,+1.95%,,"N/A  l  -2,695원","6.59배  l  1,594원",,,
신풍제약,28250.0,650.0,+2.36%,28200.0,28250.0,244218.0,6909.0,201832.0,2022-05-22,신풍제약,019170,468.0,-70.0,-53.0,-14.92,-11.34,-5.15,11.26,589.94,1259.11,-97.0,-116.31,6792.0,5.7,,,,"1조  4,968  억원",코스피 175위,52984990,500원  l  1주,52984990,3110807,5.87%,N/A  l  N/A,"101,500  l  22,850",,N/A  l  N/A,,,80.19배,+1.95%,,N/A  l  -333원,"4.16배  l  6,792원",,,
신일제약 *,10100.0,230.0,+2.33%,10100.0,10150.0,42128.0,425.0,14142.0,2022-05-22,신일제약,012790,168.0,29.0,26.0,17.48,15.27,6.05,13.94,347.05,1939.3,223.0,20.22,10167.0,1.15,,,,"1,166  억원",코스닥 836위,11541464,500원  l  1주,11541464,142441,1.23%,N/A  l  N/A,"19,798  l  8,420",17.44배  l  579원,N/A  l  N/A,"0.99배  l  10,167원",,81.13배,+1.95%,0.96%,,,,,
코미팜 *,7900.0,180.0,+2.33%,7890.0,7900.0,119617.0,935.0,180708.0,2022-05-22,코미팜,041960,103.0,-17.0,-25.0,-16.65,-24.25,-6.25,59.19,105.95,942.84,-33.0,-123.64,1040.0,8.26,,,,"5,071  억원",코스닥 152위,64185876,100원  l  1주,64185876,2798480,4.36%,N/A  l  N/A,"16,250  l  7,720",N/A  l  -69원,N/A  l  N/A,"7.60배  l  1,040원",,81.13배,+1.95%,,,,,,
내츄럴엔도텍 *,5300.0,120.0,+2.32%,5300.0,5310.0,60264.0,313.0,177746.0,2022-05-22,내츄럴엔도텍,168330,17.0,-40.0,-49.0,-231.55,-281.3,-16.61,11.85,131.39,218.04,-123.0,-24.13,1408.0,3.22,,,,"1,683  억원",코스닥 570위,31754900,500원  l  1주,31754900,189531,0.60%,N/A  l  N/A,"12,000  l  3,985",N/A  l  -188원,N/A  l  N/A,"3.76배  l  1,408원",,81.13배,+1.95%,,,,,,
한독,20350.0,450.0,+2.26%,20300.0,20350.0,17721.0,357.0,26995.0,2022-05-22,한독,002390,1271.0,60.0,3.0,4.71,0.27,0.46,135.3,76.16,5281.3,25.0,172.07,26515.0,0.82,,,,"2,801  억원",코스피 525위,13763533,500원  l  1주,13763533,213442,1.55%,N/A  l  N/A,"29,550  l  19,000",,N/A  l  N/A,,,80.19배,+1.95%,1.72%,161.51배  l  126원,"0.77배  l  26,515원",,,
보령,11750.0,250.0,+2.17%,11700.0,11750.0,64438.0,750.0,108240.0,2022-05-22,보령,003850,1786.0,170.0,112.0,9.51,6.27,8.25,78.92,167.35,1362.03,163.0,25.87,7266.0,1.82,,,,"8,071  억원",코스피 267위,68690000,500원  l  1주,68690000,4610665,6.71%,"4.00매수  l  17,000","20,785  l  11,350",,21.00배  l  550원,,,80.19배,+1.95%,0.85%,22.95배  l  512원,"1.62배  l  7,266원",,,
안트로젠 *,21250.0,450.0,+2.16%,21250.0,21300.0,25460.0,544.0,16755.0,2022-05-22,안트로젠,065660,17.0,-11.0,-26.0,-66.11,-156.48,-0.31,14.71,275.84,1966.84,-273.0,-740.32,13896.0,1.96,,,,"2,068  억원",코스닥 452위,9730373,500원  l  1주,9730373,935829,9.62%,N/A  l  N/A,"101,500  l  19,300",,N/A  l  N/A,,,80.19배,+1.95%,,N/A  l  -37원,"1.53배  l  13,896원",,,
제일파마홀딩스,12350.0,250.0,+2.07%,12300.0,12350.0,5204.0,64.0,1479.0,2022-05-22,제일파마홀딩스,002620,1948.0,-32.0,-48.0,-1.63,-2.45,-1.6,82.09,72.85,4563.6,-139.0,-33.91,26587.0,0.52,,,,"1,973  억원",코스피 625위,15973355,500원  l  1주,15973355,1523586,9.54%,N/A  l  N/A,"26,500  l  11,650",,N/A  l  N/A,,,80.19배,+1.95%,0.53%,N/A  l  -411원,"0.46배  l  26,587원",,,
대성미생물 *,14900.0,300.0,+2.05%,14850.0,14900.0,12228.0,181.0,9184.0,2022-05-22,대성미생물,036480,64.0,2.0,17.0,3.54,27.16,6.9,69.89,233.48,1923.36,455.0,21.3,10118.0,1.42,,,,566  억원,코스닥 1318위,3800000,500원  l  1주,3800000,37030,0.97%,N/A  l  N/A,"23,700  l  11,850",,N/A  l  N/A,,,80.19배,+1.95%,0.50%,22.04배  l  676원,"1.47배  l  10,118원",,,
JW중외제약우,37450.0,750.0,+2.04%,37400.0,37450.0,664.0,24.0,190.0,2022-05-22,JW중외제약우,001065,1563.0,133.0,94.0,8.52,6.04,2.25,233.65,102.47,264.95,407.0,140.34,8745.0,3.13,,,,68  억원,코스피 1657위,182735,"2,500원  l  1주",182735,68,0.04%,"4.00매수  l  36,333","57,375  l  27,520",N/A  l  -41원,"22.00배  l  1,738원","4.33배  l  8,652원",,81.13배,+1.95%,0.93%,,,,,
한미약품,300500.0,6000.0,+2.04%,300000.0,300500.0,18128.0,5441.0,19654.0,2022-05-22,한미약품,128940,3505.0,427.0,219.0,12.19,6.25,8.74,108.64,69.45,2682.8,1418.0,50.72,65683.0,4.2,,,,"3조  7,016  억원",코스피 92위,12317971,"2,500원  l  1주",12317971,1627492,13.21%,"3.93매수  l  358,214","371,284  l  232,500","55.23배  l  5,441원","46.00배  l  6,480원","4.58배  l  65,683원",,81.13배,+1.95%,0.16%,,,,,
CMG제약 *,3075.0,60.0,+1.99%,3070.0,3075.0,255723.0,782.0,423457.0,2022-05-22,CMG제약,058820,191.0,7.0,2.0,3.72,0.99,1.12,13.52,274.71,164.25,1.0,234.69,1333.0,2.61,,,,"4,271  억원",코스닥 187위,138892244,500원  l  1주,138892244,8932053,6.43%,N/A  l  N/A,"5,610  l  2,955",,N/A  l  N/A,,,80.19배,+1.95%,,205.00배  l  15원,"2.31배  l  1,333원",,,
제일바이오 *,2320.0,45.0,+1.98%,2315.0,2320.0,135348.0,312.0,181440.0,2022-05-22,제일바이오,052670,42.0,-11.0,-23.0,-25.06,-55.71,-1.89,4.9,942.38,180.51,-81.0,-131.87,1321.0,2.44,,,,676  억원,코스닥 1212위,29129064,500원  l  1주,29129064,504644,1.73%,N/A  l  N/A,"4,530  l  2,185",N/A  l  -24원,N/A  l  N/A,"1.76배  l  1,321원",,81.13배,+1.95%,,,,,,
녹십자,181500.0,3500.0,+1.97%,181000.0,181500.0,18206.0,3299.0,17998.0,2022-05-22,녹십자,006280,4169.0,418.0,180.0,10.04,4.32,9.66,66.45,115.58,2113.64,547.0,20.56,110167.0,1.83,,,,"2조  1,211  억원",코스피 138위,11686538,"5,000원  l  1주",11686538,2632959,22.53%,"4.00매수  l  236,667","398,000  l  165,000",,"34.00배  l  5,401원",,,80.19배,+1.95%,1.10%,"18.47배  l  9,827원","1.65배  l  110,167원",,,
하이텍팜 *,10850.0,200.0,+1.88%,10750.0,10850.0,10396.0,112.0,41336.0,2022-05-22,하이텍팜,106190,116.0,-15.0,-13.0,-12.67,-11.32,-1.42,30.94,100.34,2548.83,-186.0,-72.21,13244.0,1.03,,,,769  억원,코스닥 1137위,7088782,500원  l  1주,7088782,3106447,43.82%,N/A  l  N/A,"23,850  l  10,350",N/A  l  -173원,N/A  l  N/A,"0.82배  l  13,244원",,81.13배,+1.95%,0.46%,,,,,
에스티팜 *,94200.0,1700.0,+1.84%,94100.0,94200.0,41402.0,3885.0,54405.0,2022-05-22,에스티팜,237690,517.0,-6.0,-50.0,-1.09,-9.59,1.07,52.92,203.44,3310.2,-242.0,784.24,17171.0,8.11,,,,"1조  7,718  억원",코스닥 21위,18808775,500원  l  1주,18808775,0,0.00%,"4.00매수  l  141,875","150,800  l  82,100",532.20배  l  177원,137.00배  l  688원,"5.49배  l  17,171원",,81.13배,+1.95%,0.53%,,,,,
KPX생명과학 *,5580.0,100.0,+1.82%,5570.0,5580.0,50577.0,279.0,64214.0,2022-05-22,KPX생명과학,114450,79.0,-18.0,-15.0,-22.2,-19.36,-5.42,27.85,105.93,648.48,-102.0,-48.31,3753.0,2.69,,,,837  억원,코스닥 1086위,15000000,500원  l  1주,15000000,104361,0.70%,N/A  l  N/A,"12,700  l  5,290",N/A  l  -209원,N/A  l  N/A,"1.49배  l  3,753원",,81.13배,+1.95%,,,,,,
아이큐어 *,11400.0,200.0,+1.79%,11350.0,11400.0,25550.0,289.0,61766.0,2022-05-22,아이큐어,175250,147.0,-119.0,-160.0,-80.64,-108.36,-36.71,118.28,65.59,934.79,-856.0,-8.67,5106.0,3.57,,,,"2,166  억원",코스닥 435위,19001657,500원  l  1주,19001657,167544,0.88%,N/A  l  N/A,"24,985  l  10,950","N/A  l  -2,098원",N/A  l  N/A,"2.23배  l  5,106원",,81.13배,+1.95%,,,,,,
유유제약1우,9370.0,160.0,+1.74%,9360.0,9370.0,6627.0,61.0,9216.0,2022-05-22,유유제약1우,000225,355.0,6.0,-1.0,1.61,-0.21,-2.37,54.7,222.18,460.34,-15.0,-56.9,6335.0,1.28,,,,212  억원,코스피 1264위,2266930,"1,000원  l  1주",2266930,24567,1.08%,N/A  l  N/A,"17,200  l  7,370",,N/A  l  N/A,,,80.19배,+1.95%,1.17%,N/A  l  -142원,"1.48배  l  6,335원",,,
바이온 *,1490.0,25.0,+1.71%,1480.0,1490.0,64281.0,94.0,176943.0,2022-05-22,바이온,032980,18.0,-12.0,-10.0,-64.38,-57.17,-37.95,39.36,165.67,-13.5,-29.0,-3.99,966.0,1.65,,,,498  억원,코스닥 1376위,33450388,500원  l  1주,33450388,667769,2.00%,N/A  l  N/A,"3,711  l  1,320",,N/A  l  N/A,,,80.19배,+1.95%,,N/A  l  -401원,1.54배  l  966원,,,
종근당,90400.0,1500.0,+1.69%,90400.0,90500.0,24287.0,2191.0,41429.0,2022-05-22,종근당,185750,3414.0,251.0,175.0,7.34,5.12,8.09,88.93,108.68,1916.49,1454.0,26.16,48208.0,2.04,,,,1조  837  억원,코스피 221위,11988038,"2,500원  l  1주",11988038,844173,7.04%,"4.00매수  l  121,250","137,454  l  87,400","25.36배  l  3,564원","15.00배  l  5,998원","1.88배  l  47,964원",,81.13배,+1.95%,1.05%,,,,,
대한약품 *,28900.0,450.0,+1.58%,28750.0,28900.0,8447.0,244.0,7206.0,2022-05-22,대한약품,023910,447.0,74.0,49.0,16.49,11.0,11.79,34.38,272.55,6660.27,819.0,7.6,33801.0,0.85,,,,"1,734  억원",코스닥 556위,6000000,500원  l  1주,6000000,929038,15.48%,"4.00매수  l  40,000","36,300  l  25,850","7.65배  l  3,778원",N/A  l  N/A,"0.86배  l  33,801원",,81.13배,+1.95%,1.38%,,,,,
삼성바이오로직스,808000.0,12000.0,+1.51%,807000.0,808000.0,38779.0,31268.0,42562.0,2022-05-22,삼성바이오로직스,207940,5113.0,1764.0,1469.0,34.5,28.74,10.68,85.07,65.13,2518.3,2194.0,115.48,64542.0,12.81,,,,"57조  5,086  억원",코스피 4위,71174000,"2,500원  l  1주",71174000,7363402,10.35%,"4.00매수  l  1,092,308","1,034,746  l  684,889",,"109.00배  l  7,414원",,,80.19배,+1.95%,,"112.82배  l  7,162원","12.52배  l  64,542원",,,
JW신약 *,4425.0,65.0,+1.49%,4425.0,4430.0,754573.0,3407.0,407210.0,2022-05-22,JW신약,067290,262.0,13.0,3.0,5.12,0.98,1.58,66.72,96.42,2.63,6.0,210.86,1205.0,3.35,,,,"2,041  억원",코스닥 460위,46127437,500원  l  1주,46127437,1027965,2.23%,N/A  l  N/A,"6,250  l  3,192",232.89배  l  19원,N/A  l  N/A,"3.67배  l  1,205원",,81.13배,+1.95%,,,,,,
대화제약 *,7630.0,110.0,+1.46%,7620.0,7630.0,13431.0,102.0,26244.0,2022-05-22,대화제약,067080,297.0,5.0,-25.0,1.6,-8.26,2.74,112.64,45.63,854.64,-124.0,78.24,4548.0,2.05,,,,"1,420  억원",코스닥 675위,18616650,500원  l  1주,18616650,304525,1.64%,N/A  l  N/A,"13,600  l  7,420",64.12배  l  119원,N/A  l  N/A,"1.68배  l  4,548원",,81.13배,+1.95%,1.97%,,,,,
안국약품 *,9940.0,140.0,+1.43%,9930.0,9940.0,14575.0,144.0,39170.0,2022-05-22,안국약품,001540,471.0,-15.0,30.0,-3.18,6.41,2.72,45.95,126.21,2197.23,241.0,35.43,12726.0,0.84,,,,"1,296  억원",코스닥 753위,13042420,500원  l  1주,13042420,556535,4.27%,N/A  l  N/A,"15,000  l  8,810",32.91배  l  302원,N/A  l  N/A,"0.78배  l  12,726원",,81.13배,+1.95%,2.21%,,,,,
테라젠이텍스 *,4965.0,70.0,+1.43%,4955.0,4965.0,73089.0,359.0,81508.0,2022-05-22,테라젠이텍스,066700,479.0,16.0,53.0,3.31,10.98,-2.58,51.92,113.32,693.23,153.0,-28.3,5381.0,1.0,,,,"1,612  억원",코스닥 595위,32474435,500원  l  1주,32474435,635191,1.96%,N/A  l  N/A,"9,280  l  4,670",,N/A  l  N/A,,,80.19배,+1.95%,,N/A  l  -189원,"0.92배  l  5,381원",,,
씨티씨바이오 *,10750.0,150.0,+1.42%,10750.0,10800.0,456086.0,4978.0,400745.0,2022-05-22,씨티씨바이오,060590,502.0,87.0,67.0,17.35,13.27,-2.62,86.11,87.38,740.59,283.0,-101.85,4066.0,2.53,,,,"2,599  억원",코스닥 356위,24181020,500원  l  1주,24181020,664797,2.75%,N/A  l  N/A,"14,500  l  6,410",,N/A  l  N/A,,,80.19배,+1.95%,,N/A  l  -101원,"2.64배  l  4,066원",,,
드림씨아이에스 *,11400.0,150.0,+1.33%,11350.0,11400.0,2687.0,30.0,2396.0,2022-05-22,드림씨아이에스,223250,86.0,22.0,19.0,26.11,22.32,8.67,49.3,255.76,1317.37,338.0,22.58,6957.0,1.86,,,,676  억원,코스닥 1213위,5925720,500원  l  1주,5925720,15609,0.26%,N/A  l  N/A,"20,000  l  9,850",19.86배  l  574원,N/A  l  N/A,"1.64배  l  6,957원",,81.13배,+1.95%,,,,,,
녹십자홀딩스2우,38800.0,500.0,+1.31%,38700.0,38800.0,78.0,3.0,245.0,2022-05-22,녹십자홀딩스2우,005257,5024.0,492.0,108.0,9.79,2.15,4.15,83.76,94.99,3708.47,-39.0,29.54,22231.0,1.08,,,,328  억원,코스피 1156위,845990,500원  l  1주,845990,1593,0.19%,N/A  l  N/A,"100,000  l  38,000","34.77배  l  1,116원",N/A  l  N/A,"1.72배  l  22,586원",,81.13배,+1.95%,1.03%,,,,,
유나이티드제약,27400.0,350.0,+1.29%,27400.0,27450.0,26775.0,732.0,24941.0,2022-05-22,유나이티드제약,033270,636.0,111.0,115.0,17.47,18.03,10.52,29.36,240.44,3944.19,706.0,23.31,20701.0,2.14,,,,"4,451  억원",코스피 384위,16244822,500원  l  1주,16244822,1227950,7.56%,N/A  l  N/A,"64,000  l  26,200","15.53배  l  1,764원",N/A  l  N/A,"1.35배  l  20,259원",,81.13배,+1.95%,1.35%,,,,,
대한뉴팜 *,11800.0,150.0,+1.29%,11800.0,11850.0,108879.0,1284.0,109524.0,2022-05-22,대한뉴팜,054670,456.0,71.0,116.0,15.61,25.48,30.71,74.98,91.45,1102.81,809.0,7.59,6369.0,1.92,,,,"1,694  억원",코스닥 567위,14354920,500원  l  1주,14354920,96363,0.67%,N/A  l  N/A,"14,400  l  9,790",,N/A  l  N/A,,,80.19배,+1.95%,0.68%,"7.26배  l  1,625원","1.85배  l  6,369원",,,
경남제약 *,2785.0,35.0,+1.27%,2780.0,2785.0,79458.0,220.0,184418.0,2022-05-22,경남제약,053950,133.0,-14.0,-23.0,-10.39,-17.32,-5.25,72.77,159.87,620.46,-101.0,-24.4,3198.0,1.22,,,,859  억원,코스닥 1063위,30849565,500원  l  1주,30849565,386239,1.25%,N/A  l  N/A,"8,612  l  2,695",N/A  l  -160원,N/A  l  N/A,"0.87배  l  3,198원",,81.13배,+1.95%,,,,,,
삼성제약,3825.0,45.0,+1.19%,3825.0,3830.0,247331.0,958.0,112620.0,2022-05-22,삼성제약,001360,140.0,-75.0,-133.0,-53.69,-94.82,-32.33,14.29,353.8,242.03,-198.0,-8.12,1896.0,2.6,,,,"2,569  억원",코스피 555위,67162079,500원  l  1주,67162079,3192098,4.75%,N/A  l  N/A,"12,350  l  3,570",N/A  l  -607원,N/A  l  N/A,"2.02배  l  1,896원",,81.13배,+1.95%,,,,,,
환인제약,17150.0,200.0,+1.18%,17000.0,17150.0,14472.0,246.0,30167.0,2022-05-22,환인제약,016580,488.0,97.0,83.0,19.89,16.93,8.07,10.63,453.58,3302.37,448.0,13.44,21009.0,0.86,,,,"3,190  억원",코스피 474위,18600070,500원  l  1주,18600070,2701824,14.53%,"4.00매수  l  22,000","23,550  l  15,950",,N/A  l  N/A,,,80.19배,+1.95%,1.75%,"12.74배  l  1,346원","0.82배  l  21,009원",,,
퓨쳐켐 *,17300.0,200.0,+1.17%,17300.0,17350.0,58905.0,1011.0,55695.0,2022-05-22,퓨쳐켐,220100,26.0,-25.0,-28.0,-97.51,-110.32,-16.7,49.05,60.32,623.19,-206.0,-24.65,3664.0,4.48,,,,"2,369  억원",코스닥 392위,13691971,500원  l  1주,13691971,173396,1.27%,N/A  l  N/A,"25,900  l  13,100",,N/A  l  N/A,,,80.19배,+1.95%,,N/A  l  -665원,"4.72배  l  3,664원",,,
경보제약,7900.0,90.0,+1.15%,7900.0,7920.0,15601.0,122.0,32683.0,2022-05-22,경보제약,214390,419.0,-33.0,-31.0,-7.9,-7.36,-4.97,62.65,60.23,1126.49,-129.0,-34.29,6095.0,1.76,,,,"1,889  억원",코스피 637위,23906860,500원  l  1주,23906860,191726,0.80%,N/A  l  N/A,"15,300  l  7,730",N/A  l  -314원,N/A  l  N/A,"1.30배  l  6,095원",,81.13배,+1.95%,0.63%,,,,,
팜스빌 *,13350.0,150.0,+1.14%,13300.0,13350.0,9845.0,131.0,18392.0,2022-05-22,팜스빌,318010,66.0,3.0,-2.0,4.23,-2.97,8.71,25.3,537.07,1432.14,-25.0,21.73,7545.0,1.82,,,,"1,059  억원",코스닥 896위,7929338,500원  l  1주,7929338,45185,0.57%,N/A  l  N/A,"19,850  l  9,500",21.16배  l  631원,N/A  l  N/A,"1.77배  l  7,545원",,81.13배,+1.95%,0.75%,,,,,
중앙백신 *,13650.0,150.0,+1.11%,13600.0,13650.0,12810.0,174.0,28053.0,2022-05-22,중앙백신,072020,110.0,5.0,23.0,4.71,21.36,,21.49,152.26,1827.26,235.0,,9528.0,1.57,,,,"1,360  억원",코스닥 708위,9960000,500원  l  1주,9960000,175941,1.77%,N/A  l  N/A,"19,750  l  12,700",17.89배  l  763원,N/A  l  N/A,"1.43배  l  9,528원",,81.13배,+1.95%,0.73%,,,,,
콜마비앤에이치 *,28450.0,300.0,+1.07%,28400.0,28450.0,85406.0,2418.0,75926.0,2022-05-22,콜마비앤에이치,200130,1441.0,240.0,183.0,16.68,12.67,19.67,39.12,148.69,2504.81,612.0,13.13,13051.0,2.38,,,,"8,405  억원",코스닥 79위,29543558,500원  l  1주,29543558,537119,1.82%,"4.00매수  l  47,000","55,800  l  25,800","12.03배  l  2,365원","11.00배  l  2,706원","2.18배  l  13,051원",,81.13배,+1.95%,1.35%,,,,,
제일약품,24000.0,250.0,+1.05%,24000.0,24200.0,9158.0,219.0,10716.0,2022-05-22,제일약품,271980,1800.0,-35.0,-44.0,-1.93,-2.47,-8.89,163.88,80.47,1904.32,-267.0,-27.26,11183.0,2.5,,,,"3,529  억원",코스피 442위,14704872,500원  l  1주,14704872,442170,3.01%,N/A  l  N/A,"47,000  l  23,500",,N/A  l  N/A,,,80.19배,+1.95%,0.27%,"N/A  l  -1,025원","2.15배  l  11,183원",,,
에스텍파마 *,9180.0,90.0,+0.99%,9160.0,9180.0,23563.0,216.0,3718.0,2022-05-22,에스텍파마,041910,167.0,1.0,-3.0,0.82,-1.62,5.74,8.97,686.39,2006.99,-23.0,16.61,10556.0,0.91,,,,"1,092  억원",코스닥 883위,11898263,500원  l  1주,11898263,206516,1.74%,N/A  l  N/A,"13,650  l  8,050",15.88배  l  578원,N/A  l  N/A,"0.87배  l  10,556원",,81.13배,+1.95%,1.09%,,,,,
대봉엘에스 *,9270.0,90.0,+0.98%,9270.0,9290.0,10740.0,99.0,21783.0,2022-05-22,대봉엘에스,078140,224.0,23.0,23.0,10.26,10.12,6.37,18.69,159.83,1897.84,131.0,13.73,9993.0,0.84,,,,"1,028  억원",코스닥 916위,11086579,500원  l  1주,11086579,241214,2.18%,"4.00매수  l  12,000","13,000  l  7,450",15.15배  l  612원,N/A  l  N/A,"0.93배  l  9,993원",,81.13배,+1.95%,0.54%,,,,,
신풍제약우,47000.0,450.0,+0.97%,47000.0,47100.0,3921.0,185.0,5325.0,2022-05-22,신풍제약우,019175,468.0,-70.0,-53.0,-14.92,-11.34,-5.15,11.26,589.94,1259.11,-97.0,-116.31,6792.0,5.7,,,,"1,034  억원",코스피 856위,2200000,500원  l  1주,2200000,8706,0.40%,N/A  l  N/A,"146,500  l  30,950",,N/A  l  N/A,,,80.19배,+1.95%,,N/A  l  -333원,"6.92배  l  6,792원",,,
티움바이오 *,15950.0,150.0,+0.95%,15900.0,15950.0,21547.0,342.0,30387.0,2022-05-22,티움바이오,321550,-1.0,-105.0,-117.0,8075.48,8929.62,-37.2,25.91,938.02,562.35,-444.0,-14.8,3462.0,5.57,,,,"3,824  억원",코스닥 216위,23976226,500원  l  1주,23976226,29527,0.12%,N/A  l  N/A,"27,500  l  15,600","N/A  l  -1,304원",N/A  l  N/A,"4.61배  l  3,462원",,81.13배,+1.95%,,,,,,
휴럼 *,1595.0,15.0,+0.95%,1590.0,1595.0,690316.0,1110.0,553428.0,2022-05-22,휴럼,353190,138.0,-11.0,-43.0,-8.03,-31.15,,32.93,245.59,856.06,-118.0,,956.0,1.78,,,,612  억원,코스닥 1274위,38380420,100원  l  1주,38380420,222246,0.58%,N/A  l  N/A,"4,135  l  1,430",N/A  l  -216원,N/A  l  N/A,1.67배  l  956원,,81.13배,+1.95%,,,,,,
고려제약 *,8660.0,80.0,+0.93%,8650.0,8660.0,9155.0,79.0,15045.0,2022-05-22,고려제약,014570,223.0,48.0,34.0,21.64,15.27,12.26,15.55,334.17,1323.19,310.0,10.86,7112.0,1.26,,,,953  억원,코스닥 969위,11000000,500원  l  1주,11000000,174934,1.59%,N/A  l  N/A,"12,150  l  7,650",10.54배  l  822원,N/A  l  N/A,"1.22배  l  7,112원",,81.13배,+1.95%,1.96%,,,,,
대웅제약,163500.0,1500.0,+0.93%,163500.0,164000.0,20794.0,3419.0,28798.0,2022-05-22,대웅제약,069620,2984.0,230.0,131.0,7.72,4.39,10.73,103.8,74.78,2076.05,1175.0,30.95,53627.0,3.06,,,,"1조  8,944  억원",코스피 149위,11586575,"2,500원  l  1주",11586575,869625,7.51%,"4.00매수  l  217,909","188,500  l  127,000","76.83배  l  2,128원","36.00배  l  4,598원","3.16배  l  51,816원",,81.13배,+1.95%,0.37%,,,,,
현대약품,4945.0,45.0,+0.92%,4945.0,4950.0,53487.0,263.0,60405.0,2022-05-22,현대약품,004310,375.0,26.0,12.0,6.88,3.14,-1.18,84.19,145.23,539.78,37.0,-152.0,3115.0,1.58,,,,"1,582  억원",코스피 688위,32000000,500원  l  1주,32000000,521387,1.63%,N/A  l  N/A,"7,470  l  4,645",,N/A  l  N/A,,,80.19배,+1.95%,,,,N/A  l  -32원,"1.59배  l  3,115원",0.61%
초록뱀헬스케어,1110.0,10.0,+0.91%,1110.0,1115.0,210773.0,233.0,556584.0,2022-05-22,초록뱀헬스케어,118000,24.0,-2.0,23.0,-7.21,94.52,,47.66,147.78,193.75,28.0,,1468.0,1.03,,,,940  억원,코스피 885위,84704985,500원  l  1주,84704985,1056713,1.25%,N/A  l  N/A,"2,325  l  1,065",9.82배  l  113원,N/A  l  N/A,"0.76배  l  1,468원",,81.13배,+1.95%,,,,,,
유유제약,7030.0,60.0,+0.86%,7030.0,7040.0,43882.0,308.0,52003.0,2022-05-22,유유제약,000220,355.0,6.0,-1.0,1.61,-0.21,-2.37,54.7,222.18,460.34,-15.0,-56.9,6335.0,1.28,,,,"1,211  억원",코스피 773위,17232351,"1,000원  l  1주",17232351,377041,2.19%,N/A  l  N/A,"12,200  l  6,220",,N/A  l  N/A,,,80.19배,+1.95%,1.49%,N/A  l  -142원,"1.11배  l  6,335원",,,
씨엔알리서치 *,1925.0,15.0,+0.79%,1925.0,1930.0,40608.0,78.0,62960.0,2022-05-22,씨엔알리서치,359090,-,-,-,,,-0.03,14.53,,1743.97,,-4654.98,,1.44,,,,"1,025  억원",코스닥 919위,53222419,100원  l  1주,53222419,35201,0.07%,N/A  l  N/A,"4,242  l  1,595",N/A  l  -66원,N/A  l  N/A,N/A  l  N/A,,81.13배,+1.95%,,,,,,
종근당홀딩스,64500.0,500.0,+0.78%,64500.0,64700.0,5090.0,326.0,3930.0,2022-05-22,종근당홀딩스,001630,2377.0,-11.0,20.0,-0.47,0.82,2.35,62.9,67.32,4282.91,589.0,28.5,108546.0,0.66,,,,"3,231  억원",코스피 470위,5009861,"2,500원  l  1주",5009861,314204,6.27%,N/A  l  N/A,"111,500  l  63,300","20.21배  l  3,192원",N/A  l  N/A,"0.59배  l  109,358원",,81.13배,+1.95%,2.17%,,,,,
마이더스AI *,2585.0,20.0,+0.78%,2585.0,2590.0,4177973.0,10885.0,28054892.0,2022-05-22,마이더스AI,222810,179.0,14.0,-20.0,7.97,-11.03,-25.03,64.12,88.14,176.6,-49.0,-5.01,1331.0,1.39,,,,891  억원,코스닥 1026위,34484867,500원  l  1주,34484867,0,0.00%,N/A  l  N/A,"2,985  l  1,035",N/A  l  -370원,N/A  l  N/A,"1.94배  l  1,331원",,81.13배,+1.95%,,,,,,
하나제약,19550.0,150.0,+0.77%,19500.0,19550.0,5320.0,103.0,8390.0,2022-05-22,하나제약,293480,507.0,81.0,61.0,15.87,12.02,12.42,34.73,134.16,2754.72,343.0,11.6,14393.0,1.34,,,,"3,475  억원",코스피 447위,17772946,500원  l  1주,17772946,198260,1.12%,"4.00매수  l  28,000","23,900  l  17,750","12.40배  l  1,576원",N/A  l  N/A,"1.34배  l  14,561원",,81.13배,+1.95%,2.61%,,,,,
대웅,28600.0,200.0,+0.70%,28600.0,28650.0,37184.0,1071.0,35024.0,2022-05-22,대웅,003090,4051.0,469.0,457.0,11.57,11.28,11.13,67.13,116.12,2700.41,523.0,22.91,17576.0,1.77,,,,"1조  6,629  억원",코스피 163위,58141980,500원  l  1주,58141980,2640877,4.54%,N/A  l  N/A,"49,550  l  23,850","21.11배  l  1,355원",N/A  l  N/A,"1.63배  l  17,576원",,81.13배,+1.95%,0.35%,,,,,
서울제약 *,6140.0,40.0,+0.66%,6140.0,6160.0,23310.0,144.0,22534.0,2022-05-22,서울제약,018680,115.0,-18.0,-51.0,-15.96,-44.21,-40.53,228.36,63.66,344.78,-599.0,-6.91,2224.0,3.53,,,,523  억원,코스닥 1361위,8524523,500원  l  1주,8524523,182213,2.14%,N/A  l  N/A,"12,250  l  5,760","N/A  l  -1,137원",N/A  l  N/A,"2.76배  l  2,224원",,81.13배,+1.95%,,,,,,
한국파마 *,31500.0,200.0,+0.64%,31500.0,31650.0,16942.0,534.0,30572.0,2022-05-22,한국파마,032300,186.0,13.0,5.0,7.2,2.93,11.58,123.63,333.76,905.29,50.0,72.2,5264.0,7.59,,,,"3,436  억원",코스닥 246위,10906701,500원  l  1주,10906701,32002,0.29%,N/A  l  N/A,"85,500  l  28,800",,N/A  l  N/A,,,80.19배,+1.95%,0.16%,56.96배  l  553원,"5.98배  l  5,264원",,,
위더스제약 *,9450.0,60.0,+0.64%,9440.0,9450.0,16407.0,155.0,34852.0,2022-05-22,위더스제약,330350,176.0,28.0,22.0,15.93,12.53,6.34,45.02,175.09,3002.19,167.0,27.99,6256.0,1.73,,,,"1,247  억원",코스닥 780위,13192778,200원  l  1주,13192778,86024,0.65%,N/A  l  N/A,"17,200  l  9,010",,N/A  l  N/A,,,80.19배,+1.95%,0.51%,24.48배  l  386원,"1.51배  l  6,256원",,,
JW중외제약,24300.0,150.0,+0.62%,24250.0,24300.0,65376.0,1598.0,97851.0,2022-05-22,JW중외제약,001060,1563.0,133.0,94.0,8.52,6.04,2.25,233.65,102.47,264.95,407.0,140.34,8745.0,3.13,,,,"5,389  억원",코스피 333위,22178081,"2,500원  l  1주",22178081,1823490,8.22%,"4.00매수  l  36,333","31,900  l  18,200",N/A  l  -41원,"14.00배  l  1,738원","2.81배  l  8,652원",,81.13배,+1.95%,1.30%,,,,,
이연제약,26350.0,150.0,+0.57%,26350.0,26450.0,72417.0,1904.0,126120.0,2022-05-22,이연제약,102460,372.0,30.0,19.0,7.96,5.1,2.73,96.33,229.78,2579.88,102.0,85.34,13291.0,2.25,,,,"4,743  억원",코스피 364위,17998577,500원  l  1주,17998577,271223,1.51%,N/A  l  N/A,"77,700  l  23,950",86.39배  l  305원,N/A  l  N/A,"1.96배  l  13,436원",,81.13배,+1.95%,0.95%,,,,,
알리코제약 *,7040.0,40.0,+0.57%,7010.0,7040.0,20327.0,142.0,26487.0,2022-05-22,알리코제약,260660,429.0,33.0,29.0,7.69,6.73,7.0,65.35,157.68,1016.47,189.0,21.63,5527.0,1.45,,,,"1,079  억원",코스닥 889위,15327021,500원  l  1주,15327021,206245,1.35%,N/A  l  N/A,"11,750  l  6,280",,N/A  l  N/A,,,80.19배,+1.95%,0.99%,19.08배  l  369원,"1.27배  l  5,527원",,,
유한양행우,56900.0,300.0,+0.53%,56700.0,56900.0,494.0,28.0,371.0,2022-05-22,유한양행우,000105,4240.0,48.0,157.0,1.12,3.71,5.45,27.27,188.33,2687.89,230.0,45.05,28159.0,2.21,,,,672  억원,코스피 976위,1180940,"1,000원  l  1주",1180940,0,0.00%,"4.00매수  l  83,318","72,800  l  53,501","41.26배  l  1,379원","41.00배  l  1,397원","2.02배  l  28,159원",,81.13배,+1.95%,0.72%,,,,,
신신제약 *,5740.0,30.0,+0.53%,5720.0,5740.0,5651.0,32.0,7555.0,2022-05-22,신신제약,002800,181.0,2.0,-1.0,1.23,-0.63,-2.66,108.59,76.9,624.18,-8.0,-66.3,3621.0,1.78,,,,871  억원,코스닥 1048위,15170500,500원  l  1주,15170500,114974,0.76%,N/A  l  N/A,"9,170  l  5,140",N/A  l  -97원,N/A  l  N/A,"1.59배  l  3,621원",,81.13배,+1.95%,,,,,,
유한양행,58500.0,300.0,+0.52%,58400.0,58500.0,167939.0,9815.0,161514.0,2022-05-22,유한양행,000100,4240.0,48.0,157.0,1.12,3.71,5.45,27.27,188.33,2687.89,230.0,45.05,28159.0,2.21,,,,"4조  2,840  억원",코스피 80위,73231476,"1,000원  l  1주",73231476,13085921,17.87%,"4.00매수  l  83,318","67,200  l  54,500","42.42배  l  1,379원","42.00배  l  1,397원","2.08배  l  28,159원",,81.13배,+1.95%,0.65%,,,,,
경동제약 *,10050.0,50.0,+0.50%,10050.0,10100.0,86273.0,869.0,491570.0,2022-05-22,경동제약,011040,469.0,17.0,20.0,3.67,4.33,4.86,12.17,209.76,1674.7,66.0,27.8,9540.0,1.2,,,,"3,092  억원",코스닥 284위,30768766,500원  l  1주,30768766,1558150,5.06%,N/A  l  N/A,"17,650  l  9,700",24.39배  l  412원,N/A  l  N/A,"1.05배  l  9,540원",,81.13배,+1.95%,4.97%,,,,,
일양약품,23850.0,100.0,+0.42%,23850.0,23900.0,21213.0,506.0,20081.0,2022-05-22,일양약품,007570,857.0,111.0,97.0,12.96,11.33,9.25,71.75,76.02,254.96,308.0,26.45,12149.0,2.23,,,,"4,552  억원",코스피 372위,19085664,"2,500원  l  1주",19085664,2005415,10.51%,N/A  l  N/A,"39,800  l  21,600",,N/A  l  N/A,,,80.19배,+1.95%,0.84%,"23.29배  l  1,024원","1.96배  l  12,149원",,,
이수앱지스 *,7140.0,30.0,+0.42%,7140.0,7150.0,95527.0,682.0,74361.0,2022-05-22,이수앱지스,086890,76.0,-43.0,88.0,-56.8,115.75,1.44,109.99,869.25,315.43,266.0,340.81,2168.0,4.05,,,,"2,369  억원",코스닥 391위,33182668,500원  l  1주,33182668,177907,0.54%,N/A  l  N/A,"17,400  l  6,220",274.62배  l  26원,N/A  l  N/A,"3.29배  l  2,168원",,81.13배,+1.95%,,,,,,
SK바이오팜,86300.0,300.0,+0.35%,86300.0,86400.0,77071.0,6653.0,100423.0,2022-05-22,SK바이오팜,326030,411.0,-371.0,-352.0,-90.26,-85.56,-21.62,50.91,317.89,917.87,-450.0,-70.78,5251.0,17.1,,,,"6조  7,584  억원",코스피 53위,78313250,500원  l  1주,78313250,4738226,6.05%,"4.00매수  l  120,000","137,500  l  73,000",104.23배  l  828원,"-76.00배  l  -1,129원","15.22배  l  5,672원",,81.13배,+1.95%,,,,,,
영진약품,4400.0,15.0,+0.34%,4400.0,4405.0,239977.0,1061.0,483257.0,2022-05-22,영진약품,003520,523.0,-8.0,-15.0,-1.51,-2.78,-10.42,96.45,96.62,13.09,-8.0,-84.45,565.0,9.2,,,,"8,047  억원",코스피 269위,182892731,500원  l  1주,182892731,7618321,4.17%,N/A  l  N/A,"6,450  l  4,015",,N/A  l  N/A,,,80.19배,+1.95%,,N/A  l  -62원,7.79배  l  565원,,,
녹십자웰빙 *,8980.0,30.0,+0.34%,8960.0,8980.0,11414.0,102.0,13541.0,2022-05-22,녹십자웰빙,234690,252.0,6.0,5.0,2.2,1.99,7.82,57.43,69.56,899.16,28.0,26.88,4974.0,2.04,,,,"1,594  억원",코스닥 601위,17752276,500원  l  1주,17752276,239489,1.35%,N/A  l  N/A,"14,100  l  8,300",23.76배  l  378원,N/A  l  N/A,"1.81배  l  4,974원",,81.13배,+1.95%,0.89%,,,,,
진양제약 *,6790.0,20.0,+0.30%,6750.0,6790.0,34405.0,233.0,28895.0,2022-05-22,진양제약,007370,175.0,25.0,27.0,14.08,15.43,16.57,50.8,106.51,883.01,225.0,8.98,5844.0,1.2,,,,815  억원,코스닥 1100위,12000000,500원  l  1주,12000000,409619,3.41%,N/A  l  N/A,"9,230  l  5,840",8.54배  l  795원,N/A  l  N/A,"1.16배  l  5,844원",,81.13배,+1.95%,1.47%,,,,,
명문제약,3495.0,10.0,+0.29%,3490.0,3495.0,21959.0,76.0,43935.0,2022-05-22,명문제약,017180,345.0,1.0,9.0,0.16,2.59,-7.71,157.43,35.95,225.59,28.0,-21.26,2402.0,1.7,,,,"1,187  억원",코스피 785위,33953454,500원  l  1주,33953454,444659,1.31%,N/A  l  N/A,"6,400  l  3,300",,N/A  l  N/A,,,80.19배,+1.95%,,N/A  l  -192원,"1.46배  l  2,402원",,,
일동홀딩스,40200.0,100.0,+0.25%,40200.0,40250.0,608236.0,24198.0,578896.0,2022-05-22,일동홀딩스,000230,1506.0,-269.0,-1074.0,-17.83,-71.28,-80.54,402.22,50.99,327.64,-4352.0,-2.41,4723.0,3.13,,,,"4,639  억원",코스피 369위,11540400,"1,000원  l  1주",11540400,120768,1.05%,N/A  l  N/A,"59,200  l  10,950","N/A  l  -6,143원",N/A  l  N/A,"8.51배  l  4,723원",,81.13배,+1.95%,0.25%,,,,,
JW홀딩스,3955.0,10.0,+0.25%,3955.0,3990.0,23516.0,93.0,68328.0,2022-05-22,JW홀딩스,096760,2314.0,269.0,-158.0,11.61,-6.85,-2.74,249.64,60.3,225.94,-157.0,-86.97,1356.0,2.53,,,,"2,786  억원",코스피 527위,70444706,500원  l  1주,70444706,1673696,2.38%,N/A  l  N/A,"4,687  l  3,069",N/A  l  -39원,N/A  l  N/A,"2.92배  l  1,356원",,81.13배,+1.95%,2.21%,,,,,
바이오플러스 *,24300.0,50.0,+0.21%,24300.0,24350.0,65184.0,1586.0,82053.0,2022-05-22,바이오플러스,099430,111.0,46.0,32.0,41.53,28.83,18.78,9.86,663.33,1104.64,228.0,35.5,5617.0,4.9,,,,"3,519  억원",코스닥 242위,14482716,500원  l  1주,14482716,167193,1.15%,"4.00매수  l  35,333","43,000  l  20,350",29.45배  l  825원,"16.00배  l  1,489원","4.33배  l  5,617원",,81.13배,+1.95%,,,,,,
일양약품우,26000.0,50.0,+0.19%,25900.0,26000.0,504.0,12.0,91.0,2022-05-22,일양약품우,007575,857.0,111.0,97.0,12.96,11.33,9.25,71.75,76.02,254.96,308.0,26.45,12149.0,2.23,,,,116  억원,코스피 1441위,445080,"2,500원  l  1주",445080,1172,0.26%,N/A  l  N/A,"41,400  l  24,000",,N/A  l  N/A,,,80.19배,+1.95%,0.87%,"25.39배  l  1,024원","2.14배  l  12,149원",,,
진바이오텍 *,5370.0,10.0,+0.19%,5370.0,5420.0,505366.0,2692.0,329413.0,2022-05-22,진바이오텍,086060,191.0,5.0,4.0,2.63,1.9,0.77,40.39,194.12,721.03,42.0,125.52,5124.0,0.96,,,,462  억원,코스닥 1398위,8610587,500원  l  1주,8610587,46494,0.54%,N/A  l  N/A,"8,220  l  4,310",,N/A  l  N/A,,,80.19배,+1.95%,,137.69배  l  39원,"1.05배  l  5,124원",,,
동아에스티,64500.0,100.0,+0.16%,64500.0,64600.0,4644.0,299.0,17748.0,2022-05-22,동아에스티,170900,1563.0,82.0,17.0,5.22,1.11,2.15,81.22,115.29,1102.97,206.0,42.86,76946.0,0.91,,,,"5,448  억원",코스피 332위,8446510,"5,000원  l  1주",8446510,1689902,20.01%,"4.00매수  l  82,750","101,000  l  63,300","42.49배  l  1,518원","28.00배  l  2,332원","0.83배  l  77,762원",,81.13배,+1.95%,1.55%,,,,,
종근당바이오,32700.0,50.0,+0.15%,32700.0,33200.0,7875.0,259.0,7038.0,2022-05-22,종근당바이오,063160,469.0,-3.0,-12.0,-0.63,-2.57,-3.57,85.17,90.36,1068.81,-220.0,-34.35,29223.0,1.25,,,,"1,794  억원",코스피 649위,5485962,"2,500원  l  1주",5485962,54222,0.99%,N/A  l  N/A,"64,000  l  31,000","N/A  l  -1,199원",N/A  l  N/A,"1.11배  l  29,437원",,81.13배,+1.95%,0.31%,,,,,
삼일제약,8160.0,10.0,+0.12%,8160.0,8170.0,33018.0,269.0,23129.0,2022-05-22,삼일제약,000520,459.0,23.0,3.0,5.12,0.73,-8.66,268.47,56.54,919.22,25.0,-21.08,5179.0,1.7,,,,"1,118  억원",코스피 822위,13701645,500원  l  1주,13701645,411023,3.00%,N/A  l  N/A,"11,700  l  7,110",,N/A  l  N/A,,,80.19배,+1.95%,0.98%,N/A  l  -416원,"1.58배  l  5,179원",,,
동성제약,7980.0,0.0,0.00%,7970.0,7980.0,14999.0,119.0,17775.0,2022-05-22,동성제약,002210,208.0,-27.0,-30.0,-12.93,-14.27,-8.51,125.2,86.37,108.23,-114.0,-50.72,2008.0,4.17,,,,"2,083  억원",코스피 613위,26100970,"1,000원  l  1주",26100970,1262281,4.84%,N/A  l  N/A,"11,600  l  7,440",N/A  l  -165원,N/A  l  N/A,"3.97배  l  2,008원",,81.13배,+1.95%,,,,,,
HLB제약 *,18000.0,0.0,0.00%,18000.0,18050.0,1869638.0,33661.0,12880932.0,2022-05-22,HLB제약,047920,176.0,-9.0,16.0,-4.89,8.99,-21.5,62.83,85.96,471.49,63.0,-23.55,3004.0,4.49,,,,"4,820  억원",코스닥 162위,26775321,500원  l  1주,26775321,111611,0.42%,N/A  l  N/A,"30,200  l  7,860",N/A  l  -573원,N/A  l  N/A,"5.99배  l  3,004원",,81.13배,+1.95%,,,,,,
한국유니온제약 *,8380.0,0.0,0.00%,8380.0,8410.0,17428.0,146.0,12219.0,2022-05-22,한국유니온제약,080720,115.0,-73.0,-66.0,-63.84,-57.62,-18.41,127.44,108.0,1340.17,-836.0,-7.22,6934.0,1.46,,,,662  억원,코스닥 1226위,7903728,500원  l  1주,7903728,54724,0.69%,N/A  l  N/A,"16,400  l  8,110","N/A  l  -1,406원",N/A  l  N/A,"1.21배  l  6,934원",,81.13배,+1.95%,,,,,,
코오롱생명과학 *,33750.0,0.0,0.00%,33700.0,33750.0,15724.0,530.0,23880.0,2022-05-22,코오롱생명과학,102940,445.0,-12.0,-84.0,-2.67,-18.85,-1.75,136.05,54.49,1814.13,-734.0,-358.99,8720.0,4.96,,,,"3,852  억원",코스닥 215위,11412356,500원  l  1주,11412356,241148,2.11%,N/A  l  N/A,"46,450  l  23,150",N/A  l  -120원,N/A  l  N/A,"3.87배  l  8,720원",,81.13배,+1.95%,,,,,,
비씨월드제약 *,11800.0,0.0,0.00%,11750.0,11800.0,13437.0,159.0,10516.0,2022-05-22,비씨월드제약,200780,159.0,11.0,6.0,6.69,3.61,2.43,103.25,31.49,5779.34,63.0,47.79,12164.0,1.11,,,,"1,049  억원",코스닥 902위,8892384,200원  l  1주,8892384,256506,2.88%,N/A  l  N/A,"23,050  l  11,350",,N/A  l  N/A,,,80.19배,+1.95%,0.85%,41.99배  l  281원,"0.97배  l  12,164원",,,
지엘팜텍 *,1035.0,0.0,0.00%,1030.0,1035.0,648993.0,665.0,1024311.0,2022-05-22,지엘팜텍,204840,42,-,-4,-0.07,-10.45,-23.92,82.47,203.12,169.46,-8,-18.47,272,4.55,,,,643  억원,코스닥 1247위,62104061,100원  l  1주,62104061,219859,0.35%,N/A  l  N/A,"1,690  l  801",N/A  l  -67원,N/A  l  N/A,3.81배  l  272원,,81.13배,+1.95%,,,,,,
뉴트리 *,16700.0,0.0,0.00%,16650.0,16700.0,13518.0,225.0,14800.0,2022-05-22,뉴트리,270870,518.0,8.0,28.0,1.58,5.5,24.05,56.35,280.56,2029.33,304.0,10.16,10475.0,2.1,,,,"1,536  억원",코스닥 628위,9200224,500원  l  1주,9200224,282805,3.07%,N/A  l  N/A,"40,650  l  16,500","7.73배  l  2,161원",N/A  l  N/A,"1.59배  l  10,475원",,81.13배,+1.95%,1.50%,,,,,
씨케이에이치 *,259.0,0.0,0.00%,259.0,261.0,348876.0,91.0,744722.0,2022-05-22,씨케이에이치,900120,213.0,-5.0,-3.0,-2.23,-1.4,1.17,2.76,710.22,4968.75,-2.0,6.71,3290.0,0.08,,,,319  억원,코스닥 1468위,123012232,0.05 USD  l  1주,123012232,25270419,20.54%,N/A  l  N/A,445  l  210,7.00배  l  37원,N/A  l  N/A,"0.08배  l  3,290원",,80.19배,+1.95%,,,,,,
일성신약,81700.0,100.0,-0.12%,81600.0,81700.0,1149.0,93.0,614.0,2022-05-22,일성신약,003120,151.0,3.0,5.0,2.21,3.52,1.41,8.19,1076.16,3144.57,199.0,43.7,229136.0,0.34,,,,"2,173  억원",코스피 605위,2660000,"5,000원  l  1주",2660000,51471,1.94%,N/A  l  N/A,"92,500  l  68,900",,N/A  l  N/A,,,80.19배,+1.95%,0.92%,"45.19배  l  1,808원","0.36배  l  229,136원",,,
에이디엠코리아 *,4070.0,5.0,-0.12%,4070.0,4075.0,162134.0,661.0,265210.0,2022-05-22,에이디엠코리아,187660,40.0,7.0,5.0,18.51,12.77,,14.67,705.22,1482.01,26.0,,1538.0,3.86,,,,889  억원,코스닥 1030위,21836250,100원  l  1주,21836250,102491,0.47%,N/A  l  N/A,"11,000  l  3,925",42.40배  l  96원,N/A  l  N/A,"2.65배  l  1,538원",,81.13배,+1.95%,,,,,,
광동제약,6780.0,10.0,-0.15%,6780.0,6800.0,68816.0,467.0,77302.0,2022-05-22,광동제약,009290,3608.0,123.0,69.0,3.41,1.9,4.92,67.64,101.55,931.76,126.0,16.22,12151.0,0.61,,,,"3,554  억원",코스피 440위,52420851,"1,000원  l  1주",52420851,9923545,18.93%,N/A  l  N/A,"9,900  l  6,390",14.80배  l  458원,N/A  l  N/A,"0.56배  l  12,151원",,81.13배,+1.95%,1.48%,,,,,
코스맥스엔비티 *,5860.0,10.0,-0.17%,5810.0,5860.0,52653.0,307.0,49857.0,2022-05-22,코스맥스엔비티,222040,713.0,8.0,-15.0,1.13,-2.08,-11.3,431.47,54.05,432.07,-56.0,-18.65,2684.0,2.15,,,,"1,209  억원",코스닥 803위,20628000,500원  l  1주,20628000,290639,1.41%,"4.00매수  l  11,000","12,900  l  4,670",N/A  l  -310원,N/A  l  N/A,"2.18배  l  2,684원",,81.13배,+1.95%,,,,,,
카이노스메드 *,2405.0,5.0,-0.21%,2400.0,2405.0,148720.0,358.0,150353.0,2022-05-22,카이노스메드,284620,13.0,-14.0,-28.0,-113.88,-221.03,-132.58,187.37,143.72,-6.66,-26.0,-16.59,110.0,23.14,,,,"2,659  억원",코스닥 342위,110565888,100원  l  1주,110565888,4115977,3.72%,N/A  l  N/A,"4,480  l  1,725",N/A  l  -153원,N/A  l  N/A,21.86배  l  110원,,81.13배,+1.95%,,,,,,
한창바이오텍 *,1715.0,5.0,-0.29%,1705.0,1715.0,54896.0,94.0,125900.0,2022-05-22,한창바이오텍,043090,17.0,-4.0,17.0,-22.96,101.16,0.38,74.45,69.07,120.4,45.0,638.94,929.0,2.13,,,,648  억원,코스닥 1237위,37789743,500원  l  1주,37789743,164945,0.44%,N/A  l  N/A,"3,400  l  1,180",,N/A  l  N/A,,,80.19배,+1.95%,,171.50배  l  10원,1.85배  l  929원,,,
옵티팜 *,9470.0,30.0,-0.32%,9460.0,9470.0,17406.0,164.0,38380.0,2022-05-22,옵티팜,153710,42,-4,-,-8.85,0.77,-9.52,32.99,310.90,294.28,2,-44.47,2122,4.44,,,,"1,389  억원",코스닥 690위,14669958,500원  l  1주,14669958,60159,0.41%,N/A  l  N/A,"17,950  l  8,700",N/A  l  -212원,N/A  l  N/A,"4.46배  l  2,122원",,81.13배,+1.95%,,,,,,
삼진제약,24750.0,100.0,-0.40%,24750.0,25000.0,24336.0,602.0,15655.0,2022-05-22,삼진제약,005500,608.0,51.0,36.0,8.38,5.97,11.52,55.88,101.1,1717.78,261.0,13.9,18529.0,1.36,,,,"3,440  억원",코스피 450위,13900000,"1,000원  l  1주",13900000,1123886,8.09%,"4.00매수  l  34,000","30,500  l  23,400",,N/A  l  N/A,,,80.19배,+1.95%,3.23%,"13.64배  l  1,815원","1.34배  l  18,529원",,,
아미노로직스 *,2490.0,10.0,-0.40%,2490.0,2500.0,3820470.0,9686.0,4620539.0,2022-05-22,아미노로직스,074430,65.0,9.0,-10.0,14.03,-15.51,9.49,9.85,594.72,579.19,-12.0,35.97,676.0,3.25,,,,"2,187  억원",코스닥 432위,87826844,100원  l  1주,87826844,737859,0.84%,N/A  l  N/A,"4,005  l  1,805",40.82배  l  61원,N/A  l  N/A,3.68배  l  676원,,81.13배,+1.95%,,,,,,
코스맥스비티아이,12000.0,50.0,-0.41%,12000.0,12100.0,5149.0,61.0,6602.0,2022-05-22,코스맥스비티아이,044820,1517.0,21.0,17.0,1.4,1.14,4.29,176.18,50.77,7025.38,315.0,9.89,32816.0,0.41,,,,"1,152  억원",코스피 802위,9603921,500원  l  1주,9603921,460314,4.79%,N/A  l  N/A,"21,550  l  10,850","8.15배  l  1,472원",N/A  l  N/A,"0.37배  l  32,252원",,81.13배,+1.95%,2.17%,,,,,
동화약품,11850.0,50.0,-0.42%,11800.0,11850.0,93155.0,1108.0,93821.0,2022-05-22,동화약품,000020,853.0,91.0,58.0,10.61,6.8,5.22,27.69,240.82,1138.96,187.0,21.59,12519.0,1.09,,,,"3,310  억원",코스피 462위,27931470,"1,000원  l  1주",27931470,1085662,3.89%,N/A  l  N/A,"21,550  l  11,250",,N/A  l  N/A,,,80.19배,+1.95%,1.52%,18.75배  l  632원,"0.95배  l  12,519원",,,
에스씨엠생명과학 *,10700.0,50.0,-0.47%,10700.0,10750.0,37398.0,398.0,59776.0,2022-05-22,에스씨엠생명과학,298060,1.0,-15.0,-67.0,-1277.94,-5716.27,-41.82,21.14,230.01,626.99,-557.0,-10.34,3711.0,5.24,,,,"1,297  억원",코스닥 752위,12120570,500원  l  1주,12120570,764922,6.31%,N/A  l  N/A,"35,250  l  10,000","N/A  l  -1,882원",N/A  l  N/A,"2.88배  l  3,711원",,81.13배,+1.95%,,,,,,
큐라클 *,21400.0,100.0,-0.47%,21350.0,21400.0,148160.0,3195.0,300952.0,2022-05-22,큐라클,365270,63.0,19.0,21.0,30.06,33.64,,19.11,1528.27,679.79,155.0,,4020.0,5.64,,,,"2,950  억원",코스닥 302위,13785968,500원  l  1주,13785968,67529,0.49%,N/A  l  N/A,"62,400  l  11,850",N/A  l  -541원,N/A  l  N/A,"5.32배  l  4,019원",,81.13배,+1.95%,,,,,,
에이치엘사이언스 *,38800.0,200.0,-0.51%,38700.0,38800.0,2526.0,98.0,7590.0,2022-05-22,에이치엘사이언스,239610,199.0,23.0,29.0,11.8,14.82,,9.73,685.75,4067.82,547.0,,20444.0,1.75,,,,"2,092  억원",코스닥 447위,5392115,500원  l  1주,5392115,31695,0.59%,N/A  l  N/A,"40,500  l  26,750","15.45배  l  2,511원",N/A  l  N/A,"1.90배  l  20,444원",,81.13배,+1.95%,1.03%,,,,,
화일약품 *,2845.0,15.0,-0.52%,2845.0,2850.0,316118.0,904.0,643678.0,2022-05-22,화일약품,061250,317.0,18.0,20.0,5.6,6.38,2.18,7.28,636.3,451.26,30.0,58.88,2781.0,1.29,,,,"1,936  억원",코스닥 483위,68052006,500원  l  1주,68052006,683190,1.00%,N/A  l  N/A,"4,360  l  1,970",,N/A  l  N/A,,,80.19배,+1.95%,,46.64배  l  61원,"1.02배  l  2,781원",,,
유유제약2우B,18650.0,100.0,-0.53%,18650.0,18700.0,498.0,9.0,791.0,2022-05-22,유유제약2우B,000227,355.0,6.0,-1.0,1.61,-0.21,-2.37,54.7,222.18,460.34,-15.0,-56.9,6335.0,1.28,,,,61  억원,코스피 1696위,325560,"1,000원  l  1주",325560,80,0.02%,N/A  l  N/A,"37,600  l  15,050",,N/A  l  N/A,,,80.19배,+1.95%,0.59%,N/A  l  -142원,"2.94배  l  6,335원",,,
국제약품,5550.0,30.0,-0.54%,5550.0,5580.0,47767.0,265.0,127487.0,2022-05-22,국제약품,002720,333.0,31.0,21.0,9.3,6.45,-0.37,106.52,63.44,126.73,106.0,-422.02,3660.0,1.51,,,,"1,121  억원",코스피 818위,20195149,"1,000원  l  1주",20195149,393411,1.95%,N/A  l  N/A,"9,051  l  4,559",,N/A  l  N/A,,,80.19배,+1.95%,,N/A  l  -13원,"1.52배  l  3,660원",,,
대원제약,16800.0,100.0,-0.59%,16800.0,16850.0,107648.0,1821.0,110052.0,2022-05-22,대원제약,003220,1171.0,139.0,102.0,11.89,8.69,11.96,100.55,105.48,2017.75,481.0,15.37,10611.0,1.7,,,,"3,670  억원",코스피 432위,21842836,500원  l  1주,21842836,3295447,15.09%,"4.00매수  l  23,538","23,712  l  13,341",52.50배  l  320원,"14.00배  l  1,172원","1.63배  l  10,335원",,81.13배,+1.95%,1.16%,,,,,
동구바이오제약 *,7230.0,50.0,-0.69%,7220.0,7230.0,42386.0,307.0,38088.0,2022-05-22,동구바이오제약,006620,402.0,24.0,19.0,6.09,4.66,,54.59,72.91,633.9,66.0,,3571.0,2.3,,,,"2,058  억원",코스닥 456위,28464992,500원  l  1주,28464992,234150,0.82%,N/A  l  N/A,"10,900  l  6,450",22.04배  l  328원,N/A  l  N/A,"2.02배  l  3,571원",,81.13배,+1.95%,1.38%,,,,,
비엘팜텍 *,1185.0,10.0,-0.84%,1185.0,1190.0,326290.0,388.0,426341.0,2022-05-22,비엘팜텍,065170,252.0,-26.0,-65.0,-10.27,-25.73,-32.44,98.97,93.29,40.03,-74.0,-5.69,658.0,1.99,,,,"1,054  억원",코스닥 899위,88970559,500원  l  1주,88970559,4643458,5.22%,N/A  l  N/A,"2,155  l  1,120",N/A  l  -230원,N/A  l  N/A,1.80배  l  657원,,81.13배,+1.95%,,,,,,
팜젠사이언스,8200.0,70.0,-0.85%,8200.0,8250.0,108648.0,892.0,116245.0,2022-05-22,팜젠사이언스,004720,410.0,32.0,579.0,7.86,141.43,45.95,69.15,95.6,2306.54,3757.0,2.08,12225.0,0.78,,,,"1,269  억원",코스피 759위,15477041,500원  l  1주,15477041,232675,1.50%,N/A  l  N/A,"15,900  l  7,310","3.73배  l  2,200원",N/A  l  N/A,"0.98배  l  8,356원",,81.13배,+1.95%,,,,,,
디에이치피코리아 *,7120.0,70.0,-0.97%,7120.0,7130.0,22163.0,158.0,17159.0,2022-05-22,디에이치피코리아,131030,136.0,22.0,35.0,15.92,25.82,8.04,10.25,714.07,1472.32,212.0,11.34,7918.0,0.85,,,,"1,150  억원",코스닥 850위,16153162,500원  l  1주,16153162,668366,4.14%,N/A  l  N/A,"8,600  l  6,420",11.93배  l  597원,N/A  l  N/A,"0.90배  l  7,918원",,81.13배,+1.95%,1.40%,,,,,
동아쏘시오홀딩스,101000.0,1000.0,-0.98%,101000.0,102000.0,2808.0,285.0,1578.0,2022-05-22,동아쏘시오홀딩스,000640,2341.0,176.0,-189.0,7.52,-8.06,6.5,71.71,50.4,3414.36,-3010.0,11.96,154410.0,0.74,,,,"6,412  억원",코스피 306위,6348913,"5,000원  l  1주",6348913,787777,12.41%,"4.00매수  l  152,500","140,000  l  92,100","10.50배  l  9,615원","10.00배  l  10,259원","0.65배  l  154,410원",,81.13배,+1.95%,1.49%,,,,,
조아제약 *,3385.0,35.0,-1.02%,3385.0,3390.0,1370152.0,4733.0,2587886.0,2022-05-22,조아제약,034940,150.0,-20.0,-35.0,-13.46,-23.31,-14.87,66.41,137.53,224.95,-107.0,-14.48,1611.0,2.33,,,,"1,049  억원",코스닥 904위,30979827,500원  l  1주,30979827,373764,1.21%,N/A  l  N/A,"5,420  l  2,945",N/A  l  -260원,N/A  l  N/A,"2.10배  l  1,611원",,81.13배,+1.95%,,,,,,
프롬바이오 *,8600.0,90.0,-1.04%,8600.0,8610.0,42624.0,368.0,44580.0,2022-05-22,프롬바이오,377220,305.0,-1.0,23.0,-0.47,7.62,,14.2,436.08,5863.89,164.0,,5964.0,1.83,,,,"1,217  억원",코스닥 796위,14155000,100원  l  1주,14155000,31200,0.22%,N/A  l  N/A,"24,250  l  7,880",9.51배  l  904원,N/A  l  N/A,"1.44배  l  5,964원",,81.13배,+1.95%,,,,,,
삼아제약 *,17750.0,200.0,-1.11%,17750.0,17800.0,12916.0,231.0,18939.0,2022-05-22,삼아제약,009300,179.0,37.0,30.0,20.72,16.93,2.0,9.97,500.29,2578.48,477.0,36.34,28185.0,0.69,,,,"1,131  억원",코스닥 858위,6370000,"1,000원  l  1주",6370000,278406,4.37%,N/A  l  N/A,"27,100  l  15,250",33.36배  l  532원,N/A  l  N/A,"0.63배  l  28,185원",,81.13배,+1.95%,1.41%,,,,,
HLB테라퓨틱스 *,12900.0,200.0,-1.53%,12850.0,12900.0,1904319.0,25086.0,9936604.0,2022-05-22,HLB테라퓨틱스,115450,123.0,-29.0,-66.0,-23.66,-54.08,-17.14,45.89,195.09,639.57,-222.0,-21.92,3825.0,3.7,,,,"4,042  억원",코스닥 200위,31335211,500원  l  1주,31335211,1452666,4.64%,N/A  l  N/A,"19,300  l  7,450",N/A  l  -623원,N/A  l  N/A,"3.37배  l  3,825원",,81.13배,+1.95%,,,,,,
에이프로젠 H&G *,571.0,14.0,-2.39%,571.0,574.0,870121.0,498.0,102846.0,2022-05-22,에이프로젠 H&G,109960,21.0,-3.0,14.0,-12.51,64.61,1.71,1.84,3479.24,153.13,8.0,28.52,1248.0,0.49,,,,"1,020  억원",코스닥 925위,178695217,500원  l  1주,178695217,1182293,0.66%,N/A  l  N/A,"1,130  l  550",,N/A  l  N/A,,,80.19배,+1.95%,,25.95배  l  22원,"0.46배  l  1,248원",,,
더블유에스아이 *,2530.0,70.0,-2.69%,2530.0,2540.0,70675.0,181.0,60001.0,2022-05-22,더블유에스아이,299170,74.0,16.0,42.0,21.03,56.44,24.71,57.17,243.57,1022.24,141.0,9.92,1105.0,2.19,,,,760  억원,코스닥 1150위,30027963,100원  l  1주,30027963,52433,0.17%,N/A  l  N/A,"3,515  l  2,285",10.33배  l  245원,N/A  l  N/A,"2.29배  l  1,105원",,81.13배,+1.95%,,,,,,
JW생명과학,13600.0,400.0,-2.86%,13600.0,13850.0,42867.0,588.0,33224.0,2022-05-22,JW생명과학,234080,438.0,68.0,46.0,15.6,10.57,9.12,79.1,66.91,241.36,293.0,19.67,8291.0,1.76,,,,"2,153  억원",코스피 607위,15834554,"2,500원  l  1주",15834554,423476,2.67%,N/A  l  N/A,"19,700  l  12,200",,N/A  l  N/A,,,80.19배,+1.95%,3.68%,18.33배  l  742원,"1.64배  l  8,291원",,,
일동제약,44350.0,1350.0,-2.95%,44350.0,44400.0,1212136.0,54068.0,1106649.0,2022-05-22,일동제약,249420,1427.0,-185.0,-943.0,-12.95,-66.06,-48.94,341.49,59.3,539.05,-3938.0,-8.02,6429.0,5.23,,,,"1조  1,887  억원",코스피 208위,26803285,"1,000원  l  1주",26803285,421622,1.57%,N/A  l  N/A,"79,500  l  12,400","N/A  l  -4,189원",N/A  l  N/A,"6.90배  l  6,429원",,81.13배,+1.95%,,,,,,
비피도 *,9500.0,330.0,-3.36%,9500.0,9520.0,133940.0,1279.0,125503.0,2022-05-22,비피도,238200,36.0,2.0,-6.0,5.15,-15.82,9.44,7.91,629.6,1138.12,-70.0,19.84,6191.0,1.76,,,,777  억원,코스닥 1129위,8180000,500원  l  1주,8180000,74530,0.91%,N/A  l  N/A,"19,900  l  8,120",17.30배  l  549원,N/A  l  N/A,"1.53배  l  6,191원",,81.13배,+1.95%,,,,,,
노바렉스 *,34150.0,1700.0,-4.74%,34100.0,34150.0,83593.0,2882.0,47948.0,2022-05-22,노바렉스,194700,796.0,94.0,80.0,11.75,10.06,20.68,81.93,72.84,2995.42,885.0,13.11,17566.0,2.19,,,,"3,075  억원",코스닥 286위,9003740,500원  l  1주,9003740,214019,2.38%,"4.00매수  l  54,333","50,700  l  31,250","11.65배  l  2,932원","9.00배  l  3,724원","1.94배  l  17,566원",,81.13배,+1.95%,0.88%,,,,,
에이프로젠제약,642.0,132.0,-17.05%,642.0,643.0,32469227.0,21491.0,238339.0,2022-05-22,에이프로젠제약,003060,169.0,-12.0,34.0,-7.3,19.95,1.77,3.11,3182.25,155.17,7.0,36.43,1279.0,0.64,,,,"2,559  억원",코스피 556위,398575767,500원  l  1주,398575767,13900721,3.49%,N/A  l  N/A,"1,365  l  711",,N/A  l  N/A,,,80.19배,+1.95%,,27.91배  l  23원,"0.50배  l  1,279원",,,
프레스티지바이오파마,13550.0,5750.0,-29.79%,0.0,13550.0,3064113.0,42026.0,436132.0,2022-05-22,프레스티지바이오파마,950210,,-88.0,-139.0,,,,12.12,693.58,-8.63,-231.0,-38.93,9632.0,2.16,,,,"8,143  억원",코스피 264위,60096155,,60096155,37272117,62.02%,"4.00매수  l  32,000","40,850  l  12,850",N/A  l  -538원,N/A  l  N/A,"1.41배  l  9,632원",,80.19배,+1.95%,,,,,,
프레스티지바이오로직스 *,4970.0,2120.0,-29.90%,4970.0,4975.0,3422971.0,17620.0,185727.0,2022-05-22,프레스티지바이오로직스,334970,28.0,-91.0,-147.0,-321.87,-520.17,-74.7,93.55,159.06,343.7,-311.0,-10.85,2263.0,4.24,,,,"2,352  억원",코스닥 394위,47320139,500원  l  1주,47320139,9543895,20.17%,N/A  l  N/A,"17,600  l  6,510",N/A  l  -885원,N/A  l  N/A,"2.20배  l  2,263원",,81.13배,+1.95%,,,,,,
